,Repetition,Variable,Jee2,Jie2,Jei2,Jii2,Jee,Jii,Jei,Jme,Jmi
0,0,0.0,0.0,53.67070081592342,70.5453193761369,0.0,5.850100857410972,54.54840085624238,81.43059718729907,196.57322764818196,299.6402746150135
1,0,0.025,0.0,53.67070081592342,70.5453193761369,0.0,5.850100857410972,54.54840085624238,81.43059718729907,196.57322764818196,299.6402746150135
2,0,0.05,0.0,53.67070081592342,70.5453193761369,0.0,5.850100857410972,54.54840085624238,81.43059718729907,196.57322764818196,299.6402746150135
3,0,0.07500000000000001,0.0,53.67070081592342,70.5453193761369,0.0,5.850100857410972,54.54840085624238,81.43059718729907,196.57322764818196,299.6402746150135
4,0,0.1,0.0,53.67070081592342,70.5453193761369,0.0,5.850100857410972,54.54840085624238,81.43059718729907,196.57322764818196,299.6402746150135
5,0,0.125,0.0,53.67070081592342,70.5453193761369,0.0,5.850100857410972,54.54840085624238,81.43059718729907,196.57322764818196,299.6402746150135
6,0,0.15000000000000002,0.0,53.67070081592342,70.5453193761369,0.0,5.850100857410972,54.54840085624238,81.43059718729907,196.57322764818196,299.6402746150135
7,0,0.17500000000000002,0.0,53.67070081592342,70.5453193761369,0.0,5.850100857410972,54.54840085624238,81.43059718729907,196.57322764818196,299.6402746150135
8,0,0.2,0.0,53.67070081592342,70.5453193761369,0.0,5.850100857410972,54.54840085624238,81.43059718729907,196.57322764818196,299.6402746150135
9,0,0.225,0.0,53.67070081592342,70.5453193761369,0.0,5.850100857410972,54.54840085624238,81.43059718729907,196.57322764818196,299.6402746150135
10,0,0.25,0.0,53.67070081592342,70.5453193761369,0.0,5.850100857410972,54.54840085624238,81.43059718729907,196.57322764818196,299.6402746150135
11,0,0.275,0.0,53.67070081592342,70.5453193761369,0.0,5.850100857410972,54.54840085624238,81.43059718729907,196.57322764818196,299.6402746150135
12,0,0.30000000000000004,0.0,53.67070081592342,70.5453193761369,0.0,5.850100857410972,54.54840085624238,81.43059718729907,196.57322764818196,299.6402746150135
13,0,0.325,0.0,53.67070081592342,70.5453193761369,0.0,5.850100857410972,54.54840085624238,81.43059718729907,196.57322764818196,299.6402746150135
14,0,0.35000000000000003,0.0,53.67070081592342,70.5453193761369,0.0,5.850100857410972,54.54840085624238,81.43059718729907,196.57322764818196,299.6402746150135
15,0,0.375,0.0,53.67070081592342,70.5453193761369,0.0,5.850100857410972,54.54840085624238,81.43059718729907,196.57322764818196,299.6402746150135
16,0,0.4,0.0,53.67070081592342,70.5453193761369,0.0,5.850100857410972,54.54840085624238,81.43059718729907,196.57322764818196,299.6402746150135
17,0,0.42500000000000004,0.0,53.67070081592342,70.5453193761369,0.0,5.850100857410972,54.54840085624238,81.43059718729907,196.57322764818196,299.6402746150135
18,0,0.45,0.0,53.67070081592342,70.5453193761369,0.0,5.850100857410972,54.54840085624238,81.43059718729907,196.57322764818196,299.6402746150135
19,0,0.47500000000000003,0.0,53.67070081592342,70.5453193761369,0.0,5.850100857410972,54.54840085624238,81.43059718729907,196.57322764818196,299.6402746150135
20,0,0.5,0.0,53.67070081592342,70.5453193761369,0.0,5.850100857410972,54.54840085624238,81.43059718729907,196.57322764818196,299.6402746150135
21,0,0.525,0.0,53.67070081592342,70.5453193761369,0.0,5.850100857410972,54.54840085624238,81.43059718729907,196.57322764818196,299.6402746150135
22,0,0.55,0.0,53.67070081592342,70.5453193761369,0.0,5.850100857410972,54.54840085624238,81.43059718729907,196.57322764818196,299.6402746150135
23,0,0.5750000000000001,0.0,53.67070081592342,70.5453193761369,0.0,5.850100857410972,54.54840085624238,81.43059718729907,196.57322764818196,299.6402746150135
24,0,0.6000000000000001,0.0,53.67070081592342,70.5453193761369,0.0,5.850100857410972,54.54840085624238,81.43059718729907,196.57322764818196,299.6402746150135
25,0,0.625,0.0,53.67070081592342,70.5453193761369,0.0,5.850100857410972,54.54840085624238,81.43059718729907,196.57322764818196,299.6402746150135
26,0,0.65,0.0,53.67070081592342,70.5453193761369,0.0,5.850100857410972,54.54840085624238,81.43059718729907,196.57322764818196,299.6402746150135
27,0,0.675,0.0,53.67070081592342,70.5453193761369,0.0,5.850100857410972,54.54840085624238,81.43059718729907,196.57322764818196,299.6402746150135
28,0,0.7000000000000001,0.0,53.67070081592342,70.5453193761369,0.0,5.850100857410972,54.54840085624238,81.43059718729907,196.57322764818196,299.6402746150135
29,0,0.7250000000000001,0.0,53.67070081592342,70.5453193761369,0.0,5.850100857410972,54.54840085624238,81.43059718729907,196.57322764818196,299.6402746150135
30,0,0.75,0.0,53.67070081592342,70.5453193761369,0.0,5.850100857410972,54.54840085624238,81.43059718729907,196.57322764818196,299.6402746150135
31,0,0.775,0.0,53.67070081592342,70.5453193761369,0.0,5.850100857410972,54.54840085624238,81.43059718729907,196.57322764818196,299.6402746150135
32,0,0.8,0.0,53.67070081592342,70.5453193761369,0.0,5.850100857410972,54.54840085624238,81.43059718729907,196.57322764818196,299.6402746150135
33,0,0.8250000000000001,0.0,53.67070081592342,70.5453193761369,0.0,5.850100857410972,54.54840085624238,81.43059718729907,196.57322764818196,299.6402746150135
34,0,0.8500000000000001,0.0,53.67070081592342,70.5453193761369,0.0,5.850100857410972,54.54840085624238,81.43059718729907,196.57322764818196,299.6402746150135
35,0,0.875,0.0,53.67070081592342,70.5453193761369,0.0,5.850100857410972,54.54840085624238,81.43059718729907,196.57322764818196,299.6402746150135
36,0,0.9,0.0,53.67070081592342,70.5453193761369,0.0,5.850100857410972,54.54840085624238,81.43059718729907,196.57322764818196,299.6402746150135
37,0,0.925,0.0,53.67070081592342,70.5453193761369,0.0,5.850100857410972,54.54840085624238,81.43059718729907,196.57322764818196,299.6402746150135
38,0,0.9500000000000001,0.0,53.67070081592342,70.5453193761369,0.0,5.850100857410972,54.54840085624238,81.43059718729907,196.57322764818196,299.6402746150135
39,0,0.9750000000000001,0.0,53.67070081592342,70.5453193761369,0.0,5.850100857410972,54.54840085624238,81.43059718729907,196.57322764818196,299.6402746150135
40,0,1.0,0.0,53.67070081592342,70.5453193761369,0.0,5.850100857410972,54.54840085624238,81.43059718729907,196.57322764818196,299.6402746150135
41,1,0.0,0.0,51.1014467810226,70.69545855914731,0.0,6.517790162835201,57.8370960158723,77.14248905099369,203.318553550619,328.43616756947335
42,1,0.025,0.0,51.1014467810226,70.69545855914731,0.0,6.517790162835201,57.8370960158723,77.14248905099369,203.318553550619,328.43616756947335
43,1,0.05,0.0,51.1014467810226,70.69545855914731,0.0,6.517790162835201,57.8370960158723,77.14248905099369,203.318553550619,328.43616756947335
44,1,0.07500000000000001,0.0,51.1014467810226,70.69545855914731,0.0,6.517790162835201,57.8370960158723,77.14248905099369,203.318553550619,328.43616756947335
45,1,0.1,0.0,51.1014467810226,70.69545855914731,0.0,6.517790162835201,57.8370960158723,77.14248905099369,203.318553550619,328.43616756947335
46,1,0.125,0.0,51.1014467810226,70.69545855914731,0.0,6.517790162835201,57.8370960158723,77.14248905099369,203.318553550619,328.43616756947335
47,1,0.15000000000000002,0.0,51.1014467810226,70.69545855914731,0.0,6.517790162835201,57.8370960158723,77.14248905099369,203.318553550619,328.43616756947335
48,1,0.17500000000000002,0.0,51.1014467810226,70.69545855914731,0.0,6.517790162835201,57.8370960158723,77.14248905099369,203.318553550619,328.43616756947335
49,1,0.2,0.0,51.1014467810226,70.69545855914731,0.0,6.517790162835201,57.8370960158723,77.14248905099369,203.318553550619,328.43616756947335
50,1,0.225,0.0,51.1014467810226,70.69545855914731,0.0,6.517790162835201,57.8370960158723,77.14248905099369,203.318553550619,328.43616756947335
51,1,0.25,0.0,51.1014467810226,70.69545855914731,0.0,6.517790162835201,57.8370960158723,77.14248905099369,203.318553550619,328.43616756947335
52,1,0.275,0.0,51.1014467810226,70.69545855914731,0.0,6.517790162835201,57.8370960158723,77.14248905099369,203.318553550619,328.43616756947335
53,1,0.30000000000000004,0.0,51.1014467810226,70.69545855914731,0.0,6.517790162835201,57.8370960158723,77.14248905099369,203.318553550619,328.43616756947335
54,1,0.325,0.0,51.1014467810226,70.69545855914731,0.0,6.517790162835201,57.8370960158723,77.14248905099369,203.318553550619,328.43616756947335
55,1,0.35000000000000003,0.0,51.1014467810226,70.69545855914731,0.0,6.517790162835201,57.8370960158723,77.14248905099369,203.318553550619,328.43616756947335
56,1,0.375,0.0,51.1014467810226,70.69545855914731,0.0,6.517790162835201,57.8370960158723,77.14248905099369,203.318553550619,328.43616756947335
57,1,0.4,0.0,51.1014467810226,70.69545855914731,0.0,6.517790162835201,57.8370960158723,77.14248905099369,203.318553550619,328.43616756947335
58,1,0.42500000000000004,0.0,51.1014467810226,70.69545855914731,0.0,6.517790162835201,57.8370960158723,77.14248905099369,203.318553550619,328.43616756947335
59,1,0.45,0.0,51.1014467810226,70.69545855914731,0.0,6.517790162835201,57.8370960158723,77.14248905099369,203.318553550619,328.43616756947335
60,1,0.47500000000000003,0.0,51.1014467810226,70.69545855914731,0.0,6.517790162835201,57.8370960158723,77.14248905099369,203.318553550619,328.43616756947335
61,1,0.5,0.0,51.1014467810226,70.69545855914731,0.0,6.517790162835201,57.8370960158723,77.14248905099369,203.318553550619,328.43616756947335
62,1,0.525,0.0,51.1014467810226,70.69545855914731,0.0,6.517790162835201,57.8370960158723,77.14248905099369,203.318553550619,328.43616756947335
63,1,0.55,0.0,51.1014467810226,70.69545855914731,0.0,6.517790162835201,57.8370960158723,77.14248905099369,203.318553550619,328.43616756947335
64,1,0.5750000000000001,0.0,51.1014467810226,70.69545855914731,0.0,6.517790162835201,57.8370960158723,77.14248905099369,203.318553550619,328.43616756947335
65,1,0.6000000000000001,0.0,51.1014467810226,70.69545855914731,0.0,6.517790162835201,57.8370960158723,77.14248905099369,203.318553550619,328.43616756947335
66,1,0.625,0.0,51.1014467810226,70.69545855914731,0.0,6.517790162835201,57.8370960158723,77.14248905099369,203.318553550619,328.43616756947335
67,1,0.65,0.0,51.1014467810226,70.69545855914731,0.0,6.517790162835201,57.8370960158723,77.14248905099369,203.318553550619,328.43616756947335
68,1,0.675,0.0,51.1014467810226,70.69545855914731,0.0,6.517790162835201,57.8370960158723,77.14248905099369,203.318553550619,328.43616756947335
69,1,0.7000000000000001,0.0,51.1014467810226,70.69545855914731,0.0,6.517790162835201,57.8370960158723,77.14248905099369,203.318553550619,328.43616756947335
70,1,0.7250000000000001,0.0,51.1014467810226,70.69545855914731,0.0,6.517790162835201,57.8370960158723,77.14248905099369,203.318553550619,328.43616756947335
71,1,0.75,0.0,51.1014467810226,70.69545855914731,0.0,6.517790162835201,57.8370960158723,77.14248905099369,203.318553550619,328.43616756947335
72,1,0.775,0.0,51.1014467810226,70.69545855914731,0.0,6.517790162835201,57.8370960158723,77.14248905099369,203.318553550619,328.43616756947335
73,1,0.8,0.0,51.1014467810226,70.69545855914731,0.0,6.517790162835201,57.8370960158723,77.14248905099369,203.318553550619,328.43616756947335
74,1,0.8250000000000001,0.0,51.1014467810226,70.69545855914731,0.0,6.517790162835201,57.8370960158723,77.14248905099369,203.318553550619,328.43616756947335
75,1,0.8500000000000001,0.0,51.1014467810226,70.69545855914731,0.0,6.517790162835201,57.8370960158723,77.14248905099369,203.318553550619,328.43616756947335
76,1,0.875,0.0,51.1014467810226,70.69545855914731,0.0,6.517790162835201,57.8370960158723,77.14248905099369,203.318553550619,328.43616756947335
77,1,0.9,0.0,51.1014467810226,70.69545855914731,0.0,6.517790162835201,57.8370960158723,77.14248905099369,203.318553550619,328.43616756947335
78,1,0.925,0.0,51.1014467810226,70.69545855914731,0.0,6.517790162835201,57.8370960158723,77.14248905099369,203.318553550619,328.43616756947335
79,1,0.9500000000000001,0.0,51.1014467810226,70.69545855914731,0.0,6.517790162835201,57.8370960158723,77.14248905099369,203.318553550619,328.43616756947335
80,1,0.9750000000000001,0.0,51.1014467810226,70.69545855914731,0.0,6.517790162835201,57.8370960158723,77.14248905099369,203.318553550619,328.43616756947335
81,1,1.0,0.0,51.1014467810226,70.69545855914731,0.0,6.517790162835201,57.8370960158723,77.14248905099369,203.318553550619,328.43616756947335
82,2,0.0,0.0,53.748266603005845,64.39430813171357,0.0,6.198733564091592,58.73195594357536,76.1180774729916,176.61680261270567,344.2499231906745
83,2,0.025,0.0,53.748266603005845,64.39430813171357,0.0,6.198733564091592,58.73195594357536,76.1180774729916,176.61680261270567,344.2499231906745
84,2,0.05,0.0,53.748266603005845,64.39430813171357,0.0,6.198733564091592,58.73195594357536,76.1180774729916,176.61680261270567,344.2499231906745
85,2,0.07500000000000001,0.0,53.748266603005845,64.39430813171357,0.0,6.198733564091592,58.73195594357536,76.1180774729916,176.61680261270567,344.2499231906745
86,2,0.1,0.0,53.748266603005845,64.39430813171357,0.0,6.198733564091592,58.73195594357536,76.1180774729916,176.61680261270567,344.2499231906745
87,2,0.125,0.0,53.748266603005845,64.39430813171357,0.0,6.198733564091592,58.73195594357536,76.1180774729916,176.61680261270567,344.2499231906745
88,2,0.15000000000000002,0.0,53.748266603005845,64.39430813171357,0.0,6.198733564091592,58.73195594357536,76.1180774729916,176.61680261270567,344.2499231906745
89,2,0.17500000000000002,0.0,53.748266603005845,64.39430813171357,0.0,6.198733564091592,58.73195594357536,76.1180774729916,176.61680261270567,344.2499231906745
90,2,0.2,0.0,53.748266603005845,64.39430813171357,0.0,6.198733564091592,58.73195594357536,76.1180774729916,176.61680261270567,344.2499231906745
91,2,0.225,0.0,53.748266603005845,64.39430813171357,0.0,6.198733564091592,58.73195594357536,76.1180774729916,176.61680261270567,344.2499231906745
92,2,0.25,0.0,53.748266603005845,64.39430813171357,0.0,6.198733564091592,58.73195594357536,76.1180774729916,176.61680261270567,344.2499231906745
93,2,0.275,0.0,53.748266603005845,64.39430813171357,0.0,6.198733564091592,58.73195594357536,76.1180774729916,176.61680261270567,344.2499231906745
94,2,0.30000000000000004,0.0,53.748266603005845,64.39430813171357,0.0,6.198733564091592,58.73195594357536,76.1180774729916,176.61680261270567,344.2499231906745
95,2,0.325,0.0,53.748266603005845,64.39430813171357,0.0,6.198733564091592,58.73195594357536,76.1180774729916,176.61680261270567,344.2499231906745
96,2,0.35000000000000003,0.0,53.748266603005845,64.39430813171357,0.0,6.198733564091592,58.73195594357536,76.1180774729916,176.61680261270567,344.2499231906745
97,2,0.375,0.0,53.748266603005845,64.39430813171357,0.0,6.198733564091592,58.73195594357536,76.1180774729916,176.61680261270567,344.2499231906745
98,2,0.4,0.0,53.748266603005845,64.39430813171357,0.0,6.198733564091592,58.73195594357536,76.1180774729916,176.61680261270567,344.2499231906745
99,2,0.42500000000000004,0.0,53.748266603005845,64.39430813171357,0.0,6.198733564091592,58.73195594357536,76.1180774729916,176.61680261270567,344.2499231906745
100,2,0.45,0.0,53.748266603005845,64.39430813171357,0.0,6.198733564091592,58.73195594357536,76.1180774729916,176.61680261270567,344.2499231906745
101,2,0.47500000000000003,0.0,53.748266603005845,64.39430813171357,0.0,6.198733564091592,58.73195594357536,76.1180774729916,176.61680261270567,344.2499231906745
102,2,0.5,0.0,53.748266603005845,64.39430813171357,0.0,6.198733564091592,58.73195594357536,76.1180774729916,176.61680261270567,344.2499231906745
103,2,0.525,0.0,53.748266603005845,64.39430813171357,0.0,6.198733564091592,58.73195594357536,76.1180774729916,176.61680261270567,344.2499231906745
104,2,0.55,0.0,53.748266603005845,64.39430813171357,0.0,6.198733564091592,58.73195594357536,76.1180774729916,176.61680261270567,344.2499231906745
105,2,0.5750000000000001,0.0,53.748266603005845,64.39430813171357,0.0,6.198733564091592,58.73195594357536,76.1180774729916,176.61680261270567,344.2499231906745
106,2,0.6000000000000001,0.0,53.748266603005845,64.39430813171357,0.0,6.198733564091592,58.73195594357536,76.1180774729916,176.61680261270567,344.2499231906745
107,2,0.625,0.0,53.748266603005845,64.39430813171357,0.0,6.198733564091592,58.73195594357536,76.1180774729916,176.61680261270567,344.2499231906745
108,2,0.65,0.0,53.748266603005845,64.39430813171357,0.0,6.198733564091592,58.73195594357536,76.1180774729916,176.61680261270567,344.2499231906745
109,2,0.675,0.0,53.748266603005845,64.39430813171357,0.0,6.198733564091592,58.73195594357536,76.1180774729916,176.61680261270567,344.2499231906745
110,2,0.7000000000000001,0.0,53.748266603005845,64.39430813171357,0.0,6.198733564091592,58.73195594357536,76.1180774729916,176.61680261270567,344.2499231906745
111,2,0.7250000000000001,0.0,53.748266603005845,64.39430813171357,0.0,6.198733564091592,58.73195594357536,76.1180774729916,176.61680261270567,344.2499231906745
112,2,0.75,0.0,53.748266603005845,64.39430813171357,0.0,6.198733564091592,58.73195594357536,76.1180774729916,176.61680261270567,344.2499231906745
113,2,0.775,0.0,53.748266603005845,64.39430813171357,0.0,6.198733564091592,58.73195594357536,76.1180774729916,176.61680261270567,344.2499231906745
114,2,0.8,0.0,53.748266603005845,64.39430813171357,0.0,6.198733564091592,58.73195594357536,76.1180774729916,176.61680261270567,344.2499231906745
115,2,0.8250000000000001,0.0,53.748266603005845,64.39430813171357,0.0,6.198733564091592,58.73195594357536,76.1180774729916,176.61680261270567,344.2499231906745
116,2,0.8500000000000001,0.0,53.748266603005845,64.39430813171357,0.0,6.198733564091592,58.73195594357536,76.1180774729916,176.61680261270567,344.2499231906745
117,2,0.875,0.0,53.748266603005845,64.39430813171357,0.0,6.198733564091592,58.73195594357536,76.1180774729916,176.61680261270567,344.2499231906745
118,2,0.9,0.0,53.748266603005845,64.39430813171357,0.0,6.198733564091592,58.73195594357536,76.1180774729916,176.61680261270567,344.2499231906745
119,2,0.925,0.0,53.748266603005845,64.39430813171357,0.0,6.198733564091592,58.73195594357536,76.1180774729916,176.61680261270567,344.2499231906745
120,2,0.9500000000000001,0.0,53.748266603005845,64.39430813171357,0.0,6.198733564091592,58.73195594357536,76.1180774729916,176.61680261270567,344.2499231906745
121,2,0.9750000000000001,0.0,53.748266603005845,64.39430813171357,0.0,6.198733564091592,58.73195594357536,76.1180774729916,176.61680261270567,344.2499231906745
122,2,1.0,0.0,53.748266603005845,64.39430813171357,0.0,6.198733564091592,58.73195594357536,76.1180774729916,176.61680261270567,344.2499231906745
123,3,0.0,0.0,49.19141159022875,67.34905854788603,0.0,6.182385694085932,58.23823788898923,76.28004238510955,199.74612606815816,339.85681193149924
124,3,0.025,0.0,49.19141159022875,67.34905854788603,0.0,6.182385694085932,58.23823788898923,76.28004238510955,199.74612606815816,339.85681193149924
125,3,0.05,0.0,49.19141159022875,67.34905854788603,0.0,6.182385694085932,58.23823788898923,76.28004238510955,199.74612606815816,339.85681193149924
126,3,0.07500000000000001,0.0,49.19141159022875,67.34905854788603,0.0,6.182385694085932,58.23823788898923,76.28004238510955,199.74612606815816,339.85681193149924
127,3,0.1,0.0,49.19141159022875,67.34905854788603,0.0,6.182385694085932,58.23823788898923,76.28004238510955,199.74612606815816,339.85681193149924
128,3,0.125,0.0,49.19141159022875,67.34905854788603,0.0,6.182385694085932,58.23823788898923,76.28004238510955,199.74612606815816,339.85681193149924
129,3,0.15000000000000002,0.0,49.19141159022875,67.34905854788603,0.0,6.182385694085932,58.23823788898923,76.28004238510955,199.74612606815816,339.85681193149924
130,3,0.17500000000000002,0.0,49.19141159022875,67.34905854788603,0.0,6.182385694085932,58.23823788898923,76.28004238510955,199.74612606815816,339.85681193149924
131,3,0.2,0.0,49.19141159022875,67.34905854788603,0.0,6.182385694085932,58.23823788898923,76.28004238510955,199.74612606815816,339.85681193149924
132,3,0.225,0.0,49.19141159022875,67.34905854788603,0.0,6.182385694085932,58.23823788898923,76.28004238510955,199.74612606815816,339.85681193149924
133,3,0.25,0.0,49.19141159022875,67.34905854788603,0.0,6.182385694085932,58.23823788898923,76.28004238510955,199.74612606815816,339.85681193149924
134,3,0.275,0.0,49.19141159022875,67.34905854788603,0.0,6.182385694085932,58.23823788898923,76.28004238510955,199.74612606815816,339.85681193149924
135,3,0.30000000000000004,0.0,49.19141159022875,67.34905854788603,0.0,6.182385694085932,58.23823788898923,76.28004238510955,199.74612606815816,339.85681193149924
136,3,0.325,0.0,49.19141159022875,67.34905854788603,0.0,6.182385694085932,58.23823788898923,76.28004238510955,199.74612606815816,339.85681193149924
137,3,0.35000000000000003,0.0,49.19141159022875,67.34905854788603,0.0,6.182385694085932,58.23823788898923,76.28004238510955,199.74612606815816,339.85681193149924
138,3,0.375,0.0,49.19141159022875,67.34905854788603,0.0,6.182385694085932,58.23823788898923,76.28004238510955,199.74612606815816,339.85681193149924
139,3,0.4,0.0,49.19141159022875,67.34905854788603,0.0,6.182385694085932,58.23823788898923,76.28004238510955,199.74612606815816,339.85681193149924
140,3,0.42500000000000004,0.0,49.19141159022875,67.34905854788603,0.0,6.182385694085932,58.23823788898923,76.28004238510955,199.74612606815816,339.85681193149924
141,3,0.45,0.0,49.19141159022875,67.34905854788603,0.0,6.182385694085932,58.23823788898923,76.28004238510955,199.74612606815816,339.85681193149924
142,3,0.47500000000000003,0.0,49.19141159022875,67.34905854788603,0.0,6.182385694085932,58.23823788898923,76.28004238510955,199.74612606815816,339.85681193149924
143,3,0.5,0.0,49.19141159022875,67.34905854788603,0.0,6.182385694085932,58.23823788898923,76.28004238510955,199.74612606815816,339.85681193149924
144,3,0.525,0.0,49.19141159022875,67.34905854788603,0.0,6.182385694085932,58.23823788898923,76.28004238510955,199.74612606815816,339.85681193149924
145,3,0.55,0.0,49.19141159022875,67.34905854788603,0.0,6.182385694085932,58.23823788898923,76.28004238510955,199.74612606815816,339.85681193149924
146,3,0.5750000000000001,0.0,49.19141159022875,67.34905854788603,0.0,6.182385694085932,58.23823788898923,76.28004238510955,199.74612606815816,339.85681193149924
147,3,0.6000000000000001,0.0,49.19141159022875,67.34905854788603,0.0,6.182385694085932,58.23823788898923,76.28004238510955,199.74612606815816,339.85681193149924
148,3,0.625,0.0,49.19141159022875,67.34905854788603,0.0,6.182385694085932,58.23823788898923,76.28004238510955,199.74612606815816,339.85681193149924
149,3,0.65,0.0,49.19141159022875,67.34905854788603,0.0,6.182385694085932,58.23823788898923,76.28004238510955,199.74612606815816,339.85681193149924
150,3,0.675,0.0,49.19141159022875,67.34905854788603,0.0,6.182385694085932,58.23823788898923,76.28004238510955,199.74612606815816,339.85681193149924
151,3,0.7000000000000001,0.0,49.19141159022875,67.34905854788603,0.0,6.182385694085932,58.23823788898923,76.28004238510955,199.74612606815816,339.85681193149924
152,3,0.7250000000000001,0.0,49.19141159022875,67.34905854788603,0.0,6.182385694085932,58.23823788898923,76.28004238510955,199.74612606815816,339.85681193149924
153,3,0.75,0.0,49.19141159022875,67.34905854788603,0.0,6.182385694085932,58.23823788898923,76.28004238510955,199.74612606815816,339.85681193149924
154,3,0.775,0.0,49.19141159022875,67.34905854788603,0.0,6.182385694085932,58.23823788898923,76.28004238510955,199.74612606815816,339.85681193149924
155,3,0.8,0.0,49.19141159022875,67.34905854788603,0.0,6.182385694085932,58.23823788898923,76.28004238510955,199.74612606815816,339.85681193149924
156,3,0.8250000000000001,0.0,49.19141159022875,67.34905854788603,0.0,6.182385694085932,58.23823788898923,76.28004238510955,199.74612606815816,339.85681193149924
157,3,0.8500000000000001,0.0,49.19141159022875,67.34905854788603,0.0,6.182385694085932,58.23823788898923,76.28004238510955,199.74612606815816,339.85681193149924
158,3,0.875,0.0,49.19141159022875,67.34905854788603,0.0,6.182385694085932,58.23823788898923,76.28004238510955,199.74612606815816,339.85681193149924
159,3,0.9,0.0,49.19141159022875,67.34905854788603,0.0,6.182385694085932,58.23823788898923,76.28004238510955,199.74612606815816,339.85681193149924
160,3,0.925,0.0,49.19141159022875,67.34905854788603,0.0,6.182385694085932,58.23823788898923,76.28004238510955,199.74612606815816,339.85681193149924
161,3,0.9500000000000001,0.0,49.19141159022875,67.34905854788603,0.0,6.182385694085932,58.23823788898923,76.28004238510955,199.74612606815816,339.85681193149924
162,3,0.9750000000000001,0.0,49.19141159022875,67.34905854788603,0.0,6.182385694085932,58.23823788898923,76.28004238510955,199.74612606815816,339.85681193149924
163,3,1.0,0.0,49.19141159022875,67.34905854788603,0.0,6.182385694085932,58.23823788898923,76.28004238510955,199.74612606815816,339.85681193149924
164,4,0.0,0.0,55.19985469628869,60.943757803429634,0.0,6.6491687718992285,53.14053158123085,81.13914869371567,191.680084668995,315.7229399765114
165,4,0.025,0.0,55.19985469628869,60.943757803429634,0.0,6.6491687718992285,53.14053158123085,81.13914869371567,191.680084668995,315.7229399765114
166,4,0.05,0.0,55.19985469628869,60.943757803429634,0.0,6.6491687718992285,53.14053158123085,81.13914869371567,191.680084668995,315.7229399765114
167,4,0.07500000000000001,0.0,55.19985469628869,60.943757803429634,0.0,6.6491687718992285,53.14053158123085,81.13914869371567,191.680084668995,315.7229399765114
168,4,0.1,0.0,55.19985469628869,60.943757803429634,0.0,6.6491687718992285,53.14053158123085,81.13914869371567,191.680084668995,315.7229399765114
169,4,0.125,0.0,55.19985469628869,60.943757803429634,0.0,6.6491687718992285,53.14053158123085,81.13914869371567,191.680084668995,315.7229399765114
170,4,0.15000000000000002,0.0,55.19985469628869,60.943757803429634,0.0,6.6491687718992285,53.14053158123085,81.13914869371567,191.680084668995,315.7229399765114
171,4,0.17500000000000002,0.0,55.19985469628869,60.943757803429634,0.0,6.6491687718992285,53.14053158123085,81.13914869371567,191.680084668995,315.7229399765114
172,4,0.2,0.0,55.19985469628869,60.943757803429634,0.0,6.6491687718992285,53.14053158123085,81.13914869371567,191.680084668995,315.7229399765114
173,4,0.225,0.0,55.19985469628869,60.943757803429634,0.0,6.6491687718992285,53.14053158123085,81.13914869371567,191.680084668995,315.7229399765114
174,4,0.25,0.0,55.19985469628869,60.943757803429634,0.0,6.6491687718992285,53.14053158123085,81.13914869371567,191.680084668995,315.7229399765114
175,4,0.275,0.0,55.19985469628869,60.943757803429634,0.0,6.6491687718992285,53.14053158123085,81.13914869371567,191.680084668995,315.7229399765114
176,4,0.30000000000000004,0.0,55.19985469628869,60.943757803429634,0.0,6.6491687718992285,53.14053158123085,81.13914869371567,191.680084668995,315.7229399765114
177,4,0.325,0.0,55.19985469628869,60.943757803429634,0.0,6.6491687718992285,53.14053158123085,81.13914869371567,191.680084668995,315.7229399765114
178,4,0.35000000000000003,0.0,55.19985469628869,60.943757803429634,0.0,6.6491687718992285,53.14053158123085,81.13914869371567,191.680084668995,315.7229399765114
179,4,0.375,0.0,55.19985469628869,60.943757803429634,0.0,6.6491687718992285,53.14053158123085,81.13914869371567,191.680084668995,315.7229399765114
180,4,0.4,0.0,55.19985469628869,60.943757803429634,0.0,6.6491687718992285,53.14053158123085,81.13914869371567,191.680084668995,315.7229399765114
181,4,0.42500000000000004,0.0,55.19985469628869,60.943757803429634,0.0,6.6491687718992285,53.14053158123085,81.13914869371567,191.680084668995,315.7229399765114
182,4,0.45,0.0,55.19985469628869,60.943757803429634,0.0,6.6491687718992285,53.14053158123085,81.13914869371567,191.680084668995,315.7229399765114
183,4,0.47500000000000003,0.0,55.19985469628869,60.943757803429634,0.0,6.6491687718992285,53.14053158123085,81.13914869371567,191.680084668995,315.7229399765114
184,4,0.5,0.0,55.19985469628869,60.943757803429634,0.0,6.6491687718992285,53.14053158123085,81.13914869371567,191.680084668995,315.7229399765114
185,4,0.525,0.0,55.19985469628869,60.943757803429634,0.0,6.6491687718992285,53.14053158123085,81.13914869371567,191.680084668995,315.7229399765114
186,4,0.55,0.0,55.19985469628869,60.943757803429634,0.0,6.6491687718992285,53.14053158123085,81.13914869371567,191.680084668995,315.7229399765114
187,4,0.5750000000000001,0.0,55.19985469628869,60.943757803429634,0.0,6.6491687718992285,53.14053158123085,81.13914869371567,191.680084668995,315.7229399765114
188,4,0.6000000000000001,0.0,55.19985469628869,60.943757803429634,0.0,6.6491687718992285,53.14053158123085,81.13914869371567,191.680084668995,315.7229399765114
189,4,0.625,0.0,55.19985469628869,60.943757803429634,0.0,6.6491687718992285,53.14053158123085,81.13914869371567,191.680084668995,315.7229399765114
190,4,0.65,0.0,55.19985469628869,60.943757803429634,0.0,6.6491687718992285,53.14053158123085,81.13914869371567,191.680084668995,315.7229399765114
191,4,0.675,0.0,55.19985469628869,60.943757803429634,0.0,6.6491687718992285,53.14053158123085,81.13914869371567,191.680084668995,315.7229399765114
192,4,0.7000000000000001,0.0,55.19985469628869,60.943757803429634,0.0,6.6491687718992285,53.14053158123085,81.13914869371567,191.680084668995,315.7229399765114
193,4,0.7250000000000001,0.0,55.19985469628869,60.943757803429634,0.0,6.6491687718992285,53.14053158123085,81.13914869371567,191.680084668995,315.7229399765114
194,4,0.75,0.0,55.19985469628869,60.943757803429634,0.0,6.6491687718992285,53.14053158123085,81.13914869371567,191.680084668995,315.7229399765114
195,4,0.775,0.0,55.19985469628869,60.943757803429634,0.0,6.6491687718992285,53.14053158123085,81.13914869371567,191.680084668995,315.7229399765114
196,4,0.8,0.0,55.19985469628869,60.943757803429634,0.0,6.6491687718992285,53.14053158123085,81.13914869371567,191.680084668995,315.7229399765114
197,4,0.8250000000000001,0.0,55.19985469628869,60.943757803429634,0.0,6.6491687718992285,53.14053158123085,81.13914869371567,191.680084668995,315.7229399765114
198,4,0.8500000000000001,0.0,55.19985469628869,60.943757803429634,0.0,6.6491687718992285,53.14053158123085,81.13914869371567,191.680084668995,315.7229399765114
199,4,0.875,0.0,55.19985469628869,60.943757803429634,0.0,6.6491687718992285,53.14053158123085,81.13914869371567,191.680084668995,315.7229399765114
200,4,0.9,0.0,55.19985469628869,60.943757803429634,0.0,6.6491687718992285,53.14053158123085,81.13914869371567,191.680084668995,315.7229399765114
201,4,0.925,0.0,55.19985469628869,60.943757803429634,0.0,6.6491687718992285,53.14053158123085,81.13914869371567,191.680084668995,315.7229399765114
202,4,0.9500000000000001,0.0,55.19985469628869,60.943757803429634,0.0,6.6491687718992285,53.14053158123085,81.13914869371567,191.680084668995,315.7229399765114
203,4,0.9750000000000001,0.0,55.19985469628869,60.943757803429634,0.0,6.6491687718992285,53.14053158123085,81.13914869371567,191.680084668995,315.7229399765114
204,4,1.0,0.0,55.19985469628869,60.943757803429634,0.0,6.6491687718992285,53.14053158123085,81.13914869371567,191.680084668995,315.7229399765114
205,5,0.0,0.0,53.42291203090012,61.03826401820697,0.0,5.915609948108064,49.93975443845254,80.38150637562867,182.0762960989434,353.9067475014657
206,5,0.025,0.0,53.42291203090012,61.03826401820697,0.0,5.915609948108064,49.93975443845254,80.38150637562867,182.0762960989434,353.9067475014657
207,5,0.05,0.0,53.42291203090012,61.03826401820697,0.0,5.915609948108064,49.93975443845254,80.38150637562867,182.0762960989434,353.9067475014657
208,5,0.07500000000000001,0.0,53.42291203090012,61.03826401820697,0.0,5.915609948108064,49.93975443845254,80.38150637562867,182.0762960989434,353.9067475014657
209,5,0.1,0.0,53.42291203090012,61.03826401820697,0.0,5.915609948108064,49.93975443845254,80.38150637562867,182.0762960989434,353.9067475014657
210,5,0.125,0.0,53.42291203090012,61.03826401820697,0.0,5.915609948108064,49.93975443845254,80.38150637562867,182.0762960989434,353.9067475014657
211,5,0.15000000000000002,0.0,53.42291203090012,61.03826401820697,0.0,5.915609948108064,49.93975443845254,80.38150637562867,182.0762960989434,353.9067475014657
212,5,0.17500000000000002,0.0,53.42291203090012,61.03826401820697,0.0,5.915609948108064,49.93975443845254,80.38150637562867,182.0762960989434,353.9067475014657
213,5,0.2,0.0,53.42291203090012,61.03826401820697,0.0,5.915609948108064,49.93975443845254,80.38150637562867,182.0762960989434,353.9067475014657
214,5,0.225,0.0,53.42291203090012,61.03826401820697,0.0,5.915609948108064,49.93975443845254,80.38150637562867,182.0762960989434,353.9067475014657
215,5,0.25,0.0,53.42291203090012,61.03826401820697,0.0,5.915609948108064,49.93975443845254,80.38150637562867,182.0762960989434,353.9067475014657
216,5,0.275,0.0,53.42291203090012,61.03826401820697,0.0,5.915609948108064,49.93975443845254,80.38150637562867,182.0762960989434,353.9067475014657
217,5,0.30000000000000004,0.0,53.42291203090012,61.03826401820697,0.0,5.915609948108064,49.93975443845254,80.38150637562867,182.0762960989434,353.9067475014657
218,5,0.325,0.0,53.42291203090012,61.03826401820697,0.0,5.915609948108064,49.93975443845254,80.38150637562867,182.0762960989434,353.9067475014657
219,5,0.35000000000000003,0.0,53.42291203090012,61.03826401820697,0.0,5.915609948108064,49.93975443845254,80.38150637562867,182.0762960989434,353.9067475014657
220,5,0.375,0.0,53.42291203090012,61.03826401820697,0.0,5.915609948108064,49.93975443845254,80.38150637562867,182.0762960989434,353.9067475014657
221,5,0.4,0.0,53.42291203090012,61.03826401820697,0.0,5.915609948108064,49.93975443845254,80.38150637562867,182.0762960989434,353.9067475014657
222,5,0.42500000000000004,0.0,53.42291203090012,61.03826401820697,0.0,5.915609948108064,49.93975443845254,80.38150637562867,182.0762960989434,353.9067475014657
223,5,0.45,0.0,53.42291203090012,61.03826401820697,0.0,5.915609948108064,49.93975443845254,80.38150637562867,182.0762960989434,353.9067475014657
224,5,0.47500000000000003,0.0,53.42291203090012,61.03826401820697,0.0,5.915609948108064,49.93975443845254,80.38150637562867,182.0762960989434,353.9067475014657
225,5,0.5,0.0,53.42291203090012,61.03826401820697,0.0,5.915609948108064,49.93975443845254,80.38150637562867,182.0762960989434,353.9067475014657
226,5,0.525,0.0,53.42291203090012,61.03826401820697,0.0,5.915609948108064,49.93975443845254,80.38150637562867,182.0762960989434,353.9067475014657
227,5,0.55,0.0,53.42291203090012,61.03826401820697,0.0,5.915609948108064,49.93975443845254,80.38150637562867,182.0762960989434,353.9067475014657
228,5,0.5750000000000001,0.0,53.42291203090012,61.03826401820697,0.0,5.915609948108064,49.93975443845254,80.38150637562867,182.0762960989434,353.9067475014657
229,5,0.6000000000000001,0.0,53.42291203090012,61.03826401820697,0.0,5.915609948108064,49.93975443845254,80.38150637562867,182.0762960989434,353.9067475014657
230,5,0.625,0.0,53.42291203090012,61.03826401820697,0.0,5.915609948108064,49.93975443845254,80.38150637562867,182.0762960989434,353.9067475014657
231,5,0.65,0.0,53.42291203090012,61.03826401820697,0.0,5.915609948108064,49.93975443845254,80.38150637562867,182.0762960989434,353.9067475014657
232,5,0.675,0.0,53.42291203090012,61.03826401820697,0.0,5.915609948108064,49.93975443845254,80.38150637562867,182.0762960989434,353.9067475014657
233,5,0.7000000000000001,0.0,53.42291203090012,61.03826401820697,0.0,5.915609948108064,49.93975443845254,80.38150637562867,182.0762960989434,353.9067475014657
234,5,0.7250000000000001,0.0,53.42291203090012,61.03826401820697,0.0,5.915609948108064,49.93975443845254,80.38150637562867,182.0762960989434,353.9067475014657
235,5,0.75,0.0,53.42291203090012,61.03826401820697,0.0,5.915609948108064,49.93975443845254,80.38150637562867,182.0762960989434,353.9067475014657
236,5,0.775,0.0,53.42291203090012,61.03826401820697,0.0,5.915609948108064,49.93975443845254,80.38150637562867,182.0762960989434,353.9067475014657
237,5,0.8,0.0,53.42291203090012,61.03826401820697,0.0,5.915609948108064,49.93975443845254,80.38150637562867,182.0762960989434,353.9067475014657
238,5,0.8250000000000001,0.0,53.42291203090012,61.03826401820697,0.0,5.915609948108064,49.93975443845254,80.38150637562867,182.0762960989434,353.9067475014657
239,5,0.8500000000000001,0.0,53.42291203090012,61.03826401820697,0.0,5.915609948108064,49.93975443845254,80.38150637562867,182.0762960989434,353.9067475014657
240,5,0.875,0.0,53.42291203090012,61.03826401820697,0.0,5.915609948108064,49.93975443845254,80.38150637562867,182.0762960989434,353.9067475014657
241,5,0.9,0.0,53.42291203090012,61.03826401820697,0.0,5.915609948108064,49.93975443845254,80.38150637562867,182.0762960989434,353.9067475014657
242,5,0.925,0.0,53.42291203090012,61.03826401820697,0.0,5.915609948108064,49.93975443845254,80.38150637562867,182.0762960989434,353.9067475014657
243,5,0.9500000000000001,0.0,53.42291203090012,61.03826401820697,0.0,5.915609948108064,49.93975443845254,80.38150637562867,182.0762960989434,353.9067475014657
244,5,0.9750000000000001,0.0,53.42291203090012,61.03826401820697,0.0,5.915609948108064,49.93975443845254,80.38150637562867,182.0762960989434,353.9067475014657
245,5,1.0,0.0,53.42291203090012,61.03826401820697,0.0,5.915609948108064,49.93975443845254,80.38150637562867,182.0762960989434,353.9067475014657
246,6,0.0,0.0,48.59081606147725,64.17484626320409,0.0,6.353011974501555,53.34692612419699,80.38173631611392,184.55626747039443,358.41684484791404
247,6,0.025,0.0,48.59081606147725,64.17484626320409,0.0,6.353011974501555,53.34692612419699,80.38173631611392,184.55626747039443,358.41684484791404
248,6,0.05,0.0,48.59081606147725,64.17484626320409,0.0,6.353011974501555,53.34692612419699,80.38173631611392,184.55626747039443,358.41684484791404
249,6,0.07500000000000001,0.0,48.59081606147725,64.17484626320409,0.0,6.353011974501555,53.34692612419699,80.38173631611392,184.55626747039443,358.41684484791404
250,6,0.1,0.0,48.59081606147725,64.17484626320409,0.0,6.353011974501555,53.34692612419699,80.38173631611392,184.55626747039443,358.41684484791404
251,6,0.125,0.0,48.59081606147725,64.17484626320409,0.0,6.353011974501555,53.34692612419699,80.38173631611392,184.55626747039443,358.41684484791404
252,6,0.15000000000000002,0.0,48.59081606147725,64.17484626320409,0.0,6.353011974501555,53.34692612419699,80.38173631611392,184.55626747039443,358.41684484791404
253,6,0.17500000000000002,0.0,48.59081606147725,64.17484626320409,0.0,6.353011974501555,53.34692612419699,80.38173631611392,184.55626747039443,358.41684484791404
254,6,0.2,0.0,48.59081606147725,64.17484626320409,0.0,6.353011974501555,53.34692612419699,80.38173631611392,184.55626747039443,358.41684484791404
255,6,0.225,0.0,48.59081606147725,64.17484626320409,0.0,6.353011974501555,53.34692612419699,80.38173631611392,184.55626747039443,358.41684484791404
256,6,0.25,0.0,48.59081606147725,64.17484626320409,0.0,6.353011974501555,53.34692612419699,80.38173631611392,184.55626747039443,358.41684484791404
257,6,0.275,0.0,48.59081606147725,64.17484626320409,0.0,6.353011974501555,53.34692612419699,80.38173631611392,184.55626747039443,358.41684484791404
258,6,0.30000000000000004,0.0,48.59081606147725,64.17484626320409,0.0,6.353011974501555,53.34692612419699,80.38173631611392,184.55626747039443,358.41684484791404
259,6,0.325,0.0,48.59081606147725,64.17484626320409,0.0,6.353011974501555,53.34692612419699,80.38173631611392,184.55626747039443,358.41684484791404
260,6,0.35000000000000003,0.0,48.59081606147725,64.17484626320409,0.0,6.353011974501555,53.34692612419699,80.38173631611392,184.55626747039443,358.41684484791404
261,6,0.375,0.0,48.59081606147725,64.17484626320409,0.0,6.353011974501555,53.34692612419699,80.38173631611392,184.55626747039443,358.41684484791404
262,6,0.4,0.0,48.59081606147725,64.17484626320409,0.0,6.353011974501555,53.34692612419699,80.38173631611392,184.55626747039443,358.41684484791404
263,6,0.42500000000000004,0.0,48.59081606147725,64.17484626320409,0.0,6.353011974501555,53.34692612419699,80.38173631611392,184.55626747039443,358.41684484791404
264,6,0.45,0.0,48.59081606147725,64.17484626320409,0.0,6.353011974501555,53.34692612419699,80.38173631611392,184.55626747039443,358.41684484791404
265,6,0.47500000000000003,0.0,48.59081606147725,64.17484626320409,0.0,6.353011974501555,53.34692612419699,80.38173631611392,184.55626747039443,358.41684484791404
266,6,0.5,0.0,48.59081606147725,64.17484626320409,0.0,6.353011974501555,53.34692612419699,80.38173631611392,184.55626747039443,358.41684484791404
267,6,0.525,0.0,48.59081606147725,64.17484626320409,0.0,6.353011974501555,53.34692612419699,80.38173631611392,184.55626747039443,358.41684484791404
268,6,0.55,0.0,48.59081606147725,64.17484626320409,0.0,6.353011974501555,53.34692612419699,80.38173631611392,184.55626747039443,358.41684484791404
269,6,0.5750000000000001,0.0,48.59081606147725,64.17484626320409,0.0,6.353011974501555,53.34692612419699,80.38173631611392,184.55626747039443,358.41684484791404
270,6,0.6000000000000001,0.0,48.59081606147725,64.17484626320409,0.0,6.353011974501555,53.34692612419699,80.38173631611392,184.55626747039443,358.41684484791404
271,6,0.625,0.0,48.59081606147725,64.17484626320409,0.0,6.353011974501555,53.34692612419699,80.38173631611392,184.55626747039443,358.41684484791404
272,6,0.65,0.0,48.59081606147725,64.17484626320409,0.0,6.353011974501555,53.34692612419699,80.38173631611392,184.55626747039443,358.41684484791404
273,6,0.675,0.0,48.59081606147725,64.17484626320409,0.0,6.353011974501555,53.34692612419699,80.38173631611392,184.55626747039443,358.41684484791404
274,6,0.7000000000000001,0.0,48.59081606147725,64.17484626320409,0.0,6.353011974501555,53.34692612419699,80.38173631611392,184.55626747039443,358.41684484791404
275,6,0.7250000000000001,0.0,48.59081606147725,64.17484626320409,0.0,6.353011974501555,53.34692612419699,80.38173631611392,184.55626747039443,358.41684484791404
276,6,0.75,0.0,48.59081606147725,64.17484626320409,0.0,6.353011974501555,53.34692612419699,80.38173631611392,184.55626747039443,358.41684484791404
277,6,0.775,0.0,48.59081606147725,64.17484626320409,0.0,6.353011974501555,53.34692612419699,80.38173631611392,184.55626747039443,358.41684484791404
278,6,0.8,0.0,48.59081606147725,64.17484626320409,0.0,6.353011974501555,53.34692612419699,80.38173631611392,184.55626747039443,358.41684484791404
279,6,0.8250000000000001,0.0,48.59081606147725,64.17484626320409,0.0,6.353011974501555,53.34692612419699,80.38173631611392,184.55626747039443,358.41684484791404
280,6,0.8500000000000001,0.0,48.59081606147725,64.17484626320409,0.0,6.353011974501555,53.34692612419699,80.38173631611392,184.55626747039443,358.41684484791404
281,6,0.875,0.0,48.59081606147725,64.17484626320409,0.0,6.353011974501555,53.34692612419699,80.38173631611392,184.55626747039443,358.41684484791404
282,6,0.9,0.0,48.59081606147725,64.17484626320409,0.0,6.353011974501555,53.34692612419699,80.38173631611392,184.55626747039443,358.41684484791404
283,6,0.925,0.0,48.59081606147725,64.17484626320409,0.0,6.353011974501555,53.34692612419699,80.38173631611392,184.55626747039443,358.41684484791404
284,6,0.9500000000000001,0.0,48.59081606147725,64.17484626320409,0.0,6.353011974501555,53.34692612419699,80.38173631611392,184.55626747039443,358.41684484791404
285,6,0.9750000000000001,0.0,48.59081606147725,64.17484626320409,0.0,6.353011974501555,53.34692612419699,80.38173631611392,184.55626747039443,358.41684484791404
286,6,1.0,0.0,48.59081606147725,64.17484626320409,0.0,6.353011974501555,53.34692612419699,80.38173631611392,184.55626747039443,358.41684484791404
287,7,0.0,0.0,49.5080130294191,66.88508153148855,0.0,5.8617677778197885,58.9288646724282,74.68352371428034,185.58392749130175,350.09961455206263
288,7,0.025,0.0,49.5080130294191,66.88508153148855,0.0,5.8617677778197885,58.9288646724282,74.68352371428034,185.58392749130175,350.09961455206263
289,7,0.05,0.0,49.5080130294191,66.88508153148855,0.0,5.8617677778197885,58.9288646724282,74.68352371428034,185.58392749130175,350.09961455206263
290,7,0.07500000000000001,0.0,49.5080130294191,66.88508153148855,0.0,5.8617677778197885,58.9288646724282,74.68352371428034,185.58392749130175,350.09961455206263
291,7,0.1,0.0,49.5080130294191,66.88508153148855,0.0,5.8617677778197885,58.9288646724282,74.68352371428034,185.58392749130175,350.09961455206263
292,7,0.125,0.0,49.5080130294191,66.88508153148855,0.0,5.8617677778197885,58.9288646724282,74.68352371428034,185.58392749130175,350.09961455206263
293,7,0.15000000000000002,0.0,49.5080130294191,66.88508153148855,0.0,5.8617677778197885,58.9288646724282,74.68352371428034,185.58392749130175,350.09961455206263
294,7,0.17500000000000002,0.0,49.5080130294191,66.88508153148855,0.0,5.8617677778197885,58.9288646724282,74.68352371428034,185.58392749130175,350.09961455206263
295,7,0.2,0.0,49.5080130294191,66.88508153148855,0.0,5.8617677778197885,58.9288646724282,74.68352371428034,185.58392749130175,350.09961455206263
296,7,0.225,0.0,49.5080130294191,66.88508153148855,0.0,5.8617677778197885,58.9288646724282,74.68352371428034,185.58392749130175,350.09961455206263
297,7,0.25,0.0,49.5080130294191,66.88508153148855,0.0,5.8617677778197885,58.9288646724282,74.68352371428034,185.58392749130175,350.09961455206263
298,7,0.275,0.0,49.5080130294191,66.88508153148855,0.0,5.8617677778197885,58.9288646724282,74.68352371428034,185.58392749130175,350.09961455206263
299,7,0.30000000000000004,0.0,49.5080130294191,66.88508153148855,0.0,5.8617677778197885,58.9288646724282,74.68352371428034,185.58392749130175,350.09961455206263
300,7,0.325,0.0,49.5080130294191,66.88508153148855,0.0,5.8617677778197885,58.9288646724282,74.68352371428034,185.58392749130175,350.09961455206263
301,7,0.35000000000000003,0.0,49.5080130294191,66.88508153148855,0.0,5.8617677778197885,58.9288646724282,74.68352371428034,185.58392749130175,350.09961455206263
302,7,0.375,0.0,49.5080130294191,66.88508153148855,0.0,5.8617677778197885,58.9288646724282,74.68352371428034,185.58392749130175,350.09961455206263
303,7,0.4,0.0,49.5080130294191,66.88508153148855,0.0,5.8617677778197885,58.9288646724282,74.68352371428034,185.58392749130175,350.09961455206263
304,7,0.42500000000000004,0.0,49.5080130294191,66.88508153148855,0.0,5.8617677778197885,58.9288646724282,74.68352371428034,185.58392749130175,350.09961455206263
305,7,0.45,0.0,49.5080130294191,66.88508153148855,0.0,5.8617677778197885,58.9288646724282,74.68352371428034,185.58392749130175,350.09961455206263
306,7,0.47500000000000003,0.0,49.5080130294191,66.88508153148855,0.0,5.8617677778197885,58.9288646724282,74.68352371428034,185.58392749130175,350.09961455206263
307,7,0.5,0.0,49.5080130294191,66.88508153148855,0.0,5.8617677778197885,58.9288646724282,74.68352371428034,185.58392749130175,350.09961455206263
308,7,0.525,0.0,49.5080130294191,66.88508153148855,0.0,5.8617677778197885,58.9288646724282,74.68352371428034,185.58392749130175,350.09961455206263
309,7,0.55,0.0,49.5080130294191,66.88508153148855,0.0,5.8617677778197885,58.9288646724282,74.68352371428034,185.58392749130175,350.09961455206263
310,7,0.5750000000000001,0.0,49.5080130294191,66.88508153148855,0.0,5.8617677778197885,58.9288646724282,74.68352371428034,185.58392749130175,350.09961455206263
311,7,0.6000000000000001,0.0,49.5080130294191,66.88508153148855,0.0,5.8617677778197885,58.9288646724282,74.68352371428034,185.58392749130175,350.09961455206263
312,7,0.625,0.0,49.5080130294191,66.88508153148855,0.0,5.8617677778197885,58.9288646724282,74.68352371428034,185.58392749130175,350.09961455206263
313,7,0.65,0.0,49.5080130294191,66.88508153148855,0.0,5.8617677778197885,58.9288646724282,74.68352371428034,185.58392749130175,350.09961455206263
314,7,0.675,0.0,49.5080130294191,66.88508153148855,0.0,5.8617677778197885,58.9288646724282,74.68352371428034,185.58392749130175,350.09961455206263
315,7,0.7000000000000001,0.0,49.5080130294191,66.88508153148855,0.0,5.8617677778197885,58.9288646724282,74.68352371428034,185.58392749130175,350.09961455206263
316,7,0.7250000000000001,0.0,49.5080130294191,66.88508153148855,0.0,5.8617677778197885,58.9288646724282,74.68352371428034,185.58392749130175,350.09961455206263
317,7,0.75,0.0,49.5080130294191,66.88508153148855,0.0,5.8617677778197885,58.9288646724282,74.68352371428034,185.58392749130175,350.09961455206263
318,7,0.775,0.0,49.5080130294191,66.88508153148855,0.0,5.8617677778197885,58.9288646724282,74.68352371428034,185.58392749130175,350.09961455206263
319,7,0.8,0.0,49.5080130294191,66.88508153148855,0.0,5.8617677778197885,58.9288646724282,74.68352371428034,185.58392749130175,350.09961455206263
320,7,0.8250000000000001,0.0,49.5080130294191,66.88508153148855,0.0,5.8617677778197885,58.9288646724282,74.68352371428034,185.58392749130175,350.09961455206263
321,7,0.8500000000000001,0.0,49.5080130294191,66.88508153148855,0.0,5.8617677778197885,58.9288646724282,74.68352371428034,185.58392749130175,350.09961455206263
322,7,0.875,0.0,49.5080130294191,66.88508153148855,0.0,5.8617677778197885,58.9288646724282,74.68352371428034,185.58392749130175,350.09961455206263
323,7,0.9,0.0,49.5080130294191,66.88508153148855,0.0,5.8617677778197885,58.9288646724282,74.68352371428034,185.58392749130175,350.09961455206263
324,7,0.925,0.0,49.5080130294191,66.88508153148855,0.0,5.8617677778197885,58.9288646724282,74.68352371428034,185.58392749130175,350.09961455206263
325,7,0.9500000000000001,0.0,49.5080130294191,66.88508153148855,0.0,5.8617677778197885,58.9288646724282,74.68352371428034,185.58392749130175,350.09961455206263
326,7,0.9750000000000001,0.0,49.5080130294191,66.88508153148855,0.0,5.8617677778197885,58.9288646724282,74.68352371428034,185.58392749130175,350.09961455206263
327,7,1.0,0.0,49.5080130294191,66.88508153148855,0.0,5.8617677778197885,58.9288646724282,74.68352371428034,185.58392749130175,350.09961455206263
328,8,0.0,0.0,56.3193278999541,60.51213003519538,0.0,6.97993823384148,53.4734949977607,78.95093861337023,199.90656973872993,352.89788914518596
329,8,0.025,0.0,56.3193278999541,60.51213003519538,0.0,6.97993823384148,53.4734949977607,78.95093861337023,199.90656973872993,352.89788914518596
330,8,0.05,0.0,56.3193278999541,60.51213003519538,0.0,6.97993823384148,53.4734949977607,78.95093861337023,199.90656973872993,352.89788914518596
331,8,0.07500000000000001,0.0,56.3193278999541,60.51213003519538,0.0,6.97993823384148,53.4734949977607,78.95093861337023,199.90656973872993,352.89788914518596
332,8,0.1,0.0,56.3193278999541,60.51213003519538,0.0,6.97993823384148,53.4734949977607,78.95093861337023,199.90656973872993,352.89788914518596
333,8,0.125,0.0,56.3193278999541,60.51213003519538,0.0,6.97993823384148,53.4734949977607,78.95093861337023,199.90656973872993,352.89788914518596
334,8,0.15000000000000002,0.0,56.3193278999541,60.51213003519538,0.0,6.97993823384148,53.4734949977607,78.95093861337023,199.90656973872993,352.89788914518596
335,8,0.17500000000000002,0.0,56.3193278999541,60.51213003519538,0.0,6.97993823384148,53.4734949977607,78.95093861337023,199.90656973872993,352.89788914518596
336,8,0.2,0.0,56.3193278999541,60.51213003519538,0.0,6.97993823384148,53.4734949977607,78.95093861337023,199.90656973872993,352.89788914518596
337,8,0.225,0.0,56.3193278999541,60.51213003519538,0.0,6.97993823384148,53.4734949977607,78.95093861337023,199.90656973872993,352.89788914518596
338,8,0.25,0.0,56.3193278999541,60.51213003519538,0.0,6.97993823384148,53.4734949977607,78.95093861337023,199.90656973872993,352.89788914518596
339,8,0.275,0.0,56.3193278999541,60.51213003519538,0.0,6.97993823384148,53.4734949977607,78.95093861337023,199.90656973872993,352.89788914518596
340,8,0.30000000000000004,0.0,56.3193278999541,60.51213003519538,0.0,6.97993823384148,53.4734949977607,78.95093861337023,199.90656973872993,352.89788914518596
341,8,0.325,0.0,56.3193278999541,60.51213003519538,0.0,6.97993823384148,53.4734949977607,78.95093861337023,199.90656973872993,352.89788914518596
342,8,0.35000000000000003,0.0,56.3193278999541,60.51213003519538,0.0,6.97993823384148,53.4734949977607,78.95093861337023,199.90656973872993,352.89788914518596
343,8,0.375,0.0,56.3193278999541,60.51213003519538,0.0,6.97993823384148,53.4734949977607,78.95093861337023,199.90656973872993,352.89788914518596
344,8,0.4,0.0,56.3193278999541,60.51213003519538,0.0,6.97993823384148,53.4734949977607,78.95093861337023,199.90656973872993,352.89788914518596
345,8,0.42500000000000004,0.0,56.3193278999541,60.51213003519538,0.0,6.97993823384148,53.4734949977607,78.95093861337023,199.90656973872993,352.89788914518596
346,8,0.45,0.0,56.3193278999541,60.51213003519538,0.0,6.97993823384148,53.4734949977607,78.95093861337023,199.90656973872993,352.89788914518596
347,8,0.47500000000000003,0.0,56.3193278999541,60.51213003519538,0.0,6.97993823384148,53.4734949977607,78.95093861337023,199.90656973872993,352.89788914518596
348,8,0.5,0.0,56.3193278999541,60.51213003519538,0.0,6.97993823384148,53.4734949977607,78.95093861337023,199.90656973872993,352.89788914518596
349,8,0.525,0.0,56.3193278999541,60.51213003519538,0.0,6.97993823384148,53.4734949977607,78.95093861337023,199.90656973872993,352.89788914518596
350,8,0.55,0.0,56.3193278999541,60.51213003519538,0.0,6.97993823384148,53.4734949977607,78.95093861337023,199.90656973872993,352.89788914518596
351,8,0.5750000000000001,0.0,56.3193278999541,60.51213003519538,0.0,6.97993823384148,53.4734949977607,78.95093861337023,199.90656973872993,352.89788914518596
352,8,0.6000000000000001,0.0,56.3193278999541,60.51213003519538,0.0,6.97993823384148,53.4734949977607,78.95093861337023,199.90656973872993,352.89788914518596
353,8,0.625,0.0,56.3193278999541,60.51213003519538,0.0,6.97993823384148,53.4734949977607,78.95093861337023,199.90656973872993,352.89788914518596
354,8,0.65,0.0,56.3193278999541,60.51213003519538,0.0,6.97993823384148,53.4734949977607,78.95093861337023,199.90656973872993,352.89788914518596
355,8,0.675,0.0,56.3193278999541,60.51213003519538,0.0,6.97993823384148,53.4734949977607,78.95093861337023,199.90656973872993,352.89788914518596
356,8,0.7000000000000001,0.0,56.3193278999541,60.51213003519538,0.0,6.97993823384148,53.4734949977607,78.95093861337023,199.90656973872993,352.89788914518596
357,8,0.7250000000000001,0.0,56.3193278999541,60.51213003519538,0.0,6.97993823384148,53.4734949977607,78.95093861337023,199.90656973872993,352.89788914518596
358,8,0.75,0.0,56.3193278999541,60.51213003519538,0.0,6.97993823384148,53.4734949977607,78.95093861337023,199.90656973872993,352.89788914518596
359,8,0.775,0.0,56.3193278999541,60.51213003519538,0.0,6.97993823384148,53.4734949977607,78.95093861337023,199.90656973872993,352.89788914518596
360,8,0.8,0.0,56.3193278999541,60.51213003519538,0.0,6.97993823384148,53.4734949977607,78.95093861337023,199.90656973872993,352.89788914518596
361,8,0.8250000000000001,0.0,56.3193278999541,60.51213003519538,0.0,6.97993823384148,53.4734949977607,78.95093861337023,199.90656973872993,352.89788914518596
362,8,0.8500000000000001,0.0,56.3193278999541,60.51213003519538,0.0,6.97993823384148,53.4734949977607,78.95093861337023,199.90656973872993,352.89788914518596
363,8,0.875,0.0,56.3193278999541,60.51213003519538,0.0,6.97993823384148,53.4734949977607,78.95093861337023,199.90656973872993,352.89788914518596
364,8,0.9,0.0,56.3193278999541,60.51213003519538,0.0,6.97993823384148,53.4734949977607,78.95093861337023,199.90656973872993,352.89788914518596
365,8,0.925,0.0,56.3193278999541,60.51213003519538,0.0,6.97993823384148,53.4734949977607,78.95093861337023,199.90656973872993,352.89788914518596
366,8,0.9500000000000001,0.0,56.3193278999541,60.51213003519538,0.0,6.97993823384148,53.4734949977607,78.95093861337023,199.90656973872993,352.89788914518596
367,8,0.9750000000000001,0.0,56.3193278999541,60.51213003519538,0.0,6.97993823384148,53.4734949977607,78.95093861337023,199.90656973872993,352.89788914518596
368,8,1.0,0.0,56.3193278999541,60.51213003519538,0.0,6.97993823384148,53.4734949977607,78.95093861337023,199.90656973872993,352.89788914518596
369,9,0.0,0.0,51.61328129638647,60.278682518241474,0.0,5.918367165778086,51.10933902311384,76.88042819681246,199.71943140803617,343.74297638958535
370,9,0.025,0.0,51.61328129638647,60.278682518241474,0.0,5.918367165778086,51.10933902311384,76.88042819681246,199.71943140803617,343.74297638958535
371,9,0.05,0.0,51.61328129638647,60.278682518241474,0.0,5.918367165778086,51.10933902311384,76.88042819681246,199.71943140803617,343.74297638958535
372,9,0.07500000000000001,0.0,51.61328129638647,60.278682518241474,0.0,5.918367165778086,51.10933902311384,76.88042819681246,199.71943140803617,343.74297638958535
373,9,0.1,0.0,51.61328129638647,60.278682518241474,0.0,5.918367165778086,51.10933902311384,76.88042819681246,199.71943140803617,343.74297638958535
374,9,0.125,0.0,51.61328129638647,60.278682518241474,0.0,5.918367165778086,51.10933902311384,76.88042819681246,199.71943140803617,343.74297638958535
375,9,0.15000000000000002,0.0,51.61328129638647,60.278682518241474,0.0,5.918367165778086,51.10933902311384,76.88042819681246,199.71943140803617,343.74297638958535
376,9,0.17500000000000002,0.0,51.61328129638647,60.278682518241474,0.0,5.918367165778086,51.10933902311384,76.88042819681246,199.71943140803617,343.74297638958535
377,9,0.2,0.0,51.61328129638647,60.278682518241474,0.0,5.918367165778086,51.10933902311384,76.88042819681246,199.71943140803617,343.74297638958535
378,9,0.225,0.0,51.61328129638647,60.278682518241474,0.0,5.918367165778086,51.10933902311384,76.88042819681246,199.71943140803617,343.74297638958535
379,9,0.25,0.0,51.61328129638647,60.278682518241474,0.0,5.918367165778086,51.10933902311384,76.88042819681246,199.71943140803617,343.74297638958535
380,9,0.275,0.0,51.61328129638647,60.278682518241474,0.0,5.918367165778086,51.10933902311384,76.88042819681246,199.71943140803617,343.74297638958535
381,9,0.30000000000000004,0.0,51.61328129638647,60.278682518241474,0.0,5.918367165778086,51.10933902311384,76.88042819681246,199.71943140803617,343.74297638958535
382,9,0.325,0.0,51.61328129638647,60.278682518241474,0.0,5.918367165778086,51.10933902311384,76.88042819681246,199.71943140803617,343.74297638958535
383,9,0.35000000000000003,0.0,51.61328129638647,60.278682518241474,0.0,5.918367165778086,51.10933902311384,76.88042819681246,199.71943140803617,343.74297638958535
384,9,0.375,0.0,51.61328129638647,60.278682518241474,0.0,5.918367165778086,51.10933902311384,76.88042819681246,199.71943140803617,343.74297638958535
385,9,0.4,0.0,51.61328129638647,60.278682518241474,0.0,5.918367165778086,51.10933902311384,76.88042819681246,199.71943140803617,343.74297638958535
386,9,0.42500000000000004,0.0,51.61328129638647,60.278682518241474,0.0,5.918367165778086,51.10933902311384,76.88042819681246,199.71943140803617,343.74297638958535
387,9,0.45,0.0,51.61328129638647,60.278682518241474,0.0,5.918367165778086,51.10933902311384,76.88042819681246,199.71943140803617,343.74297638958535
388,9,0.47500000000000003,0.0,51.61328129638647,60.278682518241474,0.0,5.918367165778086,51.10933902311384,76.88042819681246,199.71943140803617,343.74297638958535
389,9,0.5,0.0,51.61328129638647,60.278682518241474,0.0,5.918367165778086,51.10933902311384,76.88042819681246,199.71943140803617,343.74297638958535
390,9,0.525,0.0,51.61328129638647,60.278682518241474,0.0,5.918367165778086,51.10933902311384,76.88042819681246,199.71943140803617,343.74297638958535
391,9,0.55,0.0,51.61328129638647,60.278682518241474,0.0,5.918367165778086,51.10933902311384,76.88042819681246,199.71943140803617,343.74297638958535
392,9,0.5750000000000001,0.0,51.61328129638647,60.278682518241474,0.0,5.918367165778086,51.10933902311384,76.88042819681246,199.71943140803617,343.74297638958535
393,9,0.6000000000000001,0.0,51.61328129638647,60.278682518241474,0.0,5.918367165778086,51.10933902311384,76.88042819681246,199.71943140803617,343.74297638958535
394,9,0.625,0.0,51.61328129638647,60.278682518241474,0.0,5.918367165778086,51.10933902311384,76.88042819681246,199.71943140803617,343.74297638958535
395,9,0.65,0.0,51.61328129638647,60.278682518241474,0.0,5.918367165778086,51.10933902311384,76.88042819681246,199.71943140803617,343.74297638958535
396,9,0.675,0.0,51.61328129638647,60.278682518241474,0.0,5.918367165778086,51.10933902311384,76.88042819681246,199.71943140803617,343.74297638958535
397,9,0.7000000000000001,0.0,51.61328129638647,60.278682518241474,0.0,5.918367165778086,51.10933902311384,76.88042819681246,199.71943140803617,343.74297638958535
398,9,0.7250000000000001,0.0,51.61328129638647,60.278682518241474,0.0,5.918367165778086,51.10933902311384,76.88042819681246,199.71943140803617,343.74297638958535
399,9,0.75,0.0,51.61328129638647,60.278682518241474,0.0,5.918367165778086,51.10933902311384,76.88042819681246,199.71943140803617,343.74297638958535
400,9,0.775,0.0,51.61328129638647,60.278682518241474,0.0,5.918367165778086,51.10933902311384,76.88042819681246,199.71943140803617,343.74297638958535
401,9,0.8,0.0,51.61328129638647,60.278682518241474,0.0,5.918367165778086,51.10933902311384,76.88042819681246,199.71943140803617,343.74297638958535
402,9,0.8250000000000001,0.0,51.61328129638647,60.278682518241474,0.0,5.918367165778086,51.10933902311384,76.88042819681246,199.71943140803617,343.74297638958535
403,9,0.8500000000000001,0.0,51.61328129638647,60.278682518241474,0.0,5.918367165778086,51.10933902311384,76.88042819681246,199.71943140803617,343.74297638958535
404,9,0.875,0.0,51.61328129638647,60.278682518241474,0.0,5.918367165778086,51.10933902311384,76.88042819681246,199.71943140803617,343.74297638958535
405,9,0.9,0.0,51.61328129638647,60.278682518241474,0.0,5.918367165778086,51.10933902311384,76.88042819681246,199.71943140803617,343.74297638958535
406,9,0.925,0.0,51.61328129638647,60.278682518241474,0.0,5.918367165778086,51.10933902311384,76.88042819681246,199.71943140803617,343.74297638958535
407,9,0.9500000000000001,0.0,51.61328129638647,60.278682518241474,0.0,5.918367165778086,51.10933902311384,76.88042819681246,199.71943140803617,343.74297638958535
408,9,0.9750000000000001,0.0,51.61328129638647,60.278682518241474,0.0,5.918367165778086,51.10933902311384,76.88042819681246,199.71943140803617,343.74297638958535
409,9,1.0,0.0,51.61328129638647,60.278682518241474,0.0,5.918367165778086,51.10933902311384,76.88042819681246,199.71943140803617,343.74297638958535
410,10,0.0,0.0,48.04998593067508,61.02646522732866,0.0,6.075258073591854,50.976485576691,73.88767435642245,208.197622078601,362.60062656899686
411,10,0.025,0.0,48.04998593067508,61.02646522732866,0.0,6.075258073591854,50.976485576691,73.88767435642245,208.197622078601,362.60062656899686
412,10,0.05,0.0,48.04998593067508,61.02646522732866,0.0,6.075258073591854,50.976485576691,73.88767435642245,208.197622078601,362.60062656899686
413,10,0.07500000000000001,0.0,48.04998593067508,61.02646522732866,0.0,6.075258073591854,50.976485576691,73.88767435642245,208.197622078601,362.60062656899686
414,10,0.1,0.0,48.04998593067508,61.02646522732866,0.0,6.075258073591854,50.976485576691,73.88767435642245,208.197622078601,362.60062656899686
415,10,0.125,0.0,48.04998593067508,61.02646522732866,0.0,6.075258073591854,50.976485576691,73.88767435642245,208.197622078601,362.60062656899686
416,10,0.15000000000000002,0.0,48.04998593067508,61.02646522732866,0.0,6.075258073591854,50.976485576691,73.88767435642245,208.197622078601,362.60062656899686
417,10,0.17500000000000002,0.0,48.04998593067508,61.02646522732866,0.0,6.075258073591854,50.976485576691,73.88767435642245,208.197622078601,362.60062656899686
418,10,0.2,0.0,48.04998593067508,61.02646522732866,0.0,6.075258073591854,50.976485576691,73.88767435642245,208.197622078601,362.60062656899686
419,10,0.225,0.0,48.04998593067508,61.02646522732866,0.0,6.075258073591854,50.976485576691,73.88767435642245,208.197622078601,362.60062656899686
420,10,0.25,0.0,48.04998593067508,61.02646522732866,0.0,6.075258073591854,50.976485576691,73.88767435642245,208.197622078601,362.60062656899686
421,10,0.275,0.0,48.04998593067508,61.02646522732866,0.0,6.075258073591854,50.976485576691,73.88767435642245,208.197622078601,362.60062656899686
422,10,0.30000000000000004,0.0,48.04998593067508,61.02646522732866,0.0,6.075258073591854,50.976485576691,73.88767435642245,208.197622078601,362.60062656899686
423,10,0.325,0.0,48.04998593067508,61.02646522732866,0.0,6.075258073591854,50.976485576691,73.88767435642245,208.197622078601,362.60062656899686
424,10,0.35000000000000003,0.0,48.04998593067508,61.02646522732866,0.0,6.075258073591854,50.976485576691,73.88767435642245,208.197622078601,362.60062656899686
425,10,0.375,0.0,48.04998593067508,61.02646522732866,0.0,6.075258073591854,50.976485576691,73.88767435642245,208.197622078601,362.60062656899686
426,10,0.4,0.0,48.04998593067508,61.02646522732866,0.0,6.075258073591854,50.976485576691,73.88767435642245,208.197622078601,362.60062656899686
427,10,0.42500000000000004,0.0,48.04998593067508,61.02646522732866,0.0,6.075258073591854,50.976485576691,73.88767435642245,208.197622078601,362.60062656899686
428,10,0.45,0.0,48.04998593067508,61.02646522732866,0.0,6.075258073591854,50.976485576691,73.88767435642245,208.197622078601,362.60062656899686
429,10,0.47500000000000003,0.0,48.04998593067508,61.02646522732866,0.0,6.075258073591854,50.976485576691,73.88767435642245,208.197622078601,362.60062656899686
430,10,0.5,0.0,48.04998593067508,61.02646522732866,0.0,6.075258073591854,50.976485576691,73.88767435642245,208.197622078601,362.60062656899686
431,10,0.525,0.0,48.04998593067508,61.02646522732866,0.0,6.075258073591854,50.976485576691,73.88767435642245,208.197622078601,362.60062656899686
432,10,0.55,0.0,48.04998593067508,61.02646522732866,0.0,6.075258073591854,50.976485576691,73.88767435642245,208.197622078601,362.60062656899686
433,10,0.5750000000000001,0.0,48.04998593067508,61.02646522732866,0.0,6.075258073591854,50.976485576691,73.88767435642245,208.197622078601,362.60062656899686
434,10,0.6000000000000001,0.0,48.04998593067508,61.02646522732866,0.0,6.075258073591854,50.976485576691,73.88767435642245,208.197622078601,362.60062656899686
435,10,0.625,0.0,48.04998593067508,61.02646522732866,0.0,6.075258073591854,50.976485576691,73.88767435642245,208.197622078601,362.60062656899686
436,10,0.65,0.0,48.04998593067508,61.02646522732866,0.0,6.075258073591854,50.976485576691,73.88767435642245,208.197622078601,362.60062656899686
437,10,0.675,0.0,48.04998593067508,61.02646522732866,0.0,6.075258073591854,50.976485576691,73.88767435642245,208.197622078601,362.60062656899686
438,10,0.7000000000000001,0.0,48.04998593067508,61.02646522732866,0.0,6.075258073591854,50.976485576691,73.88767435642245,208.197622078601,362.60062656899686
439,10,0.7250000000000001,0.0,48.04998593067508,61.02646522732866,0.0,6.075258073591854,50.976485576691,73.88767435642245,208.197622078601,362.60062656899686
440,10,0.75,0.0,48.04998593067508,61.02646522732866,0.0,6.075258073591854,50.976485576691,73.88767435642245,208.197622078601,362.60062656899686
441,10,0.775,0.0,48.04998593067508,61.02646522732866,0.0,6.075258073591854,50.976485576691,73.88767435642245,208.197622078601,362.60062656899686
442,10,0.8,0.0,48.04998593067508,61.02646522732866,0.0,6.075258073591854,50.976485576691,73.88767435642245,208.197622078601,362.60062656899686
443,10,0.8250000000000001,0.0,48.04998593067508,61.02646522732866,0.0,6.075258073591854,50.976485576691,73.88767435642245,208.197622078601,362.60062656899686
444,10,0.8500000000000001,0.0,48.04998593067508,61.02646522732866,0.0,6.075258073591854,50.976485576691,73.88767435642245,208.197622078601,362.60062656899686
445,10,0.875,0.0,48.04998593067508,61.02646522732866,0.0,6.075258073591854,50.976485576691,73.88767435642245,208.197622078601,362.60062656899686
446,10,0.9,0.0,48.04998593067508,61.02646522732866,0.0,6.075258073591854,50.976485576691,73.88767435642245,208.197622078601,362.60062656899686
447,10,0.925,0.0,48.04998593067508,61.02646522732866,0.0,6.075258073591854,50.976485576691,73.88767435642245,208.197622078601,362.60062656899686
448,10,0.9500000000000001,0.0,48.04998593067508,61.02646522732866,0.0,6.075258073591854,50.976485576691,73.88767435642245,208.197622078601,362.60062656899686
449,10,0.9750000000000001,0.0,48.04998593067508,61.02646522732866,0.0,6.075258073591854,50.976485576691,73.88767435642245,208.197622078601,362.60062656899686
450,10,1.0,0.0,48.04998593067508,61.02646522732866,0.0,6.075258073591854,50.976485576691,73.88767435642245,208.197622078601,362.60062656899686
451,11,0.0,0.0,55.961209253775806,69.3497401876641,0.0,6.667646665751407,55.07904790355941,75.48979776832515,184.1568156922793,347.0602910402188
452,11,0.025,0.0,55.961209253775806,69.3497401876641,0.0,6.667646665751407,55.07904790355941,75.48979776832515,184.1568156922793,347.0602910402188
453,11,0.05,0.0,55.961209253775806,69.3497401876641,0.0,6.667646665751407,55.07904790355941,75.48979776832515,184.1568156922793,347.0602910402188
454,11,0.07500000000000001,0.0,55.961209253775806,69.3497401876641,0.0,6.667646665751407,55.07904790355941,75.48979776832515,184.1568156922793,347.0602910402188
455,11,0.1,0.0,55.961209253775806,69.3497401876641,0.0,6.667646665751407,55.07904790355941,75.48979776832515,184.1568156922793,347.0602910402188
456,11,0.125,0.0,55.961209253775806,69.3497401876641,0.0,6.667646665751407,55.07904790355941,75.48979776832515,184.1568156922793,347.0602910402188
457,11,0.15000000000000002,0.0,55.961209253775806,69.3497401876641,0.0,6.667646665751407,55.07904790355941,75.48979776832515,184.1568156922793,347.0602910402188
458,11,0.17500000000000002,0.0,55.961209253775806,69.3497401876641,0.0,6.667646665751407,55.07904790355941,75.48979776832515,184.1568156922793,347.0602910402188
459,11,0.2,0.0,55.961209253775806,69.3497401876641,0.0,6.667646665751407,55.07904790355941,75.48979776832515,184.1568156922793,347.0602910402188
460,11,0.225,0.0,55.961209253775806,69.3497401876641,0.0,6.667646665751407,55.07904790355941,75.48979776832515,184.1568156922793,347.0602910402188
461,11,0.25,0.0,55.961209253775806,69.3497401876641,0.0,6.667646665751407,55.07904790355941,75.48979776832515,184.1568156922793,347.0602910402188
462,11,0.275,0.0,55.961209253775806,69.3497401876641,0.0,6.667646665751407,55.07904790355941,75.48979776832515,184.1568156922793,347.0602910402188
463,11,0.30000000000000004,0.0,55.961209253775806,69.3497401876641,0.0,6.667646665751407,55.07904790355941,75.48979776832515,184.1568156922793,347.0602910402188
464,11,0.325,0.0,55.961209253775806,69.3497401876641,0.0,6.667646665751407,55.07904790355941,75.48979776832515,184.1568156922793,347.0602910402188
465,11,0.35000000000000003,0.0,55.961209253775806,69.3497401876641,0.0,6.667646665751407,55.07904790355941,75.48979776832515,184.1568156922793,347.0602910402188
466,11,0.375,0.0,55.961209253775806,69.3497401876641,0.0,6.667646665751407,55.07904790355941,75.48979776832515,184.1568156922793,347.0602910402188
467,11,0.4,0.0,55.961209253775806,69.3497401876641,0.0,6.667646665751407,55.07904790355941,75.48979776832515,184.1568156922793,347.0602910402188
468,11,0.42500000000000004,0.0,55.961209253775806,69.3497401876641,0.0,6.667646665751407,55.07904790355941,75.48979776832515,184.1568156922793,347.0602910402188
469,11,0.45,0.0,55.961209253775806,69.3497401876641,0.0,6.667646665751407,55.07904790355941,75.48979776832515,184.1568156922793,347.0602910402188
470,11,0.47500000000000003,0.0,55.961209253775806,69.3497401876641,0.0,6.667646665751407,55.07904790355941,75.48979776832515,184.1568156922793,347.0602910402188
471,11,0.5,0.0,55.961209253775806,69.3497401876641,0.0,6.667646665751407,55.07904790355941,75.48979776832515,184.1568156922793,347.0602910402188
472,11,0.525,0.0,55.961209253775806,69.3497401876641,0.0,6.667646665751407,55.07904790355941,75.48979776832515,184.1568156922793,347.0602910402188
473,11,0.55,0.0,55.961209253775806,69.3497401876641,0.0,6.667646665751407,55.07904790355941,75.48979776832515,184.1568156922793,347.0602910402188
474,11,0.5750000000000001,0.0,55.961209253775806,69.3497401876641,0.0,6.667646665751407,55.07904790355941,75.48979776832515,184.1568156922793,347.0602910402188
475,11,0.6000000000000001,0.0,55.961209253775806,69.3497401876641,0.0,6.667646665751407,55.07904790355941,75.48979776832515,184.1568156922793,347.0602910402188
476,11,0.625,0.0,55.961209253775806,69.3497401876641,0.0,6.667646665751407,55.07904790355941,75.48979776832515,184.1568156922793,347.0602910402188
477,11,0.65,0.0,55.961209253775806,69.3497401876641,0.0,6.667646665751407,55.07904790355941,75.48979776832515,184.1568156922793,347.0602910402188
478,11,0.675,0.0,55.961209253775806,69.3497401876641,0.0,6.667646665751407,55.07904790355941,75.48979776832515,184.1568156922793,347.0602910402188
479,11,0.7000000000000001,0.0,55.961209253775806,69.3497401876641,0.0,6.667646665751407,55.07904790355941,75.48979776832515,184.1568156922793,347.0602910402188
480,11,0.7250000000000001,0.0,55.961209253775806,69.3497401876641,0.0,6.667646665751407,55.07904790355941,75.48979776832515,184.1568156922793,347.0602910402188
481,11,0.75,0.0,55.961209253775806,69.3497401876641,0.0,6.667646665751407,55.07904790355941,75.48979776832515,184.1568156922793,347.0602910402188
482,11,0.775,0.0,55.961209253775806,69.3497401876641,0.0,6.667646665751407,55.07904790355941,75.48979776832515,184.1568156922793,347.0602910402188
483,11,0.8,0.0,55.961209253775806,69.3497401876641,0.0,6.667646665751407,55.07904790355941,75.48979776832515,184.1568156922793,347.0602910402188
484,11,0.8250000000000001,0.0,55.961209253775806,69.3497401876641,0.0,6.667646665751407,55.07904790355941,75.48979776832515,184.1568156922793,347.0602910402188
485,11,0.8500000000000001,0.0,55.961209253775806,69.3497401876641,0.0,6.667646665751407,55.07904790355941,75.48979776832515,184.1568156922793,347.0602910402188
486,11,0.875,0.0,55.961209253775806,69.3497401876641,0.0,6.667646665751407,55.07904790355941,75.48979776832515,184.1568156922793,347.0602910402188
487,11,0.9,0.0,55.961209253775806,69.3497401876641,0.0,6.667646665751407,55.07904790355941,75.48979776832515,184.1568156922793,347.0602910402188
488,11,0.925,0.0,55.961209253775806,69.3497401876641,0.0,6.667646665751407,55.07904790355941,75.48979776832515,184.1568156922793,347.0602910402188
489,11,0.9500000000000001,0.0,55.961209253775806,69.3497401876641,0.0,6.667646665751407,55.07904790355941,75.48979776832515,184.1568156922793,347.0602910402188
490,11,0.9750000000000001,0.0,55.961209253775806,69.3497401876641,0.0,6.667646665751407,55.07904790355941,75.48979776832515,184.1568156922793,347.0602910402188
491,11,1.0,0.0,55.961209253775806,69.3497401876641,0.0,6.667646665751407,55.07904790355941,75.48979776832515,184.1568156922793,347.0602910402188
492,12,0.0,0.0,49.15267708724282,64.27045840521751,0.0,6.718698868070031,51.036149337626306,72.94793129274426,179.07616538136745,320.9270621773474
493,12,0.025,0.0,49.15267708724282,64.27045840521751,0.0,6.718698868070031,51.036149337626306,72.94793129274426,179.07616538136745,320.9270621773474
494,12,0.05,0.0,49.15267708724282,64.27045840521751,0.0,6.718698868070031,51.036149337626306,72.94793129274426,179.07616538136745,320.9270621773474
495,12,0.07500000000000001,0.0,49.15267708724282,64.27045840521751,0.0,6.718698868070031,51.036149337626306,72.94793129274426,179.07616538136745,320.9270621773474
496,12,0.1,0.0,49.15267708724282,64.27045840521751,0.0,6.718698868070031,51.036149337626306,72.94793129274426,179.07616538136745,320.9270621773474
497,12,0.125,0.0,49.15267708724282,64.27045840521751,0.0,6.718698868070031,51.036149337626306,72.94793129274426,179.07616538136745,320.9270621773474
498,12,0.15000000000000002,0.0,49.15267708724282,64.27045840521751,0.0,6.718698868070031,51.036149337626306,72.94793129274426,179.07616538136745,320.9270621773474
499,12,0.17500000000000002,0.0,49.15267708724282,64.27045840521751,0.0,6.718698868070031,51.036149337626306,72.94793129274426,179.07616538136745,320.9270621773474
500,12,0.2,0.0,49.15267708724282,64.27045840521751,0.0,6.718698868070031,51.036149337626306,72.94793129274426,179.07616538136745,320.9270621773474
501,12,0.225,0.0,49.15267708724282,64.27045840521751,0.0,6.718698868070031,51.036149337626306,72.94793129274426,179.07616538136745,320.9270621773474
502,12,0.25,0.0,49.15267708724282,64.27045840521751,0.0,6.718698868070031,51.036149337626306,72.94793129274426,179.07616538136745,320.9270621773474
503,12,0.275,0.0,49.15267708724282,64.27045840521751,0.0,6.718698868070031,51.036149337626306,72.94793129274426,179.07616538136745,320.9270621773474
504,12,0.30000000000000004,0.0,49.15267708724282,64.27045840521751,0.0,6.718698868070031,51.036149337626306,72.94793129274426,179.07616538136745,320.9270621773474
505,12,0.325,0.0,49.15267708724282,64.27045840521751,0.0,6.718698868070031,51.036149337626306,72.94793129274426,179.07616538136745,320.9270621773474
506,12,0.35000000000000003,0.0,49.15267708724282,64.27045840521751,0.0,6.718698868070031,51.036149337626306,72.94793129274426,179.07616538136745,320.9270621773474
507,12,0.375,0.0,49.15267708724282,64.27045840521751,0.0,6.718698868070031,51.036149337626306,72.94793129274426,179.07616538136745,320.9270621773474
508,12,0.4,0.0,49.15267708724282,64.27045840521751,0.0,6.718698868070031,51.036149337626306,72.94793129274426,179.07616538136745,320.9270621773474
509,12,0.42500000000000004,0.0,49.15267708724282,64.27045840521751,0.0,6.718698868070031,51.036149337626306,72.94793129274426,179.07616538136745,320.9270621773474
510,12,0.45,0.0,49.15267708724282,64.27045840521751,0.0,6.718698868070031,51.036149337626306,72.94793129274426,179.07616538136745,320.9270621773474
511,12,0.47500000000000003,0.0,49.15267708724282,64.27045840521751,0.0,6.718698868070031,51.036149337626306,72.94793129274426,179.07616538136745,320.9270621773474
512,12,0.5,0.0,49.15267708724282,64.27045840521751,0.0,6.718698868070031,51.036149337626306,72.94793129274426,179.07616538136745,320.9270621773474
513,12,0.525,0.0,49.15267708724282,64.27045840521751,0.0,6.718698868070031,51.036149337626306,72.94793129274426,179.07616538136745,320.9270621773474
514,12,0.55,0.0,49.15267708724282,64.27045840521751,0.0,6.718698868070031,51.036149337626306,72.94793129274426,179.07616538136745,320.9270621773474
515,12,0.5750000000000001,0.0,49.15267708724282,64.27045840521751,0.0,6.718698868070031,51.036149337626306,72.94793129274426,179.07616538136745,320.9270621773474
516,12,0.6000000000000001,0.0,49.15267708724282,64.27045840521751,0.0,6.718698868070031,51.036149337626306,72.94793129274426,179.07616538136745,320.9270621773474
517,12,0.625,0.0,49.15267708724282,64.27045840521751,0.0,6.718698868070031,51.036149337626306,72.94793129274426,179.07616538136745,320.9270621773474
518,12,0.65,0.0,49.15267708724282,64.27045840521751,0.0,6.718698868070031,51.036149337626306,72.94793129274426,179.07616538136745,320.9270621773474
519,12,0.675,0.0,49.15267708724282,64.27045840521751,0.0,6.718698868070031,51.036149337626306,72.94793129274426,179.07616538136745,320.9270621773474
520,12,0.7000000000000001,0.0,49.15267708724282,64.27045840521751,0.0,6.718698868070031,51.036149337626306,72.94793129274426,179.07616538136745,320.9270621773474
521,12,0.7250000000000001,0.0,49.15267708724282,64.27045840521751,0.0,6.718698868070031,51.036149337626306,72.94793129274426,179.07616538136745,320.9270621773474
522,12,0.75,0.0,49.15267708724282,64.27045840521751,0.0,6.718698868070031,51.036149337626306,72.94793129274426,179.07616538136745,320.9270621773474
523,12,0.775,0.0,49.15267708724282,64.27045840521751,0.0,6.718698868070031,51.036149337626306,72.94793129274426,179.07616538136745,320.9270621773474
524,12,0.8,0.0,49.15267708724282,64.27045840521751,0.0,6.718698868070031,51.036149337626306,72.94793129274426,179.07616538136745,320.9270621773474
525,12,0.8250000000000001,0.0,49.15267708724282,64.27045840521751,0.0,6.718698868070031,51.036149337626306,72.94793129274426,179.07616538136745,320.9270621773474
526,12,0.8500000000000001,0.0,49.15267708724282,64.27045840521751,0.0,6.718698868070031,51.036149337626306,72.94793129274426,179.07616538136745,320.9270621773474
527,12,0.875,0.0,49.15267708724282,64.27045840521751,0.0,6.718698868070031,51.036149337626306,72.94793129274426,179.07616538136745,320.9270621773474
528,12,0.9,0.0,49.15267708724282,64.27045840521751,0.0,6.718698868070031,51.036149337626306,72.94793129274426,179.07616538136745,320.9270621773474
529,12,0.925,0.0,49.15267708724282,64.27045840521751,0.0,6.718698868070031,51.036149337626306,72.94793129274426,179.07616538136745,320.9270621773474
530,12,0.9500000000000001,0.0,49.15267708724282,64.27045840521751,0.0,6.718698868070031,51.036149337626306,72.94793129274426,179.07616538136745,320.9270621773474
531,12,0.9750000000000001,0.0,49.15267708724282,64.27045840521751,0.0,6.718698868070031,51.036149337626306,72.94793129274426,179.07616538136745,320.9270621773474
532,12,1.0,0.0,49.15267708724282,64.27045840521751,0.0,6.718698868070031,51.036149337626306,72.94793129274426,179.07616538136745,320.9270621773474
533,13,0.0,0.0,55.238979386861295,62.35518744702164,0.0,6.100147108630883,60.3147445751287,76.8155499218835,190.77028629455197,316.8657927899978
534,13,0.025,0.0,55.238979386861295,62.35518744702164,0.0,6.100147108630883,60.3147445751287,76.8155499218835,190.77028629455197,316.8657927899978
535,13,0.05,0.0,55.238979386861295,62.35518744702164,0.0,6.100147108630883,60.3147445751287,76.8155499218835,190.77028629455197,316.8657927899978
536,13,0.07500000000000001,0.0,55.238979386861295,62.35518744702164,0.0,6.100147108630883,60.3147445751287,76.8155499218835,190.77028629455197,316.8657927899978
537,13,0.1,0.0,55.238979386861295,62.35518744702164,0.0,6.100147108630883,60.3147445751287,76.8155499218835,190.77028629455197,316.8657927899978
538,13,0.125,0.0,55.238979386861295,62.35518744702164,0.0,6.100147108630883,60.3147445751287,76.8155499218835,190.77028629455197,316.8657927899978
539,13,0.15000000000000002,0.0,55.238979386861295,62.35518744702164,0.0,6.100147108630883,60.3147445751287,76.8155499218835,190.77028629455197,316.8657927899978
540,13,0.17500000000000002,0.0,55.238979386861295,62.35518744702164,0.0,6.100147108630883,60.3147445751287,76.8155499218835,190.77028629455197,316.8657927899978
541,13,0.2,0.0,55.238979386861295,62.35518744702164,0.0,6.100147108630883,60.3147445751287,76.8155499218835,190.77028629455197,316.8657927899978
542,13,0.225,0.0,55.238979386861295,62.35518744702164,0.0,6.100147108630883,60.3147445751287,76.8155499218835,190.77028629455197,316.8657927899978
543,13,0.25,0.0,55.238979386861295,62.35518744702164,0.0,6.100147108630883,60.3147445751287,76.8155499218835,190.77028629455197,316.8657927899978
544,13,0.275,0.0,55.238979386861295,62.35518744702164,0.0,6.100147108630883,60.3147445751287,76.8155499218835,190.77028629455197,316.8657927899978
545,13,0.30000000000000004,0.0,55.238979386861295,62.35518744702164,0.0,6.100147108630883,60.3147445751287,76.8155499218835,190.77028629455197,316.8657927899978
546,13,0.325,0.0,55.238979386861295,62.35518744702164,0.0,6.100147108630883,60.3147445751287,76.8155499218835,190.77028629455197,316.8657927899978
547,13,0.35000000000000003,0.0,55.238979386861295,62.35518744702164,0.0,6.100147108630883,60.3147445751287,76.8155499218835,190.77028629455197,316.8657927899978
548,13,0.375,0.0,55.238979386861295,62.35518744702164,0.0,6.100147108630883,60.3147445751287,76.8155499218835,190.77028629455197,316.8657927899978
549,13,0.4,0.0,55.238979386861295,62.35518744702164,0.0,6.100147108630883,60.3147445751287,76.8155499218835,190.77028629455197,316.8657927899978
550,13,0.42500000000000004,0.0,55.238979386861295,62.35518744702164,0.0,6.100147108630883,60.3147445751287,76.8155499218835,190.77028629455197,316.8657927899978
551,13,0.45,0.0,55.238979386861295,62.35518744702164,0.0,6.100147108630883,60.3147445751287,76.8155499218835,190.77028629455197,316.8657927899978
552,13,0.47500000000000003,0.0,55.238979386861295,62.35518744702164,0.0,6.100147108630883,60.3147445751287,76.8155499218835,190.77028629455197,316.8657927899978
553,13,0.5,0.0,55.238979386861295,62.35518744702164,0.0,6.100147108630883,60.3147445751287,76.8155499218835,190.77028629455197,316.8657927899978
554,13,0.525,0.0,55.238979386861295,62.35518744702164,0.0,6.100147108630883,60.3147445751287,76.8155499218835,190.77028629455197,316.8657927899978
555,13,0.55,0.0,55.238979386861295,62.35518744702164,0.0,6.100147108630883,60.3147445751287,76.8155499218835,190.77028629455197,316.8657927899978
556,13,0.5750000000000001,0.0,55.238979386861295,62.35518744702164,0.0,6.100147108630883,60.3147445751287,76.8155499218835,190.77028629455197,316.8657927899978
557,13,0.6000000000000001,0.0,55.238979386861295,62.35518744702164,0.0,6.100147108630883,60.3147445751287,76.8155499218835,190.77028629455197,316.8657927899978
558,13,0.625,0.0,55.238979386861295,62.35518744702164,0.0,6.100147108630883,60.3147445751287,76.8155499218835,190.77028629455197,316.8657927899978
559,13,0.65,0.0,55.238979386861295,62.35518744702164,0.0,6.100147108630883,60.3147445751287,76.8155499218835,190.77028629455197,316.8657927899978
560,13,0.675,0.0,55.238979386861295,62.35518744702164,0.0,6.100147108630883,60.3147445751287,76.8155499218835,190.77028629455197,316.8657927899978
561,13,0.7000000000000001,0.0,55.238979386861295,62.35518744702164,0.0,6.100147108630883,60.3147445751287,76.8155499218835,190.77028629455197,316.8657927899978
562,13,0.7250000000000001,0.0,55.238979386861295,62.35518744702164,0.0,6.100147108630883,60.3147445751287,76.8155499218835,190.77028629455197,316.8657927899978
563,13,0.75,0.0,55.238979386861295,62.35518744702164,0.0,6.100147108630883,60.3147445751287,76.8155499218835,190.77028629455197,316.8657927899978
564,13,0.775,0.0,55.238979386861295,62.35518744702164,0.0,6.100147108630883,60.3147445751287,76.8155499218835,190.77028629455197,316.8657927899978
565,13,0.8,0.0,55.238979386861295,62.35518744702164,0.0,6.100147108630883,60.3147445751287,76.8155499218835,190.77028629455197,316.8657927899978
566,13,0.8250000000000001,0.0,55.238979386861295,62.35518744702164,0.0,6.100147108630883,60.3147445751287,76.8155499218835,190.77028629455197,316.8657927899978
567,13,0.8500000000000001,0.0,55.238979386861295,62.35518744702164,0.0,6.100147108630883,60.3147445751287,76.8155499218835,190.77028629455197,316.8657927899978
568,13,0.875,0.0,55.238979386861295,62.35518744702164,0.0,6.100147108630883,60.3147445751287,76.8155499218835,190.77028629455197,316.8657927899978
569,13,0.9,0.0,55.238979386861295,62.35518744702164,0.0,6.100147108630883,60.3147445751287,76.8155499218835,190.77028629455197,316.8657927899978
570,13,0.925,0.0,55.238979386861295,62.35518744702164,0.0,6.100147108630883,60.3147445751287,76.8155499218835,190.77028629455197,316.8657927899978
571,13,0.9500000000000001,0.0,55.238979386861295,62.35518744702164,0.0,6.100147108630883,60.3147445751287,76.8155499218835,190.77028629455197,316.8657927899978
572,13,0.9750000000000001,0.0,55.238979386861295,62.35518744702164,0.0,6.100147108630883,60.3147445751287,76.8155499218835,190.77028629455197,316.8657927899978
573,13,1.0,0.0,55.238979386861295,62.35518744702164,0.0,6.100147108630883,60.3147445751287,76.8155499218835,190.77028629455197,316.8657927899978
574,14,0.0,0.0,51.437140771442316,72.06485238481615,0.0,5.987444497980654,55.33354031449045,72.90873125015217,176.43230547321397,299.20025774517
575,14,0.025,0.0,51.437140771442316,72.06485238481615,0.0,5.987444497980654,55.33354031449045,72.90873125015217,176.43230547321397,299.20025774517
576,14,0.05,0.0,51.437140771442316,72.06485238481615,0.0,5.987444497980654,55.33354031449045,72.90873125015217,176.43230547321397,299.20025774517
577,14,0.07500000000000001,0.0,51.437140771442316,72.06485238481615,0.0,5.987444497980654,55.33354031449045,72.90873125015217,176.43230547321397,299.20025774517
578,14,0.1,0.0,51.437140771442316,72.06485238481615,0.0,5.987444497980654,55.33354031449045,72.90873125015217,176.43230547321397,299.20025774517
579,14,0.125,0.0,51.437140771442316,72.06485238481615,0.0,5.987444497980654,55.33354031449045,72.90873125015217,176.43230547321397,299.20025774517
580,14,0.15000000000000002,0.0,51.437140771442316,72.06485238481615,0.0,5.987444497980654,55.33354031449045,72.90873125015217,176.43230547321397,299.20025774517
581,14,0.17500000000000002,0.0,51.437140771442316,72.06485238481615,0.0,5.987444497980654,55.33354031449045,72.90873125015217,176.43230547321397,299.20025774517
582,14,0.2,0.0,51.437140771442316,72.06485238481615,0.0,5.987444497980654,55.33354031449045,72.90873125015217,176.43230547321397,299.20025774517
583,14,0.225,0.0,51.437140771442316,72.06485238481615,0.0,5.987444497980654,55.33354031449045,72.90873125015217,176.43230547321397,299.20025774517
584,14,0.25,0.0,51.437140771442316,72.06485238481615,0.0,5.987444497980654,55.33354031449045,72.90873125015217,176.43230547321397,299.20025774517
585,14,0.275,0.0,51.437140771442316,72.06485238481615,0.0,5.987444497980654,55.33354031449045,72.90873125015217,176.43230547321397,299.20025774517
586,14,0.30000000000000004,0.0,51.437140771442316,72.06485238481615,0.0,5.987444497980654,55.33354031449045,72.90873125015217,176.43230547321397,299.20025774517
587,14,0.325,0.0,51.437140771442316,72.06485238481615,0.0,5.987444497980654,55.33354031449045,72.90873125015217,176.43230547321397,299.20025774517
588,14,0.35000000000000003,0.0,51.437140771442316,72.06485238481615,0.0,5.987444497980654,55.33354031449045,72.90873125015217,176.43230547321397,299.20025774517
589,14,0.375,0.0,51.437140771442316,72.06485238481615,0.0,5.987444497980654,55.33354031449045,72.90873125015217,176.43230547321397,299.20025774517
590,14,0.4,0.0,51.437140771442316,72.06485238481615,0.0,5.987444497980654,55.33354031449045,72.90873125015217,176.43230547321397,299.20025774517
591,14,0.42500000000000004,0.0,51.437140771442316,72.06485238481615,0.0,5.987444497980654,55.33354031449045,72.90873125015217,176.43230547321397,299.20025774517
592,14,0.45,0.0,51.437140771442316,72.06485238481615,0.0,5.987444497980654,55.33354031449045,72.90873125015217,176.43230547321397,299.20025774517
593,14,0.47500000000000003,0.0,51.437140771442316,72.06485238481615,0.0,5.987444497980654,55.33354031449045,72.90873125015217,176.43230547321397,299.20025774517
594,14,0.5,0.0,51.437140771442316,72.06485238481615,0.0,5.987444497980654,55.33354031449045,72.90873125015217,176.43230547321397,299.20025774517
595,14,0.525,0.0,51.437140771442316,72.06485238481615,0.0,5.987444497980654,55.33354031449045,72.90873125015217,176.43230547321397,299.20025774517
596,14,0.55,0.0,51.437140771442316,72.06485238481615,0.0,5.987444497980654,55.33354031449045,72.90873125015217,176.43230547321397,299.20025774517
597,14,0.5750000000000001,0.0,51.437140771442316,72.06485238481615,0.0,5.987444497980654,55.33354031449045,72.90873125015217,176.43230547321397,299.20025774517
598,14,0.6000000000000001,0.0,51.437140771442316,72.06485238481615,0.0,5.987444497980654,55.33354031449045,72.90873125015217,176.43230547321397,299.20025774517
599,14,0.625,0.0,51.437140771442316,72.06485238481615,0.0,5.987444497980654,55.33354031449045,72.90873125015217,176.43230547321397,299.20025774517
600,14,0.65,0.0,51.437140771442316,72.06485238481615,0.0,5.987444497980654,55.33354031449045,72.90873125015217,176.43230547321397,299.20025774517
601,14,0.675,0.0,51.437140771442316,72.06485238481615,0.0,5.987444497980654,55.33354031449045,72.90873125015217,176.43230547321397,299.20025774517
602,14,0.7000000000000001,0.0,51.437140771442316,72.06485238481615,0.0,5.987444497980654,55.33354031449045,72.90873125015217,176.43230547321397,299.20025774517
603,14,0.7250000000000001,0.0,51.437140771442316,72.06485238481615,0.0,5.987444497980654,55.33354031449045,72.90873125015217,176.43230547321397,299.20025774517
604,14,0.75,0.0,51.437140771442316,72.06485238481615,0.0,5.987444497980654,55.33354031449045,72.90873125015217,176.43230547321397,299.20025774517
605,14,0.775,0.0,51.437140771442316,72.06485238481615,0.0,5.987444497980654,55.33354031449045,72.90873125015217,176.43230547321397,299.20025774517
606,14,0.8,0.0,51.437140771442316,72.06485238481615,0.0,5.987444497980654,55.33354031449045,72.90873125015217,176.43230547321397,299.20025774517
607,14,0.8250000000000001,0.0,51.437140771442316,72.06485238481615,0.0,5.987444497980654,55.33354031449045,72.90873125015217,176.43230547321397,299.20025774517
608,14,0.8500000000000001,0.0,51.437140771442316,72.06485238481615,0.0,5.987444497980654,55.33354031449045,72.90873125015217,176.43230547321397,299.20025774517
609,14,0.875,0.0,51.437140771442316,72.06485238481615,0.0,5.987444497980654,55.33354031449045,72.90873125015217,176.43230547321397,299.20025774517
610,14,0.9,0.0,51.437140771442316,72.06485238481615,0.0,5.987444497980654,55.33354031449045,72.90873125015217,176.43230547321397,299.20025774517
611,14,0.925,0.0,51.437140771442316,72.06485238481615,0.0,5.987444497980654,55.33354031449045,72.90873125015217,176.43230547321397,299.20025774517
612,14,0.9500000000000001,0.0,51.437140771442316,72.06485238481615,0.0,5.987444497980654,55.33354031449045,72.90873125015217,176.43230547321397,299.20025774517
613,14,0.9750000000000001,0.0,51.437140771442316,72.06485238481615,0.0,5.987444497980654,55.33354031449045,72.90873125015217,176.43230547321397,299.20025774517
614,14,1.0,0.0,51.437140771442316,72.06485238481615,0.0,5.987444497980654,55.33354031449045,72.90873125015217,176.43230547321397,299.20025774517
615,15,0.0,0.0,47.83433138817186,60.06080242362024,0.0,5.8631305825795215,60.3047101026094,70.03570164624558,199.469826895649,309.7192896126882
616,15,0.025,0.0,47.83433138817186,60.06080242362024,0.0,5.8631305825795215,60.3047101026094,70.03570164624558,199.469826895649,309.7192896126882
617,15,0.05,0.0,47.83433138817186,60.06080242362024,0.0,5.8631305825795215,60.3047101026094,70.03570164624558,199.469826895649,309.7192896126882
618,15,0.07500000000000001,0.0,47.83433138817186,60.06080242362024,0.0,5.8631305825795215,60.3047101026094,70.03570164624558,199.469826895649,309.7192896126882
619,15,0.1,0.0,47.83433138817186,60.06080242362024,0.0,5.8631305825795215,60.3047101026094,70.03570164624558,199.469826895649,309.7192896126882
620,15,0.125,0.0,47.83433138817186,60.06080242362024,0.0,5.8631305825795215,60.3047101026094,70.03570164624558,199.469826895649,309.7192896126882
621,15,0.15000000000000002,0.0,47.83433138817186,60.06080242362024,0.0,5.8631305825795215,60.3047101026094,70.03570164624558,199.469826895649,309.7192896126882
622,15,0.17500000000000002,0.0,47.83433138817186,60.06080242362024,0.0,5.8631305825795215,60.3047101026094,70.03570164624558,199.469826895649,309.7192896126882
623,15,0.2,0.0,47.83433138817186,60.06080242362024,0.0,5.8631305825795215,60.3047101026094,70.03570164624558,199.469826895649,309.7192896126882
624,15,0.225,0.0,47.83433138817186,60.06080242362024,0.0,5.8631305825795215,60.3047101026094,70.03570164624558,199.469826895649,309.7192896126882
625,15,0.25,0.0,47.83433138817186,60.06080242362024,0.0,5.8631305825795215,60.3047101026094,70.03570164624558,199.469826895649,309.7192896126882
626,15,0.275,0.0,47.83433138817186,60.06080242362024,0.0,5.8631305825795215,60.3047101026094,70.03570164624558,199.469826895649,309.7192896126882
627,15,0.30000000000000004,0.0,47.83433138817186,60.06080242362024,0.0,5.8631305825795215,60.3047101026094,70.03570164624558,199.469826895649,309.7192896126882
628,15,0.325,0.0,47.83433138817186,60.06080242362024,0.0,5.8631305825795215,60.3047101026094,70.03570164624558,199.469826895649,309.7192896126882
629,15,0.35000000000000003,0.0,47.83433138817186,60.06080242362024,0.0,5.8631305825795215,60.3047101026094,70.03570164624558,199.469826895649,309.7192896126882
630,15,0.375,0.0,47.83433138817186,60.06080242362024,0.0,5.8631305825795215,60.3047101026094,70.03570164624558,199.469826895649,309.7192896126882
631,15,0.4,0.0,47.83433138817186,60.06080242362024,0.0,5.8631305825795215,60.3047101026094,70.03570164624558,199.469826895649,309.7192896126882
632,15,0.42500000000000004,0.0,47.83433138817186,60.06080242362024,0.0,5.8631305825795215,60.3047101026094,70.03570164624558,199.469826895649,309.7192896126882
633,15,0.45,0.0,47.83433138817186,60.06080242362024,0.0,5.8631305825795215,60.3047101026094,70.03570164624558,199.469826895649,309.7192896126882
634,15,0.47500000000000003,0.0,47.83433138817186,60.06080242362024,0.0,5.8631305825795215,60.3047101026094,70.03570164624558,199.469826895649,309.7192896126882
635,15,0.5,0.0,47.83433138817186,60.06080242362024,0.0,5.8631305825795215,60.3047101026094,70.03570164624558,199.469826895649,309.7192896126882
636,15,0.525,0.0,47.83433138817186,60.06080242362024,0.0,5.8631305825795215,60.3047101026094,70.03570164624558,199.469826895649,309.7192896126882
637,15,0.55,0.0,47.83433138817186,60.06080242362024,0.0,5.8631305825795215,60.3047101026094,70.03570164624558,199.469826895649,309.7192896126882
638,15,0.5750000000000001,0.0,47.83433138817186,60.06080242362024,0.0,5.8631305825795215,60.3047101026094,70.03570164624558,199.469826895649,309.7192896126882
639,15,0.6000000000000001,0.0,47.83433138817186,60.06080242362024,0.0,5.8631305825795215,60.3047101026094,70.03570164624558,199.469826895649,309.7192896126882
640,15,0.625,0.0,47.83433138817186,60.06080242362024,0.0,5.8631305825795215,60.3047101026094,70.03570164624558,199.469826895649,309.7192896126882
641,15,0.65,0.0,47.83433138817186,60.06080242362024,0.0,5.8631305825795215,60.3047101026094,70.03570164624558,199.469826895649,309.7192896126882
642,15,0.675,0.0,47.83433138817186,60.06080242362024,0.0,5.8631305825795215,60.3047101026094,70.03570164624558,199.469826895649,309.7192896126882
643,15,0.7000000000000001,0.0,47.83433138817186,60.06080242362024,0.0,5.8631305825795215,60.3047101026094,70.03570164624558,199.469826895649,309.7192896126882
644,15,0.7250000000000001,0.0,47.83433138817186,60.06080242362024,0.0,5.8631305825795215,60.3047101026094,70.03570164624558,199.469826895649,309.7192896126882
645,15,0.75,0.0,47.83433138817186,60.06080242362024,0.0,5.8631305825795215,60.3047101026094,70.03570164624558,199.469826895649,309.7192896126882
646,15,0.775,0.0,47.83433138817186,60.06080242362024,0.0,5.8631305825795215,60.3047101026094,70.03570164624558,199.469826895649,309.7192896126882
647,15,0.8,0.0,47.83433138817186,60.06080242362024,0.0,5.8631305825795215,60.3047101026094,70.03570164624558,199.469826895649,309.7192896126882
648,15,0.8250000000000001,0.0,47.83433138817186,60.06080242362024,0.0,5.8631305825795215,60.3047101026094,70.03570164624558,199.469826895649,309.7192896126882
649,15,0.8500000000000001,0.0,47.83433138817186,60.06080242362024,0.0,5.8631305825795215,60.3047101026094,70.03570164624558,199.469826895649,309.7192896126882
650,15,0.875,0.0,47.83433138817186,60.06080242362024,0.0,5.8631305825795215,60.3047101026094,70.03570164624558,199.469826895649,309.7192896126882
651,15,0.9,0.0,47.83433138817186,60.06080242362024,0.0,5.8631305825795215,60.3047101026094,70.03570164624558,199.469826895649,309.7192896126882
652,15,0.925,0.0,47.83433138817186,60.06080242362024,0.0,5.8631305825795215,60.3047101026094,70.03570164624558,199.469826895649,309.7192896126882
653,15,0.9500000000000001,0.0,47.83433138817186,60.06080242362024,0.0,5.8631305825795215,60.3047101026094,70.03570164624558,199.469826895649,309.7192896126882
654,15,0.9750000000000001,0.0,47.83433138817186,60.06080242362024,0.0,5.8631305825795215,60.3047101026094,70.03570164624558,199.469826895649,309.7192896126882
655,15,1.0,0.0,47.83433138817186,60.06080242362024,0.0,5.8631305825795215,60.3047101026094,70.03570164624558,199.469826895649,309.7192896126882
656,16,0.0,0.0,56.10232101886895,67.80933958250377,0.0,6.482497073063638,59.25874834329662,77.98786339093634,202.8844639301739,307.41213691847094
657,16,0.025,0.0,56.10232101886895,67.80933958250377,0.0,6.482497073063638,59.25874834329662,77.98786339093634,202.8844639301739,307.41213691847094
658,16,0.05,0.0,56.10232101886895,67.80933958250377,0.0,6.482497073063638,59.25874834329662,77.98786339093634,202.8844639301739,307.41213691847094
659,16,0.07500000000000001,0.0,56.10232101886895,67.80933958250377,0.0,6.482497073063638,59.25874834329662,77.98786339093634,202.8844639301739,307.41213691847094
660,16,0.1,0.0,56.10232101886895,67.80933958250377,0.0,6.482497073063638,59.25874834329662,77.98786339093634,202.8844639301739,307.41213691847094
661,16,0.125,0.0,56.10232101886895,67.80933958250377,0.0,6.482497073063638,59.25874834329662,77.98786339093634,202.8844639301739,307.41213691847094
662,16,0.15000000000000002,0.0,56.10232101886895,67.80933958250377,0.0,6.482497073063638,59.25874834329662,77.98786339093634,202.8844639301739,307.41213691847094
663,16,0.17500000000000002,0.0,56.10232101886895,67.80933958250377,0.0,6.482497073063638,59.25874834329662,77.98786339093634,202.8844639301739,307.41213691847094
664,16,0.2,0.0,56.10232101886895,67.80933958250377,0.0,6.482497073063638,59.25874834329662,77.98786339093634,202.8844639301739,307.41213691847094
665,16,0.225,0.0,56.10232101886895,67.80933958250377,0.0,6.482497073063638,59.25874834329662,77.98786339093634,202.8844639301739,307.41213691847094
666,16,0.25,0.0,56.10232101886895,67.80933958250377,0.0,6.482497073063638,59.25874834329662,77.98786339093634,202.8844639301739,307.41213691847094
667,16,0.275,0.0,56.10232101886895,67.80933958250377,0.0,6.482497073063638,59.25874834329662,77.98786339093634,202.8844639301739,307.41213691847094
668,16,0.30000000000000004,0.0,56.10232101886895,67.80933958250377,0.0,6.482497073063638,59.25874834329662,77.98786339093634,202.8844639301739,307.41213691847094
669,16,0.325,0.0,56.10232101886895,67.80933958250377,0.0,6.482497073063638,59.25874834329662,77.98786339093634,202.8844639301739,307.41213691847094
670,16,0.35000000000000003,0.0,56.10232101886895,67.80933958250377,0.0,6.482497073063638,59.25874834329662,77.98786339093634,202.8844639301739,307.41213691847094
671,16,0.375,0.0,56.10232101886895,67.80933958250377,0.0,6.482497073063638,59.25874834329662,77.98786339093634,202.8844639301739,307.41213691847094
672,16,0.4,0.0,56.10232101886895,67.80933958250377,0.0,6.482497073063638,59.25874834329662,77.98786339093634,202.8844639301739,307.41213691847094
673,16,0.42500000000000004,0.0,56.10232101886895,67.80933958250377,0.0,6.482497073063638,59.25874834329662,77.98786339093634,202.8844639301739,307.41213691847094
674,16,0.45,0.0,56.10232101886895,67.80933958250377,0.0,6.482497073063638,59.25874834329662,77.98786339093634,202.8844639301739,307.41213691847094
675,16,0.47500000000000003,0.0,56.10232101886895,67.80933958250377,0.0,6.482497073063638,59.25874834329662,77.98786339093634,202.8844639301739,307.41213691847094
676,16,0.5,0.0,56.10232101886895,67.80933958250377,0.0,6.482497073063638,59.25874834329662,77.98786339093634,202.8844639301739,307.41213691847094
677,16,0.525,0.0,56.10232101886895,67.80933958250377,0.0,6.482497073063638,59.25874834329662,77.98786339093634,202.8844639301739,307.41213691847094
678,16,0.55,0.0,56.10232101886895,67.80933958250377,0.0,6.482497073063638,59.25874834329662,77.98786339093634,202.8844639301739,307.41213691847094
679,16,0.5750000000000001,0.0,56.10232101886895,67.80933958250377,0.0,6.482497073063638,59.25874834329662,77.98786339093634,202.8844639301739,307.41213691847094
680,16,0.6000000000000001,0.0,56.10232101886895,67.80933958250377,0.0,6.482497073063638,59.25874834329662,77.98786339093634,202.8844639301739,307.41213691847094
681,16,0.625,0.0,56.10232101886895,67.80933958250377,0.0,6.482497073063638,59.25874834329662,77.98786339093634,202.8844639301739,307.41213691847094
682,16,0.65,0.0,56.10232101886895,67.80933958250377,0.0,6.482497073063638,59.25874834329662,77.98786339093634,202.8844639301739,307.41213691847094
683,16,0.675,0.0,56.10232101886895,67.80933958250377,0.0,6.482497073063638,59.25874834329662,77.98786339093634,202.8844639301739,307.41213691847094
684,16,0.7000000000000001,0.0,56.10232101886895,67.80933958250377,0.0,6.482497073063638,59.25874834329662,77.98786339093634,202.8844639301739,307.41213691847094
685,16,0.7250000000000001,0.0,56.10232101886895,67.80933958250377,0.0,6.482497073063638,59.25874834329662,77.98786339093634,202.8844639301739,307.41213691847094
686,16,0.75,0.0,56.10232101886895,67.80933958250377,0.0,6.482497073063638,59.25874834329662,77.98786339093634,202.8844639301739,307.41213691847094
687,16,0.775,0.0,56.10232101886895,67.80933958250377,0.0,6.482497073063638,59.25874834329662,77.98786339093634,202.8844639301739,307.41213691847094
688,16,0.8,0.0,56.10232101886895,67.80933958250377,0.0,6.482497073063638,59.25874834329662,77.98786339093634,202.8844639301739,307.41213691847094
689,16,0.8250000000000001,0.0,56.10232101886895,67.80933958250377,0.0,6.482497073063638,59.25874834329662,77.98786339093634,202.8844639301739,307.41213691847094
690,16,0.8500000000000001,0.0,56.10232101886895,67.80933958250377,0.0,6.482497073063638,59.25874834329662,77.98786339093634,202.8844639301739,307.41213691847094
691,16,0.875,0.0,56.10232101886895,67.80933958250377,0.0,6.482497073063638,59.25874834329662,77.98786339093634,202.8844639301739,307.41213691847094
692,16,0.9,0.0,56.10232101886895,67.80933958250377,0.0,6.482497073063638,59.25874834329662,77.98786339093634,202.8844639301739,307.41213691847094
693,16,0.925,0.0,56.10232101886895,67.80933958250377,0.0,6.482497073063638,59.25874834329662,77.98786339093634,202.8844639301739,307.41213691847094
694,16,0.9500000000000001,0.0,56.10232101886895,67.80933958250377,0.0,6.482497073063638,59.25874834329662,77.98786339093634,202.8844639301739,307.41213691847094
695,16,0.9750000000000001,0.0,56.10232101886895,67.80933958250377,0.0,6.482497073063638,59.25874834329662,77.98786339093634,202.8844639301739,307.41213691847094
696,16,1.0,0.0,56.10232101886895,67.80933958250377,0.0,6.482497073063638,59.25874834329662,77.98786339093634,202.8844639301739,307.41213691847094
697,17,0.0,0.0,53.4521540221255,69.82514763392115,0.0,6.124478376745278,55.743856093883686,81.08974930965505,205.61454429896685,342.0997838847778
698,17,0.025,0.0,53.4521540221255,69.82514763392115,0.0,6.124478376745278,55.743856093883686,81.08974930965505,205.61454429896685,342.0997838847778
699,17,0.05,0.0,53.4521540221255,69.82514763392115,0.0,6.124478376745278,55.743856093883686,81.08974930965505,205.61454429896685,342.0997838847778
700,17,0.07500000000000001,0.0,53.4521540221255,69.82514763392115,0.0,6.124478376745278,55.743856093883686,81.08974930965505,205.61454429896685,342.0997838847778
701,17,0.1,0.0,53.4521540221255,69.82514763392115,0.0,6.124478376745278,55.743856093883686,81.08974930965505,205.61454429896685,342.0997838847778
702,17,0.125,0.0,53.4521540221255,69.82514763392115,0.0,6.124478376745278,55.743856093883686,81.08974930965505,205.61454429896685,342.0997838847778
703,17,0.15000000000000002,0.0,53.4521540221255,69.82514763392115,0.0,6.124478376745278,55.743856093883686,81.08974930965505,205.61454429896685,342.0997838847778
704,17,0.17500000000000002,0.0,53.4521540221255,69.82514763392115,0.0,6.124478376745278,55.743856093883686,81.08974930965505,205.61454429896685,342.0997838847778
705,17,0.2,0.0,53.4521540221255,69.82514763392115,0.0,6.124478376745278,55.743856093883686,81.08974930965505,205.61454429896685,342.0997838847778
706,17,0.225,0.0,53.4521540221255,69.82514763392115,0.0,6.124478376745278,55.743856093883686,81.08974930965505,205.61454429896685,342.0997838847778
707,17,0.25,0.0,53.4521540221255,69.82514763392115,0.0,6.124478376745278,55.743856093883686,81.08974930965505,205.61454429896685,342.0997838847778
708,17,0.275,0.0,53.4521540221255,69.82514763392115,0.0,6.124478376745278,55.743856093883686,81.08974930965505,205.61454429896685,342.0997838847778
709,17,0.30000000000000004,0.0,53.4521540221255,69.82514763392115,0.0,6.124478376745278,55.743856093883686,81.08974930965505,205.61454429896685,342.0997838847778
710,17,0.325,0.0,53.4521540221255,69.82514763392115,0.0,6.124478376745278,55.743856093883686,81.08974930965505,205.61454429896685,342.0997838847778
711,17,0.35000000000000003,0.0,53.4521540221255,69.82514763392115,0.0,6.124478376745278,55.743856093883686,81.08974930965505,205.61454429896685,342.0997838847778
712,17,0.375,0.0,53.4521540221255,69.82514763392115,0.0,6.124478376745278,55.743856093883686,81.08974930965505,205.61454429896685,342.0997838847778
713,17,0.4,0.0,53.4521540221255,69.82514763392115,0.0,6.124478376745278,55.743856093883686,81.08974930965505,205.61454429896685,342.0997838847778
714,17,0.42500000000000004,0.0,53.4521540221255,69.82514763392115,0.0,6.124478376745278,55.743856093883686,81.08974930965505,205.61454429896685,342.0997838847778
715,17,0.45,0.0,53.4521540221255,69.82514763392115,0.0,6.124478376745278,55.743856093883686,81.08974930965505,205.61454429896685,342.0997838847778
716,17,0.47500000000000003,0.0,53.4521540221255,69.82514763392115,0.0,6.124478376745278,55.743856093883686,81.08974930965505,205.61454429896685,342.0997838847778
717,17,0.5,0.0,53.4521540221255,69.82514763392115,0.0,6.124478376745278,55.743856093883686,81.08974930965505,205.61454429896685,342.0997838847778
718,17,0.525,0.0,53.4521540221255,69.82514763392115,0.0,6.124478376745278,55.743856093883686,81.08974930965505,205.61454429896685,342.0997838847778
719,17,0.55,0.0,53.4521540221255,69.82514763392115,0.0,6.124478376745278,55.743856093883686,81.08974930965505,205.61454429896685,342.0997838847778
720,17,0.5750000000000001,0.0,53.4521540221255,69.82514763392115,0.0,6.124478376745278,55.743856093883686,81.08974930965505,205.61454429896685,342.0997838847778
721,17,0.6000000000000001,0.0,53.4521540221255,69.82514763392115,0.0,6.124478376745278,55.743856093883686,81.08974930965505,205.61454429896685,342.0997838847778
722,17,0.625,0.0,53.4521540221255,69.82514763392115,0.0,6.124478376745278,55.743856093883686,81.08974930965505,205.61454429896685,342.0997838847778
723,17,0.65,0.0,53.4521540221255,69.82514763392115,0.0,6.124478376745278,55.743856093883686,81.08974930965505,205.61454429896685,342.0997838847778
724,17,0.675,0.0,53.4521540221255,69.82514763392115,0.0,6.124478376745278,55.743856093883686,81.08974930965505,205.61454429896685,342.0997838847778
725,17,0.7000000000000001,0.0,53.4521540221255,69.82514763392115,0.0,6.124478376745278,55.743856093883686,81.08974930965505,205.61454429896685,342.0997838847778
726,17,0.7250000000000001,0.0,53.4521540221255,69.82514763392115,0.0,6.124478376745278,55.743856093883686,81.08974930965505,205.61454429896685,342.0997838847778
727,17,0.75,0.0,53.4521540221255,69.82514763392115,0.0,6.124478376745278,55.743856093883686,81.08974930965505,205.61454429896685,342.0997838847778
728,17,0.775,0.0,53.4521540221255,69.82514763392115,0.0,6.124478376745278,55.743856093883686,81.08974930965505,205.61454429896685,342.0997838847778
729,17,0.8,0.0,53.4521540221255,69.82514763392115,0.0,6.124478376745278,55.743856093883686,81.08974930965505,205.61454429896685,342.0997838847778
730,17,0.8250000000000001,0.0,53.4521540221255,69.82514763392115,0.0,6.124478376745278,55.743856093883686,81.08974930965505,205.61454429896685,342.0997838847778
731,17,0.8500000000000001,0.0,53.4521540221255,69.82514763392115,0.0,6.124478376745278,55.743856093883686,81.08974930965505,205.61454429896685,342.0997838847778
732,17,0.875,0.0,53.4521540221255,69.82514763392115,0.0,6.124478376745278,55.743856093883686,81.08974930965505,205.61454429896685,342.0997838847778
733,17,0.9,0.0,53.4521540221255,69.82514763392115,0.0,6.124478376745278,55.743856093883686,81.08974930965505,205.61454429896685,342.0997838847778
734,17,0.925,0.0,53.4521540221255,69.82514763392115,0.0,6.124478376745278,55.743856093883686,81.08974930965505,205.61454429896685,342.0997838847778
735,17,0.9500000000000001,0.0,53.4521540221255,69.82514763392115,0.0,6.124478376745278,55.743856093883686,81.08974930965505,205.61454429896685,342.0997838847778
736,17,0.9750000000000001,0.0,53.4521540221255,69.82514763392115,0.0,6.124478376745278,55.743856093883686,81.08974930965505,205.61454429896685,342.0997838847778
737,17,1.0,0.0,53.4521540221255,69.82514763392115,0.0,6.124478376745278,55.743856093883686,81.08974930965505,205.61454429896685,342.0997838847778
738,18,0.0,0.0,56.48023660711914,63.586799294614885,0.0,6.983598374661362,56.50498644456736,73.49377318939081,176.62941408969317,308.11878118690504
739,18,0.025,0.0,56.48023660711914,63.586799294614885,0.0,6.983598374661362,56.50498644456736,73.49377318939081,176.62941408969317,308.11878118690504
740,18,0.05,0.0,56.48023660711914,63.586799294614885,0.0,6.983598374661362,56.50498644456736,73.49377318939081,176.62941408969317,308.11878118690504
741,18,0.07500000000000001,0.0,56.48023660711914,63.586799294614885,0.0,6.983598374661362,56.50498644456736,73.49377318939081,176.62941408969317,308.11878118690504
742,18,0.1,0.0,56.48023660711914,63.586799294614885,0.0,6.983598374661362,56.50498644456736,73.49377318939081,176.62941408969317,308.11878118690504
743,18,0.125,0.0,56.48023660711914,63.586799294614885,0.0,6.983598374661362,56.50498644456736,73.49377318939081,176.62941408969317,308.11878118690504
744,18,0.15000000000000002,0.0,56.48023660711914,63.586799294614885,0.0,6.983598374661362,56.50498644456736,73.49377318939081,176.62941408969317,308.11878118690504
745,18,0.17500000000000002,0.0,56.48023660711914,63.586799294614885,0.0,6.983598374661362,56.50498644456736,73.49377318939081,176.62941408969317,308.11878118690504
746,18,0.2,0.0,56.48023660711914,63.586799294614885,0.0,6.983598374661362,56.50498644456736,73.49377318939081,176.62941408969317,308.11878118690504
747,18,0.225,0.0,56.48023660711914,63.586799294614885,0.0,6.983598374661362,56.50498644456736,73.49377318939081,176.62941408969317,308.11878118690504
748,18,0.25,0.0,56.48023660711914,63.586799294614885,0.0,6.983598374661362,56.50498644456736,73.49377318939081,176.62941408969317,308.11878118690504
749,18,0.275,0.0,56.48023660711914,63.586799294614885,0.0,6.983598374661362,56.50498644456736,73.49377318939081,176.62941408969317,308.11878118690504
750,18,0.30000000000000004,0.0,56.48023660711914,63.586799294614885,0.0,6.983598374661362,56.50498644456736,73.49377318939081,176.62941408969317,308.11878118690504
751,18,0.325,0.0,56.48023660711914,63.586799294614885,0.0,6.983598374661362,56.50498644456736,73.49377318939081,176.62941408969317,308.11878118690504
752,18,0.35000000000000003,0.0,56.48023660711914,63.586799294614885,0.0,6.983598374661362,56.50498644456736,73.49377318939081,176.62941408969317,308.11878118690504
753,18,0.375,0.0,56.48023660711914,63.586799294614885,0.0,6.983598374661362,56.50498644456736,73.49377318939081,176.62941408969317,308.11878118690504
754,18,0.4,0.0,56.48023660711914,63.586799294614885,0.0,6.983598374661362,56.50498644456736,73.49377318939081,176.62941408969317,308.11878118690504
755,18,0.42500000000000004,0.0,56.48023660711914,63.586799294614885,0.0,6.983598374661362,56.50498644456736,73.49377318939081,176.62941408969317,308.11878118690504
756,18,0.45,0.0,56.48023660711914,63.586799294614885,0.0,6.983598374661362,56.50498644456736,73.49377318939081,176.62941408969317,308.11878118690504
757,18,0.47500000000000003,0.0,56.48023660711914,63.586799294614885,0.0,6.983598374661362,56.50498644456736,73.49377318939081,176.62941408969317,308.11878118690504
758,18,0.5,0.0,56.48023660711914,63.586799294614885,0.0,6.983598374661362,56.50498644456736,73.49377318939081,176.62941408969317,308.11878118690504
759,18,0.525,0.0,56.48023660711914,63.586799294614885,0.0,6.983598374661362,56.50498644456736,73.49377318939081,176.62941408969317,308.11878118690504
760,18,0.55,0.0,56.48023660711914,63.586799294614885,0.0,6.983598374661362,56.50498644456736,73.49377318939081,176.62941408969317,308.11878118690504
761,18,0.5750000000000001,0.0,56.48023660711914,63.586799294614885,0.0,6.983598374661362,56.50498644456736,73.49377318939081,176.62941408969317,308.11878118690504
762,18,0.6000000000000001,0.0,56.48023660711914,63.586799294614885,0.0,6.983598374661362,56.50498644456736,73.49377318939081,176.62941408969317,308.11878118690504
763,18,0.625,0.0,56.48023660711914,63.586799294614885,0.0,6.983598374661362,56.50498644456736,73.49377318939081,176.62941408969317,308.11878118690504
764,18,0.65,0.0,56.48023660711914,63.586799294614885,0.0,6.983598374661362,56.50498644456736,73.49377318939081,176.62941408969317,308.11878118690504
765,18,0.675,0.0,56.48023660711914,63.586799294614885,0.0,6.983598374661362,56.50498644456736,73.49377318939081,176.62941408969317,308.11878118690504
766,18,0.7000000000000001,0.0,56.48023660711914,63.586799294614885,0.0,6.983598374661362,56.50498644456736,73.49377318939081,176.62941408969317,308.11878118690504
767,18,0.7250000000000001,0.0,56.48023660711914,63.586799294614885,0.0,6.983598374661362,56.50498644456736,73.49377318939081,176.62941408969317,308.11878118690504
768,18,0.75,0.0,56.48023660711914,63.586799294614885,0.0,6.983598374661362,56.50498644456736,73.49377318939081,176.62941408969317,308.11878118690504
769,18,0.775,0.0,56.48023660711914,63.586799294614885,0.0,6.983598374661362,56.50498644456736,73.49377318939081,176.62941408969317,308.11878118690504
770,18,0.8,0.0,56.48023660711914,63.586799294614885,0.0,6.983598374661362,56.50498644456736,73.49377318939081,176.62941408969317,308.11878118690504
771,18,0.8250000000000001,0.0,56.48023660711914,63.586799294614885,0.0,6.983598374661362,56.50498644456736,73.49377318939081,176.62941408969317,308.11878118690504
772,18,0.8500000000000001,0.0,56.48023660711914,63.586799294614885,0.0,6.983598374661362,56.50498644456736,73.49377318939081,176.62941408969317,308.11878118690504
773,18,0.875,0.0,56.48023660711914,63.586799294614885,0.0,6.983598374661362,56.50498644456736,73.49377318939081,176.62941408969317,308.11878118690504
774,18,0.9,0.0,56.48023660711914,63.586799294614885,0.0,6.983598374661362,56.50498644456736,73.49377318939081,176.62941408969317,308.11878118690504
775,18,0.925,0.0,56.48023660711914,63.586799294614885,0.0,6.983598374661362,56.50498644456736,73.49377318939081,176.62941408969317,308.11878118690504
776,18,0.9500000000000001,0.0,56.48023660711914,63.586799294614885,0.0,6.983598374661362,56.50498644456736,73.49377318939081,176.62941408969317,308.11878118690504
777,18,0.9750000000000001,0.0,56.48023660711914,63.586799294614885,0.0,6.983598374661362,56.50498644456736,73.49377318939081,176.62941408969317,308.11878118690504
778,18,1.0,0.0,56.48023660711914,63.586799294614885,0.0,6.983598374661362,56.50498644456736,73.49377318939081,176.62941408969317,308.11878118690504
779,19,0.0,0.0,55.677421276506756,63.508975663171675,0.0,6.113006771632049,59.62299027331587,83.70446334494119,179.9491920789113,344.62162871574765
780,19,0.025,0.0,55.677421276506756,63.508975663171675,0.0,6.113006771632049,59.62299027331587,83.70446334494119,179.9491920789113,344.62162871574765
781,19,0.05,0.0,55.677421276506756,63.508975663171675,0.0,6.113006771632049,59.62299027331587,83.70446334494119,179.9491920789113,344.62162871574765
782,19,0.07500000000000001,0.0,55.677421276506756,63.508975663171675,0.0,6.113006771632049,59.62299027331587,83.70446334494119,179.9491920789113,344.62162871574765
783,19,0.1,0.0,55.677421276506756,63.508975663171675,0.0,6.113006771632049,59.62299027331587,83.70446334494119,179.9491920789113,344.62162871574765
784,19,0.125,0.0,55.677421276506756,63.508975663171675,0.0,6.113006771632049,59.62299027331587,83.70446334494119,179.9491920789113,344.62162871574765
785,19,0.15000000000000002,0.0,55.677421276506756,63.508975663171675,0.0,6.113006771632049,59.62299027331587,83.70446334494119,179.9491920789113,344.62162871574765
786,19,0.17500000000000002,0.0,55.677421276506756,63.508975663171675,0.0,6.113006771632049,59.62299027331587,83.70446334494119,179.9491920789113,344.62162871574765
787,19,0.2,0.0,55.677421276506756,63.508975663171675,0.0,6.113006771632049,59.62299027331587,83.70446334494119,179.9491920789113,344.62162871574765
788,19,0.225,0.0,55.677421276506756,63.508975663171675,0.0,6.113006771632049,59.62299027331587,83.70446334494119,179.9491920789113,344.62162871574765
789,19,0.25,0.0,55.677421276506756,63.508975663171675,0.0,6.113006771632049,59.62299027331587,83.70446334494119,179.9491920789113,344.62162871574765
790,19,0.275,0.0,55.677421276506756,63.508975663171675,0.0,6.113006771632049,59.62299027331587,83.70446334494119,179.9491920789113,344.62162871574765
791,19,0.30000000000000004,0.0,55.677421276506756,63.508975663171675,0.0,6.113006771632049,59.62299027331587,83.70446334494119,179.9491920789113,344.62162871574765
792,19,0.325,0.0,55.677421276506756,63.508975663171675,0.0,6.113006771632049,59.62299027331587,83.70446334494119,179.9491920789113,344.62162871574765
793,19,0.35000000000000003,0.0,55.677421276506756,63.508975663171675,0.0,6.113006771632049,59.62299027331587,83.70446334494119,179.9491920789113,344.62162871574765
794,19,0.375,0.0,55.677421276506756,63.508975663171675,0.0,6.113006771632049,59.62299027331587,83.70446334494119,179.9491920789113,344.62162871574765
795,19,0.4,0.0,55.677421276506756,63.508975663171675,0.0,6.113006771632049,59.62299027331587,83.70446334494119,179.9491920789113,344.62162871574765
796,19,0.42500000000000004,0.0,55.677421276506756,63.508975663171675,0.0,6.113006771632049,59.62299027331587,83.70446334494119,179.9491920789113,344.62162871574765
797,19,0.45,0.0,55.677421276506756,63.508975663171675,0.0,6.113006771632049,59.62299027331587,83.70446334494119,179.9491920789113,344.62162871574765
798,19,0.47500000000000003,0.0,55.677421276506756,63.508975663171675,0.0,6.113006771632049,59.62299027331587,83.70446334494119,179.9491920789113,344.62162871574765
799,19,0.5,0.0,55.677421276506756,63.508975663171675,0.0,6.113006771632049,59.62299027331587,83.70446334494119,179.9491920789113,344.62162871574765
800,19,0.525,0.0,55.677421276506756,63.508975663171675,0.0,6.113006771632049,59.62299027331587,83.70446334494119,179.9491920789113,344.62162871574765
801,19,0.55,0.0,55.677421276506756,63.508975663171675,0.0,6.113006771632049,59.62299027331587,83.70446334494119,179.9491920789113,344.62162871574765
802,19,0.5750000000000001,0.0,55.677421276506756,63.508975663171675,0.0,6.113006771632049,59.62299027331587,83.70446334494119,179.9491920789113,344.62162871574765
803,19,0.6000000000000001,0.0,55.677421276506756,63.508975663171675,0.0,6.113006771632049,59.62299027331587,83.70446334494119,179.9491920789113,344.62162871574765
804,19,0.625,0.0,55.677421276506756,63.508975663171675,0.0,6.113006771632049,59.62299027331587,83.70446334494119,179.9491920789113,344.62162871574765
805,19,0.65,0.0,55.677421276506756,63.508975663171675,0.0,6.113006771632049,59.62299027331587,83.70446334494119,179.9491920789113,344.62162871574765
806,19,0.675,0.0,55.677421276506756,63.508975663171675,0.0,6.113006771632049,59.62299027331587,83.70446334494119,179.9491920789113,344.62162871574765
807,19,0.7000000000000001,0.0,55.677421276506756,63.508975663171675,0.0,6.113006771632049,59.62299027331587,83.70446334494119,179.9491920789113,344.62162871574765
808,19,0.7250000000000001,0.0,55.677421276506756,63.508975663171675,0.0,6.113006771632049,59.62299027331587,83.70446334494119,179.9491920789113,344.62162871574765
809,19,0.75,0.0,55.677421276506756,63.508975663171675,0.0,6.113006771632049,59.62299027331587,83.70446334494119,179.9491920789113,344.62162871574765
810,19,0.775,0.0,55.677421276506756,63.508975663171675,0.0,6.113006771632049,59.62299027331587,83.70446334494119,179.9491920789113,344.62162871574765
811,19,0.8,0.0,55.677421276506756,63.508975663171675,0.0,6.113006771632049,59.62299027331587,83.70446334494119,179.9491920789113,344.62162871574765
812,19,0.8250000000000001,0.0,55.677421276506756,63.508975663171675,0.0,6.113006771632049,59.62299027331587,83.70446334494119,179.9491920789113,344.62162871574765
813,19,0.8500000000000001,0.0,55.677421276506756,63.508975663171675,0.0,6.113006771632049,59.62299027331587,83.70446334494119,179.9491920789113,344.62162871574765
814,19,0.875,0.0,55.677421276506756,63.508975663171675,0.0,6.113006771632049,59.62299027331587,83.70446334494119,179.9491920789113,344.62162871574765
815,19,0.9,0.0,55.677421276506756,63.508975663171675,0.0,6.113006771632049,59.62299027331587,83.70446334494119,179.9491920789113,344.62162871574765
816,19,0.925,0.0,55.677421276506756,63.508975663171675,0.0,6.113006771632049,59.62299027331587,83.70446334494119,179.9491920789113,344.62162871574765
817,19,0.9500000000000001,0.0,55.677421276506756,63.508975663171675,0.0,6.113006771632049,59.62299027331587,83.70446334494119,179.9491920789113,344.62162871574765
818,19,0.9750000000000001,0.0,55.677421276506756,63.508975663171675,0.0,6.113006771632049,59.62299027331587,83.70446334494119,179.9491920789113,344.62162871574765
819,19,1.0,0.0,55.677421276506756,63.508975663171675,0.0,6.113006771632049,59.62299027331587,83.70446334494119,179.9491920789113,344.62162871574765
820,20,0.0,0.0,55.55513486470041,71.57529532910159,0.0,6.5149784004475215,54.76519341665386,73.57333914108013,213.35254708379142,298.6074206575678
821,20,0.025,0.0,55.55513486470041,71.57529532910159,0.0,6.5149784004475215,54.76519341665386,73.57333914108013,213.35254708379142,298.6074206575678
822,20,0.05,0.0,55.55513486470041,71.57529532910159,0.0,6.5149784004475215,54.76519341665386,73.57333914108013,213.35254708379142,298.6074206575678
823,20,0.07500000000000001,0.0,55.55513486470041,71.57529532910159,0.0,6.5149784004475215,54.76519341665386,73.57333914108013,213.35254708379142,298.6074206575678
824,20,0.1,0.0,55.55513486470041,71.57529532910159,0.0,6.5149784004475215,54.76519341665386,73.57333914108013,213.35254708379142,298.6074206575678
825,20,0.125,0.0,55.55513486470041,71.57529532910159,0.0,6.5149784004475215,54.76519341665386,73.57333914108013,213.35254708379142,298.6074206575678
826,20,0.15000000000000002,0.0,55.55513486470041,71.57529532910159,0.0,6.5149784004475215,54.76519341665386,73.57333914108013,213.35254708379142,298.6074206575678
827,20,0.17500000000000002,0.0,55.55513486470041,71.57529532910159,0.0,6.5149784004475215,54.76519341665386,73.57333914108013,213.35254708379142,298.6074206575678
828,20,0.2,0.0,55.55513486470041,71.57529532910159,0.0,6.5149784004475215,54.76519341665386,73.57333914108013,213.35254708379142,298.6074206575678
829,20,0.225,0.0,55.55513486470041,71.57529532910159,0.0,6.5149784004475215,54.76519341665386,73.57333914108013,213.35254708379142,298.6074206575678
830,20,0.25,0.0,55.55513486470041,71.57529532910159,0.0,6.5149784004475215,54.76519341665386,73.57333914108013,213.35254708379142,298.6074206575678
831,20,0.275,0.0,55.55513486470041,71.57529532910159,0.0,6.5149784004475215,54.76519341665386,73.57333914108013,213.35254708379142,298.6074206575678
832,20,0.30000000000000004,0.0,55.55513486470041,71.57529532910159,0.0,6.5149784004475215,54.76519341665386,73.57333914108013,213.35254708379142,298.6074206575678
833,20,0.325,0.0,55.55513486470041,71.57529532910159,0.0,6.5149784004475215,54.76519341665386,73.57333914108013,213.35254708379142,298.6074206575678
834,20,0.35000000000000003,0.0,55.55513486470041,71.57529532910159,0.0,6.5149784004475215,54.76519341665386,73.57333914108013,213.35254708379142,298.6074206575678
835,20,0.375,0.0,55.55513486470041,71.57529532910159,0.0,6.5149784004475215,54.76519341665386,73.57333914108013,213.35254708379142,298.6074206575678
836,20,0.4,0.0,55.55513486470041,71.57529532910159,0.0,6.5149784004475215,54.76519341665386,73.57333914108013,213.35254708379142,298.6074206575678
837,20,0.42500000000000004,0.0,55.55513486470041,71.57529532910159,0.0,6.5149784004475215,54.76519341665386,73.57333914108013,213.35254708379142,298.6074206575678
838,20,0.45,0.0,55.55513486470041,71.57529532910159,0.0,6.5149784004475215,54.76519341665386,73.57333914108013,213.35254708379142,298.6074206575678
839,20,0.47500000000000003,0.0,55.55513486470041,71.57529532910159,0.0,6.5149784004475215,54.76519341665386,73.57333914108013,213.35254708379142,298.6074206575678
840,20,0.5,0.0,55.55513486470041,71.57529532910159,0.0,6.5149784004475215,54.76519341665386,73.57333914108013,213.35254708379142,298.6074206575678
841,20,0.525,0.0,55.55513486470041,71.57529532910159,0.0,6.5149784004475215,54.76519341665386,73.57333914108013,213.35254708379142,298.6074206575678
842,20,0.55,0.0,55.55513486470041,71.57529532910159,0.0,6.5149784004475215,54.76519341665386,73.57333914108013,213.35254708379142,298.6074206575678
843,20,0.5750000000000001,0.0,55.55513486470041,71.57529532910159,0.0,6.5149784004475215,54.76519341665386,73.57333914108013,213.35254708379142,298.6074206575678
844,20,0.6000000000000001,0.0,55.55513486470041,71.57529532910159,0.0,6.5149784004475215,54.76519341665386,73.57333914108013,213.35254708379142,298.6074206575678
845,20,0.625,0.0,55.55513486470041,71.57529532910159,0.0,6.5149784004475215,54.76519341665386,73.57333914108013,213.35254708379142,298.6074206575678
846,20,0.65,0.0,55.55513486470041,71.57529532910159,0.0,6.5149784004475215,54.76519341665386,73.57333914108013,213.35254708379142,298.6074206575678
847,20,0.675,0.0,55.55513486470041,71.57529532910159,0.0,6.5149784004475215,54.76519341665386,73.57333914108013,213.35254708379142,298.6074206575678
848,20,0.7000000000000001,0.0,55.55513486470041,71.57529532910159,0.0,6.5149784004475215,54.76519341665386,73.57333914108013,213.35254708379142,298.6074206575678
849,20,0.7250000000000001,0.0,55.55513486470041,71.57529532910159,0.0,6.5149784004475215,54.76519341665386,73.57333914108013,213.35254708379142,298.6074206575678
850,20,0.75,0.0,55.55513486470041,71.57529532910159,0.0,6.5149784004475215,54.76519341665386,73.57333914108013,213.35254708379142,298.6074206575678
851,20,0.775,0.0,55.55513486470041,71.57529532910159,0.0,6.5149784004475215,54.76519341665386,73.57333914108013,213.35254708379142,298.6074206575678
852,20,0.8,0.0,55.55513486470041,71.57529532910159,0.0,6.5149784004475215,54.76519341665386,73.57333914108013,213.35254708379142,298.6074206575678
853,20,0.8250000000000001,0.0,55.55513486470041,71.57529532910159,0.0,6.5149784004475215,54.76519341665386,73.57333914108013,213.35254708379142,298.6074206575678
854,20,0.8500000000000001,0.0,55.55513486470041,71.57529532910159,0.0,6.5149784004475215,54.76519341665386,73.57333914108013,213.35254708379142,298.6074206575678
855,20,0.875,0.0,55.55513486470041,71.57529532910159,0.0,6.5149784004475215,54.76519341665386,73.57333914108013,213.35254708379142,298.6074206575678
856,20,0.9,0.0,55.55513486470041,71.57529532910159,0.0,6.5149784004475215,54.76519341665386,73.57333914108013,213.35254708379142,298.6074206575678
857,20,0.925,0.0,55.55513486470041,71.57529532910159,0.0,6.5149784004475215,54.76519341665386,73.57333914108013,213.35254708379142,298.6074206575678
858,20,0.9500000000000001,0.0,55.55513486470041,71.57529532910159,0.0,6.5149784004475215,54.76519341665386,73.57333914108013,213.35254708379142,298.6074206575678
859,20,0.9750000000000001,0.0,55.55513486470041,71.57529532910159,0.0,6.5149784004475215,54.76519341665386,73.57333914108013,213.35254708379142,298.6074206575678
860,20,1.0,0.0,55.55513486470041,71.57529532910159,0.0,6.5149784004475215,54.76519341665386,73.57333914108013,213.35254708379142,298.6074206575678
861,21,0.0,0.0,52.53058877456476,59.7626430099383,0.0,6.114165093677328,58.03548895297483,78.45002548722984,181.468790517403,334.8317919196957
862,21,0.025,0.0,52.53058877456476,59.7626430099383,0.0,6.114165093677328,58.03548895297483,78.45002548722984,181.468790517403,334.8317919196957
863,21,0.05,0.0,52.53058877456476,59.7626430099383,0.0,6.114165093677328,58.03548895297483,78.45002548722984,181.468790517403,334.8317919196957
864,21,0.07500000000000001,0.0,52.53058877456476,59.7626430099383,0.0,6.114165093677328,58.03548895297483,78.45002548722984,181.468790517403,334.8317919196957
865,21,0.1,0.0,52.53058877456476,59.7626430099383,0.0,6.114165093677328,58.03548895297483,78.45002548722984,181.468790517403,334.8317919196957
866,21,0.125,0.0,52.53058877456476,59.7626430099383,0.0,6.114165093677328,58.03548895297483,78.45002548722984,181.468790517403,334.8317919196957
867,21,0.15000000000000002,0.0,52.53058877456476,59.7626430099383,0.0,6.114165093677328,58.03548895297483,78.45002548722984,181.468790517403,334.8317919196957
868,21,0.17500000000000002,0.0,52.53058877456476,59.7626430099383,0.0,6.114165093677328,58.03548895297483,78.45002548722984,181.468790517403,334.8317919196957
869,21,0.2,0.0,52.53058877456476,59.7626430099383,0.0,6.114165093677328,58.03548895297483,78.45002548722984,181.468790517403,334.8317919196957
870,21,0.225,0.0,52.53058877456476,59.7626430099383,0.0,6.114165093677328,58.03548895297483,78.45002548722984,181.468790517403,334.8317919196957
871,21,0.25,0.0,52.53058877456476,59.7626430099383,0.0,6.114165093677328,58.03548895297483,78.45002548722984,181.468790517403,334.8317919196957
872,21,0.275,0.0,52.53058877456476,59.7626430099383,0.0,6.114165093677328,58.03548895297483,78.45002548722984,181.468790517403,334.8317919196957
873,21,0.30000000000000004,0.0,52.53058877456476,59.7626430099383,0.0,6.114165093677328,58.03548895297483,78.45002548722984,181.468790517403,334.8317919196957
874,21,0.325,0.0,52.53058877456476,59.7626430099383,0.0,6.114165093677328,58.03548895297483,78.45002548722984,181.468790517403,334.8317919196957
875,21,0.35000000000000003,0.0,52.53058877456476,59.7626430099383,0.0,6.114165093677328,58.03548895297483,78.45002548722984,181.468790517403,334.8317919196957
876,21,0.375,0.0,52.53058877456476,59.7626430099383,0.0,6.114165093677328,58.03548895297483,78.45002548722984,181.468790517403,334.8317919196957
877,21,0.4,0.0,52.53058877456476,59.7626430099383,0.0,6.114165093677328,58.03548895297483,78.45002548722984,181.468790517403,334.8317919196957
878,21,0.42500000000000004,0.0,52.53058877456476,59.7626430099383,0.0,6.114165093677328,58.03548895297483,78.45002548722984,181.468790517403,334.8317919196957
879,21,0.45,0.0,52.53058877456476,59.7626430099383,0.0,6.114165093677328,58.03548895297483,78.45002548722984,181.468790517403,334.8317919196957
880,21,0.47500000000000003,0.0,52.53058877456476,59.7626430099383,0.0,6.114165093677328,58.03548895297483,78.45002548722984,181.468790517403,334.8317919196957
881,21,0.5,0.0,52.53058877456476,59.7626430099383,0.0,6.114165093677328,58.03548895297483,78.45002548722984,181.468790517403,334.8317919196957
882,21,0.525,0.0,52.53058877456476,59.7626430099383,0.0,6.114165093677328,58.03548895297483,78.45002548722984,181.468790517403,334.8317919196957
883,21,0.55,0.0,52.53058877456476,59.7626430099383,0.0,6.114165093677328,58.03548895297483,78.45002548722984,181.468790517403,334.8317919196957
884,21,0.5750000000000001,0.0,52.53058877456476,59.7626430099383,0.0,6.114165093677328,58.03548895297483,78.45002548722984,181.468790517403,334.8317919196957
885,21,0.6000000000000001,0.0,52.53058877456476,59.7626430099383,0.0,6.114165093677328,58.03548895297483,78.45002548722984,181.468790517403,334.8317919196957
886,21,0.625,0.0,52.53058877456476,59.7626430099383,0.0,6.114165093677328,58.03548895297483,78.45002548722984,181.468790517403,334.8317919196957
887,21,0.65,0.0,52.53058877456476,59.7626430099383,0.0,6.114165093677328,58.03548895297483,78.45002548722984,181.468790517403,334.8317919196957
888,21,0.675,0.0,52.53058877456476,59.7626430099383,0.0,6.114165093677328,58.03548895297483,78.45002548722984,181.468790517403,334.8317919196957
889,21,0.7000000000000001,0.0,52.53058877456476,59.7626430099383,0.0,6.114165093677328,58.03548895297483,78.45002548722984,181.468790517403,334.8317919196957
890,21,0.7250000000000001,0.0,52.53058877456476,59.7626430099383,0.0,6.114165093677328,58.03548895297483,78.45002548722984,181.468790517403,334.8317919196957
891,21,0.75,0.0,52.53058877456476,59.7626430099383,0.0,6.114165093677328,58.03548895297483,78.45002548722984,181.468790517403,334.8317919196957
892,21,0.775,0.0,52.53058877456476,59.7626430099383,0.0,6.114165093677328,58.03548895297483,78.45002548722984,181.468790517403,334.8317919196957
893,21,0.8,0.0,52.53058877456476,59.7626430099383,0.0,6.114165093677328,58.03548895297483,78.45002548722984,181.468790517403,334.8317919196957
894,21,0.8250000000000001,0.0,52.53058877456476,59.7626430099383,0.0,6.114165093677328,58.03548895297483,78.45002548722984,181.468790517403,334.8317919196957
895,21,0.8500000000000001,0.0,52.53058877456476,59.7626430099383,0.0,6.114165093677328,58.03548895297483,78.45002548722984,181.468790517403,334.8317919196957
896,21,0.875,0.0,52.53058877456476,59.7626430099383,0.0,6.114165093677328,58.03548895297483,78.45002548722984,181.468790517403,334.8317919196957
897,21,0.9,0.0,52.53058877456476,59.7626430099383,0.0,6.114165093677328,58.03548895297483,78.45002548722984,181.468790517403,334.8317919196957
898,21,0.925,0.0,52.53058877456476,59.7626430099383,0.0,6.114165093677328,58.03548895297483,78.45002548722984,181.468790517403,334.8317919196957
899,21,0.9500000000000001,0.0,52.53058877456476,59.7626430099383,0.0,6.114165093677328,58.03548895297483,78.45002548722984,181.468790517403,334.8317919196957
900,21,0.9750000000000001,0.0,52.53058877456476,59.7626430099383,0.0,6.114165093677328,58.03548895297483,78.45002548722984,181.468790517403,334.8317919196957
901,21,1.0,0.0,52.53058877456476,59.7626430099383,0.0,6.114165093677328,58.03548895297483,78.45002548722984,181.468790517403,334.8317919196957
902,22,0.0,0.0,48.97435813779117,62.27037213322068,0.0,6.52467168673503,55.428010576752804,82.64558478020236,180.0109704493674,326.6754214932342
903,22,0.025,0.0,48.97435813779117,62.27037213322068,0.0,6.52467168673503,55.428010576752804,82.64558478020236,180.0109704493674,326.6754214932342
904,22,0.05,0.0,48.97435813779117,62.27037213322068,0.0,6.52467168673503,55.428010576752804,82.64558478020236,180.0109704493674,326.6754214932342
905,22,0.07500000000000001,0.0,48.97435813779117,62.27037213322068,0.0,6.52467168673503,55.428010576752804,82.64558478020236,180.0109704493674,326.6754214932342
906,22,0.1,0.0,48.97435813779117,62.27037213322068,0.0,6.52467168673503,55.428010576752804,82.64558478020236,180.0109704493674,326.6754214932342
907,22,0.125,0.0,48.97435813779117,62.27037213322068,0.0,6.52467168673503,55.428010576752804,82.64558478020236,180.0109704493674,326.6754214932342
908,22,0.15000000000000002,0.0,48.97435813779117,62.27037213322068,0.0,6.52467168673503,55.428010576752804,82.64558478020236,180.0109704493674,326.6754214932342
909,22,0.17500000000000002,0.0,48.97435813779117,62.27037213322068,0.0,6.52467168673503,55.428010576752804,82.64558478020236,180.0109704493674,326.6754214932342
910,22,0.2,0.0,48.97435813779117,62.27037213322068,0.0,6.52467168673503,55.428010576752804,82.64558478020236,180.0109704493674,326.6754214932342
911,22,0.225,0.0,48.97435813779117,62.27037213322068,0.0,6.52467168673503,55.428010576752804,82.64558478020236,180.0109704493674,326.6754214932342
912,22,0.25,0.0,48.97435813779117,62.27037213322068,0.0,6.52467168673503,55.428010576752804,82.64558478020236,180.0109704493674,326.6754214932342
913,22,0.275,0.0,48.97435813779117,62.27037213322068,0.0,6.52467168673503,55.428010576752804,82.64558478020236,180.0109704493674,326.6754214932342
914,22,0.30000000000000004,0.0,48.97435813779117,62.27037213322068,0.0,6.52467168673503,55.428010576752804,82.64558478020236,180.0109704493674,326.6754214932342
915,22,0.325,0.0,48.97435813779117,62.27037213322068,0.0,6.52467168673503,55.428010576752804,82.64558478020236,180.0109704493674,326.6754214932342
916,22,0.35000000000000003,0.0,48.97435813779117,62.27037213322068,0.0,6.52467168673503,55.428010576752804,82.64558478020236,180.0109704493674,326.6754214932342
917,22,0.375,0.0,48.97435813779117,62.27037213322068,0.0,6.52467168673503,55.428010576752804,82.64558478020236,180.0109704493674,326.6754214932342
918,22,0.4,0.0,48.97435813779117,62.27037213322068,0.0,6.52467168673503,55.428010576752804,82.64558478020236,180.0109704493674,326.6754214932342
919,22,0.42500000000000004,0.0,48.97435813779117,62.27037213322068,0.0,6.52467168673503,55.428010576752804,82.64558478020236,180.0109704493674,326.6754214932342
920,22,0.45,0.0,48.97435813779117,62.27037213322068,0.0,6.52467168673503,55.428010576752804,82.64558478020236,180.0109704493674,326.6754214932342
921,22,0.47500000000000003,0.0,48.97435813779117,62.27037213322068,0.0,6.52467168673503,55.428010576752804,82.64558478020236,180.0109704493674,326.6754214932342
922,22,0.5,0.0,48.97435813779117,62.27037213322068,0.0,6.52467168673503,55.428010576752804,82.64558478020236,180.0109704493674,326.6754214932342
923,22,0.525,0.0,48.97435813779117,62.27037213322068,0.0,6.52467168673503,55.428010576752804,82.64558478020236,180.0109704493674,326.6754214932342
924,22,0.55,0.0,48.97435813779117,62.27037213322068,0.0,6.52467168673503,55.428010576752804,82.64558478020236,180.0109704493674,326.6754214932342
925,22,0.5750000000000001,0.0,48.97435813779117,62.27037213322068,0.0,6.52467168673503,55.428010576752804,82.64558478020236,180.0109704493674,326.6754214932342
926,22,0.6000000000000001,0.0,48.97435813779117,62.27037213322068,0.0,6.52467168673503,55.428010576752804,82.64558478020236,180.0109704493674,326.6754214932342
927,22,0.625,0.0,48.97435813779117,62.27037213322068,0.0,6.52467168673503,55.428010576752804,82.64558478020236,180.0109704493674,326.6754214932342
928,22,0.65,0.0,48.97435813779117,62.27037213322068,0.0,6.52467168673503,55.428010576752804,82.64558478020236,180.0109704493674,326.6754214932342
929,22,0.675,0.0,48.97435813779117,62.27037213322068,0.0,6.52467168673503,55.428010576752804,82.64558478020236,180.0109704493674,326.6754214932342
930,22,0.7000000000000001,0.0,48.97435813779117,62.27037213322068,0.0,6.52467168673503,55.428010576752804,82.64558478020236,180.0109704493674,326.6754214932342
931,22,0.7250000000000001,0.0,48.97435813779117,62.27037213322068,0.0,6.52467168673503,55.428010576752804,82.64558478020236,180.0109704493674,326.6754214932342
932,22,0.75,0.0,48.97435813779117,62.27037213322068,0.0,6.52467168673503,55.428010576752804,82.64558478020236,180.0109704493674,326.6754214932342
933,22,0.775,0.0,48.97435813779117,62.27037213322068,0.0,6.52467168673503,55.428010576752804,82.64558478020236,180.0109704493674,326.6754214932342
934,22,0.8,0.0,48.97435813779117,62.27037213322068,0.0,6.52467168673503,55.428010576752804,82.64558478020236,180.0109704493674,326.6754214932342
935,22,0.8250000000000001,0.0,48.97435813779117,62.27037213322068,0.0,6.52467168673503,55.428010576752804,82.64558478020236,180.0109704493674,326.6754214932342
936,22,0.8500000000000001,0.0,48.97435813779117,62.27037213322068,0.0,6.52467168673503,55.428010576752804,82.64558478020236,180.0109704493674,326.6754214932342
937,22,0.875,0.0,48.97435813779117,62.27037213322068,0.0,6.52467168673503,55.428010576752804,82.64558478020236,180.0109704493674,326.6754214932342
938,22,0.9,0.0,48.97435813779117,62.27037213322068,0.0,6.52467168673503,55.428010576752804,82.64558478020236,180.0109704493674,326.6754214932342
939,22,0.925,0.0,48.97435813779117,62.27037213322068,0.0,6.52467168673503,55.428010576752804,82.64558478020236,180.0109704493674,326.6754214932342
940,22,0.9500000000000001,0.0,48.97435813779117,62.27037213322068,0.0,6.52467168673503,55.428010576752804,82.64558478020236,180.0109704493674,326.6754214932342
941,22,0.9750000000000001,0.0,48.97435813779117,62.27037213322068,0.0,6.52467168673503,55.428010576752804,82.64558478020236,180.0109704493674,326.6754214932342
942,22,1.0,0.0,48.97435813779117,62.27037213322068,0.0,6.52467168673503,55.428010576752804,82.64558478020236,180.0109704493674,326.6754214932342
943,23,0.0,0.0,55.87812502246362,61.6370430737207,0.0,6.554606930699041,56.207579626990785,81.04514950872873,203.1269320881665,307.24590629668035
944,23,0.025,0.0,55.87812502246362,61.6370430737207,0.0,6.554606930699041,56.207579626990785,81.04514950872873,203.1269320881665,307.24590629668035
945,23,0.05,0.0,55.87812502246362,61.6370430737207,0.0,6.554606930699041,56.207579626990785,81.04514950872873,203.1269320881665,307.24590629668035
946,23,0.07500000000000001,0.0,55.87812502246362,61.6370430737207,0.0,6.554606930699041,56.207579626990785,81.04514950872873,203.1269320881665,307.24590629668035
947,23,0.1,0.0,55.87812502246362,61.6370430737207,0.0,6.554606930699041,56.207579626990785,81.04514950872873,203.1269320881665,307.24590629668035
948,23,0.125,0.0,55.87812502246362,61.6370430737207,0.0,6.554606930699041,56.207579626990785,81.04514950872873,203.1269320881665,307.24590629668035
949,23,0.15000000000000002,0.0,55.87812502246362,61.6370430737207,0.0,6.554606930699041,56.207579626990785,81.04514950872873,203.1269320881665,307.24590629668035
950,23,0.17500000000000002,0.0,55.87812502246362,61.6370430737207,0.0,6.554606930699041,56.207579626990785,81.04514950872873,203.1269320881665,307.24590629668035
951,23,0.2,0.0,55.87812502246362,61.6370430737207,0.0,6.554606930699041,56.207579626990785,81.04514950872873,203.1269320881665,307.24590629668035
952,23,0.225,0.0,55.87812502246362,61.6370430737207,0.0,6.554606930699041,56.207579626990785,81.04514950872873,203.1269320881665,307.24590629668035
953,23,0.25,0.0,55.87812502246362,61.6370430737207,0.0,6.554606930699041,56.207579626990785,81.04514950872873,203.1269320881665,307.24590629668035
954,23,0.275,0.0,55.87812502246362,61.6370430737207,0.0,6.554606930699041,56.207579626990785,81.04514950872873,203.1269320881665,307.24590629668035
955,23,0.30000000000000004,0.0,55.87812502246362,61.6370430737207,0.0,6.554606930699041,56.207579626990785,81.04514950872873,203.1269320881665,307.24590629668035
956,23,0.325,0.0,55.87812502246362,61.6370430737207,0.0,6.554606930699041,56.207579626990785,81.04514950872873,203.1269320881665,307.24590629668035
957,23,0.35000000000000003,0.0,55.87812502246362,61.6370430737207,0.0,6.554606930699041,56.207579626990785,81.04514950872873,203.1269320881665,307.24590629668035
958,23,0.375,0.0,55.87812502246362,61.6370430737207,0.0,6.554606930699041,56.207579626990785,81.04514950872873,203.1269320881665,307.24590629668035
959,23,0.4,0.0,55.87812502246362,61.6370430737207,0.0,6.554606930699041,56.207579626990785,81.04514950872873,203.1269320881665,307.24590629668035
960,23,0.42500000000000004,0.0,55.87812502246362,61.6370430737207,0.0,6.554606930699041,56.207579626990785,81.04514950872873,203.1269320881665,307.24590629668035
961,23,0.45,0.0,55.87812502246362,61.6370430737207,0.0,6.554606930699041,56.207579626990785,81.04514950872873,203.1269320881665,307.24590629668035
962,23,0.47500000000000003,0.0,55.87812502246362,61.6370430737207,0.0,6.554606930699041,56.207579626990785,81.04514950872873,203.1269320881665,307.24590629668035
963,23,0.5,0.0,55.87812502246362,61.6370430737207,0.0,6.554606930699041,56.207579626990785,81.04514950872873,203.1269320881665,307.24590629668035
964,23,0.525,0.0,55.87812502246362,61.6370430737207,0.0,6.554606930699041,56.207579626990785,81.04514950872873,203.1269320881665,307.24590629668035
965,23,0.55,0.0,55.87812502246362,61.6370430737207,0.0,6.554606930699041,56.207579626990785,81.04514950872873,203.1269320881665,307.24590629668035
966,23,0.5750000000000001,0.0,55.87812502246362,61.6370430737207,0.0,6.554606930699041,56.207579626990785,81.04514950872873,203.1269320881665,307.24590629668035
967,23,0.6000000000000001,0.0,55.87812502246362,61.6370430737207,0.0,6.554606930699041,56.207579626990785,81.04514950872873,203.1269320881665,307.24590629668035
968,23,0.625,0.0,55.87812502246362,61.6370430737207,0.0,6.554606930699041,56.207579626990785,81.04514950872873,203.1269320881665,307.24590629668035
969,23,0.65,0.0,55.87812502246362,61.6370430737207,0.0,6.554606930699041,56.207579626990785,81.04514950872873,203.1269320881665,307.24590629668035
970,23,0.675,0.0,55.87812502246362,61.6370430737207,0.0,6.554606930699041,56.207579626990785,81.04514950872873,203.1269320881665,307.24590629668035
971,23,0.7000000000000001,0.0,55.87812502246362,61.6370430737207,0.0,6.554606930699041,56.207579626990785,81.04514950872873,203.1269320881665,307.24590629668035
972,23,0.7250000000000001,0.0,55.87812502246362,61.6370430737207,0.0,6.554606930699041,56.207579626990785,81.04514950872873,203.1269320881665,307.24590629668035
973,23,0.75,0.0,55.87812502246362,61.6370430737207,0.0,6.554606930699041,56.207579626990785,81.04514950872873,203.1269320881665,307.24590629668035
974,23,0.775,0.0,55.87812502246362,61.6370430737207,0.0,6.554606930699041,56.207579626990785,81.04514950872873,203.1269320881665,307.24590629668035
975,23,0.8,0.0,55.87812502246362,61.6370430737207,0.0,6.554606930699041,56.207579626990785,81.04514950872873,203.1269320881665,307.24590629668035
976,23,0.8250000000000001,0.0,55.87812502246362,61.6370430737207,0.0,6.554606930699041,56.207579626990785,81.04514950872873,203.1269320881665,307.24590629668035
977,23,0.8500000000000001,0.0,55.87812502246362,61.6370430737207,0.0,6.554606930699041,56.207579626990785,81.04514950872873,203.1269320881665,307.24590629668035
978,23,0.875,0.0,55.87812502246362,61.6370430737207,0.0,6.554606930699041,56.207579626990785,81.04514950872873,203.1269320881665,307.24590629668035
979,23,0.9,0.0,55.87812502246362,61.6370430737207,0.0,6.554606930699041,56.207579626990785,81.04514950872873,203.1269320881665,307.24590629668035
980,23,0.925,0.0,55.87812502246362,61.6370430737207,0.0,6.554606930699041,56.207579626990785,81.04514950872873,203.1269320881665,307.24590629668035
981,23,0.9500000000000001,0.0,55.87812502246362,61.6370430737207,0.0,6.554606930699041,56.207579626990785,81.04514950872873,203.1269320881665,307.24590629668035
982,23,0.9750000000000001,0.0,55.87812502246362,61.6370430737207,0.0,6.554606930699041,56.207579626990785,81.04514950872873,203.1269320881665,307.24590629668035
983,23,1.0,0.0,55.87812502246362,61.6370430737207,0.0,6.554606930699041,56.207579626990785,81.04514950872873,203.1269320881665,307.24590629668035
984,24,0.0,0.0,55.86160543069831,62.666115390942934,0.0,7.040935805868629,59.58254144990629,72.874416756924,180.8203375900144,301.04195744026254
985,24,0.025,0.0,55.86160543069831,62.666115390942934,0.0,7.040935805868629,59.58254144990629,72.874416756924,180.8203375900144,301.04195744026254
986,24,0.05,0.0,55.86160543069831,62.666115390942934,0.0,7.040935805868629,59.58254144990629,72.874416756924,180.8203375900144,301.04195744026254
987,24,0.07500000000000001,0.0,55.86160543069831,62.666115390942934,0.0,7.040935805868629,59.58254144990629,72.874416756924,180.8203375900144,301.04195744026254
988,24,0.1,0.0,55.86160543069831,62.666115390942934,0.0,7.040935805868629,59.58254144990629,72.874416756924,180.8203375900144,301.04195744026254
989,24,0.125,0.0,55.86160543069831,62.666115390942934,0.0,7.040935805868629,59.58254144990629,72.874416756924,180.8203375900144,301.04195744026254
990,24,0.15000000000000002,0.0,55.86160543069831,62.666115390942934,0.0,7.040935805868629,59.58254144990629,72.874416756924,180.8203375900144,301.04195744026254
991,24,0.17500000000000002,0.0,55.86160543069831,62.666115390942934,0.0,7.040935805868629,59.58254144990629,72.874416756924,180.8203375900144,301.04195744026254
992,24,0.2,0.0,55.86160543069831,62.666115390942934,0.0,7.040935805868629,59.58254144990629,72.874416756924,180.8203375900144,301.04195744026254
993,24,0.225,0.0,55.86160543069831,62.666115390942934,0.0,7.040935805868629,59.58254144990629,72.874416756924,180.8203375900144,301.04195744026254
994,24,0.25,0.0,55.86160543069831,62.666115390942934,0.0,7.040935805868629,59.58254144990629,72.874416756924,180.8203375900144,301.04195744026254
995,24,0.275,0.0,55.86160543069831,62.666115390942934,0.0,7.040935805868629,59.58254144990629,72.874416756924,180.8203375900144,301.04195744026254
996,24,0.30000000000000004,0.0,55.86160543069831,62.666115390942934,0.0,7.040935805868629,59.58254144990629,72.874416756924,180.8203375900144,301.04195744026254
997,24,0.325,0.0,55.86160543069831,62.666115390942934,0.0,7.040935805868629,59.58254144990629,72.874416756924,180.8203375900144,301.04195744026254
998,24,0.35000000000000003,0.0,55.86160543069831,62.666115390942934,0.0,7.040935805868629,59.58254144990629,72.874416756924,180.8203375900144,301.04195744026254
999,24,0.375,0.0,55.86160543069831,62.666115390942934,0.0,7.040935805868629,59.58254144990629,72.874416756924,180.8203375900144,301.04195744026254
1000,24,0.4,0.0,55.86160543069831,62.666115390942934,0.0,7.040935805868629,59.58254144990629,72.874416756924,180.8203375900144,301.04195744026254
1001,24,0.42500000000000004,0.0,55.86160543069831,62.666115390942934,0.0,7.040935805868629,59.58254144990629,72.874416756924,180.8203375900144,301.04195744026254
1002,24,0.45,0.0,55.86160543069831,62.666115390942934,0.0,7.040935805868629,59.58254144990629,72.874416756924,180.8203375900144,301.04195744026254
1003,24,0.47500000000000003,0.0,55.86160543069831,62.666115390942934,0.0,7.040935805868629,59.58254144990629,72.874416756924,180.8203375900144,301.04195744026254
1004,24,0.5,0.0,55.86160543069831,62.666115390942934,0.0,7.040935805868629,59.58254144990629,72.874416756924,180.8203375900144,301.04195744026254
1005,24,0.525,0.0,55.86160543069831,62.666115390942934,0.0,7.040935805868629,59.58254144990629,72.874416756924,180.8203375900144,301.04195744026254
1006,24,0.55,0.0,55.86160543069831,62.666115390942934,0.0,7.040935805868629,59.58254144990629,72.874416756924,180.8203375900144,301.04195744026254
1007,24,0.5750000000000001,0.0,55.86160543069831,62.666115390942934,0.0,7.040935805868629,59.58254144990629,72.874416756924,180.8203375900144,301.04195744026254
1008,24,0.6000000000000001,0.0,55.86160543069831,62.666115390942934,0.0,7.040935805868629,59.58254144990629,72.874416756924,180.8203375900144,301.04195744026254
1009,24,0.625,0.0,55.86160543069831,62.666115390942934,0.0,7.040935805868629,59.58254144990629,72.874416756924,180.8203375900144,301.04195744026254
1010,24,0.65,0.0,55.86160543069831,62.666115390942934,0.0,7.040935805868629,59.58254144990629,72.874416756924,180.8203375900144,301.04195744026254
1011,24,0.675,0.0,55.86160543069831,62.666115390942934,0.0,7.040935805868629,59.58254144990629,72.874416756924,180.8203375900144,301.04195744026254
1012,24,0.7000000000000001,0.0,55.86160543069831,62.666115390942934,0.0,7.040935805868629,59.58254144990629,72.874416756924,180.8203375900144,301.04195744026254
1013,24,0.7250000000000001,0.0,55.86160543069831,62.666115390942934,0.0,7.040935805868629,59.58254144990629,72.874416756924,180.8203375900144,301.04195744026254
1014,24,0.75,0.0,55.86160543069831,62.666115390942934,0.0,7.040935805868629,59.58254144990629,72.874416756924,180.8203375900144,301.04195744026254
1015,24,0.775,0.0,55.86160543069831,62.666115390942934,0.0,7.040935805868629,59.58254144990629,72.874416756924,180.8203375900144,301.04195744026254
1016,24,0.8,0.0,55.86160543069831,62.666115390942934,0.0,7.040935805868629,59.58254144990629,72.874416756924,180.8203375900144,301.04195744026254
1017,24,0.8250000000000001,0.0,55.86160543069831,62.666115390942934,0.0,7.040935805868629,59.58254144990629,72.874416756924,180.8203375900144,301.04195744026254
1018,24,0.8500000000000001,0.0,55.86160543069831,62.666115390942934,0.0,7.040935805868629,59.58254144990629,72.874416756924,180.8203375900144,301.04195744026254
1019,24,0.875,0.0,55.86160543069831,62.666115390942934,0.0,7.040935805868629,59.58254144990629,72.874416756924,180.8203375900144,301.04195744026254
1020,24,0.9,0.0,55.86160543069831,62.666115390942934,0.0,7.040935805868629,59.58254144990629,72.874416756924,180.8203375900144,301.04195744026254
1021,24,0.925,0.0,55.86160543069831,62.666115390942934,0.0,7.040935805868629,59.58254144990629,72.874416756924,180.8203375900144,301.04195744026254
1022,24,0.9500000000000001,0.0,55.86160543069831,62.666115390942934,0.0,7.040935805868629,59.58254144990629,72.874416756924,180.8203375900144,301.04195744026254
1023,24,0.9750000000000001,0.0,55.86160543069831,62.666115390942934,0.0,7.040935805868629,59.58254144990629,72.874416756924,180.8203375900144,301.04195744026254
1024,24,1.0,0.0,55.86160543069831,62.666115390942934,0.0,7.040935805868629,59.58254144990629,72.874416756924,180.8203375900144,301.04195744026254
1025,25,0.0,0.0,54.456503278673935,71.4269340663838,0.0,7.072937387142119,55.10507242415626,75.02025923540545,200.24049744490074,324.88304361048057
1026,25,0.025,0.0,54.456503278673935,71.4269340663838,0.0,7.072937387142119,55.10507242415626,75.02025923540545,200.24049744490074,324.88304361048057
1027,25,0.05,0.0,54.456503278673935,71.4269340663838,0.0,7.072937387142119,55.10507242415626,75.02025923540545,200.24049744490074,324.88304361048057
1028,25,0.07500000000000001,0.0,54.456503278673935,71.4269340663838,0.0,7.072937387142119,55.10507242415626,75.02025923540545,200.24049744490074,324.88304361048057
1029,25,0.1,0.0,54.456503278673935,71.4269340663838,0.0,7.072937387142119,55.10507242415626,75.02025923540545,200.24049744490074,324.88304361048057
1030,25,0.125,0.0,54.456503278673935,71.4269340663838,0.0,7.072937387142119,55.10507242415626,75.02025923540545,200.24049744490074,324.88304361048057
1031,25,0.15000000000000002,0.0,54.456503278673935,71.4269340663838,0.0,7.072937387142119,55.10507242415626,75.02025923540545,200.24049744490074,324.88304361048057
1032,25,0.17500000000000002,0.0,54.456503278673935,71.4269340663838,0.0,7.072937387142119,55.10507242415626,75.02025923540545,200.24049744490074,324.88304361048057
1033,25,0.2,0.0,54.456503278673935,71.4269340663838,0.0,7.072937387142119,55.10507242415626,75.02025923540545,200.24049744490074,324.88304361048057
1034,25,0.225,0.0,54.456503278673935,71.4269340663838,0.0,7.072937387142119,55.10507242415626,75.02025923540545,200.24049744490074,324.88304361048057
1035,25,0.25,0.0,54.456503278673935,71.4269340663838,0.0,7.072937387142119,55.10507242415626,75.02025923540545,200.24049744490074,324.88304361048057
1036,25,0.275,0.0,54.456503278673935,71.4269340663838,0.0,7.072937387142119,55.10507242415626,75.02025923540545,200.24049744490074,324.88304361048057
1037,25,0.30000000000000004,0.0,54.456503278673935,71.4269340663838,0.0,7.072937387142119,55.10507242415626,75.02025923540545,200.24049744490074,324.88304361048057
1038,25,0.325,0.0,54.456503278673935,71.4269340663838,0.0,7.072937387142119,55.10507242415626,75.02025923540545,200.24049744490074,324.88304361048057
1039,25,0.35000000000000003,0.0,54.456503278673935,71.4269340663838,0.0,7.072937387142119,55.10507242415626,75.02025923540545,200.24049744490074,324.88304361048057
1040,25,0.375,0.0,54.456503278673935,71.4269340663838,0.0,7.072937387142119,55.10507242415626,75.02025923540545,200.24049744490074,324.88304361048057
1041,25,0.4,0.0,54.456503278673935,71.4269340663838,0.0,7.072937387142119,55.10507242415626,75.02025923540545,200.24049744490074,324.88304361048057
1042,25,0.42500000000000004,0.0,54.456503278673935,71.4269340663838,0.0,7.072937387142119,55.10507242415626,75.02025923540545,200.24049744490074,324.88304361048057
1043,25,0.45,0.0,54.456503278673935,71.4269340663838,0.0,7.072937387142119,55.10507242415626,75.02025923540545,200.24049744490074,324.88304361048057
1044,25,0.47500000000000003,0.0,54.456503278673935,71.4269340663838,0.0,7.072937387142119,55.10507242415626,75.02025923540545,200.24049744490074,324.88304361048057
1045,25,0.5,0.0,54.456503278673935,71.4269340663838,0.0,7.072937387142119,55.10507242415626,75.02025923540545,200.24049744490074,324.88304361048057
1046,25,0.525,0.0,54.456503278673935,71.4269340663838,0.0,7.072937387142119,55.10507242415626,75.02025923540545,200.24049744490074,324.88304361048057
1047,25,0.55,0.0,54.456503278673935,71.4269340663838,0.0,7.072937387142119,55.10507242415626,75.02025923540545,200.24049744490074,324.88304361048057
1048,25,0.5750000000000001,0.0,54.456503278673935,71.4269340663838,0.0,7.072937387142119,55.10507242415626,75.02025923540545,200.24049744490074,324.88304361048057
1049,25,0.6000000000000001,0.0,54.456503278673935,71.4269340663838,0.0,7.072937387142119,55.10507242415626,75.02025923540545,200.24049744490074,324.88304361048057
1050,25,0.625,0.0,54.456503278673935,71.4269340663838,0.0,7.072937387142119,55.10507242415626,75.02025923540545,200.24049744490074,324.88304361048057
1051,25,0.65,0.0,54.456503278673935,71.4269340663838,0.0,7.072937387142119,55.10507242415626,75.02025923540545,200.24049744490074,324.88304361048057
1052,25,0.675,0.0,54.456503278673935,71.4269340663838,0.0,7.072937387142119,55.10507242415626,75.02025923540545,200.24049744490074,324.88304361048057
1053,25,0.7000000000000001,0.0,54.456503278673935,71.4269340663838,0.0,7.072937387142119,55.10507242415626,75.02025923540545,200.24049744490074,324.88304361048057
1054,25,0.7250000000000001,0.0,54.456503278673935,71.4269340663838,0.0,7.072937387142119,55.10507242415626,75.02025923540545,200.24049744490074,324.88304361048057
1055,25,0.75,0.0,54.456503278673935,71.4269340663838,0.0,7.072937387142119,55.10507242415626,75.02025923540545,200.24049744490074,324.88304361048057
1056,25,0.775,0.0,54.456503278673935,71.4269340663838,0.0,7.072937387142119,55.10507242415626,75.02025923540545,200.24049744490074,324.88304361048057
1057,25,0.8,0.0,54.456503278673935,71.4269340663838,0.0,7.072937387142119,55.10507242415626,75.02025923540545,200.24049744490074,324.88304361048057
1058,25,0.8250000000000001,0.0,54.456503278673935,71.4269340663838,0.0,7.072937387142119,55.10507242415626,75.02025923540545,200.24049744490074,324.88304361048057
1059,25,0.8500000000000001,0.0,54.456503278673935,71.4269340663838,0.0,7.072937387142119,55.10507242415626,75.02025923540545,200.24049744490074,324.88304361048057
1060,25,0.875,0.0,54.456503278673935,71.4269340663838,0.0,7.072937387142119,55.10507242415626,75.02025923540545,200.24049744490074,324.88304361048057
1061,25,0.9,0.0,54.456503278673935,71.4269340663838,0.0,7.072937387142119,55.10507242415626,75.02025923540545,200.24049744490074,324.88304361048057
1062,25,0.925,0.0,54.456503278673935,71.4269340663838,0.0,7.072937387142119,55.10507242415626,75.02025923540545,200.24049744490074,324.88304361048057
1063,25,0.9500000000000001,0.0,54.456503278673935,71.4269340663838,0.0,7.072937387142119,55.10507242415626,75.02025923540545,200.24049744490074,324.88304361048057
1064,25,0.9750000000000001,0.0,54.456503278673935,71.4269340663838,0.0,7.072937387142119,55.10507242415626,75.02025923540545,200.24049744490074,324.88304361048057
1065,25,1.0,0.0,54.456503278673935,71.4269340663838,0.0,7.072937387142119,55.10507242415626,75.02025923540545,200.24049744490074,324.88304361048057
1066,26,0.0,0.0,46.99163391433614,64.34581880174021,0.0,6.928066806222691,60.336681300998166,72.59140168567909,178.2294040214985,310.60652895518365
1067,26,0.025,0.0,46.99163391433614,64.34581880174021,0.0,6.928066806222691,60.336681300998166,72.59140168567909,178.2294040214985,310.60652895518365
1068,26,0.05,0.0,46.99163391433614,64.34581880174021,0.0,6.928066806222691,60.336681300998166,72.59140168567909,178.2294040214985,310.60652895518365
1069,26,0.07500000000000001,0.0,46.99163391433614,64.34581880174021,0.0,6.928066806222691,60.336681300998166,72.59140168567909,178.2294040214985,310.60652895518365
1070,26,0.1,0.0,46.99163391433614,64.34581880174021,0.0,6.928066806222691,60.336681300998166,72.59140168567909,178.2294040214985,310.60652895518365
1071,26,0.125,0.0,46.99163391433614,64.34581880174021,0.0,6.928066806222691,60.336681300998166,72.59140168567909,178.2294040214985,310.60652895518365
1072,26,0.15000000000000002,0.0,46.99163391433614,64.34581880174021,0.0,6.928066806222691,60.336681300998166,72.59140168567909,178.2294040214985,310.60652895518365
1073,26,0.17500000000000002,0.0,46.99163391433614,64.34581880174021,0.0,6.928066806222691,60.336681300998166,72.59140168567909,178.2294040214985,310.60652895518365
1074,26,0.2,0.0,46.99163391433614,64.34581880174021,0.0,6.928066806222691,60.336681300998166,72.59140168567909,178.2294040214985,310.60652895518365
1075,26,0.225,0.0,46.99163391433614,64.34581880174021,0.0,6.928066806222691,60.336681300998166,72.59140168567909,178.2294040214985,310.60652895518365
1076,26,0.25,0.0,46.99163391433614,64.34581880174021,0.0,6.928066806222691,60.336681300998166,72.59140168567909,178.2294040214985,310.60652895518365
1077,26,0.275,0.0,46.99163391433614,64.34581880174021,0.0,6.928066806222691,60.336681300998166,72.59140168567909,178.2294040214985,310.60652895518365
1078,26,0.30000000000000004,0.0,46.99163391433614,64.34581880174021,0.0,6.928066806222691,60.336681300998166,72.59140168567909,178.2294040214985,310.60652895518365
1079,26,0.325,0.0,46.99163391433614,64.34581880174021,0.0,6.928066806222691,60.336681300998166,72.59140168567909,178.2294040214985,310.60652895518365
1080,26,0.35000000000000003,0.0,46.99163391433614,64.34581880174021,0.0,6.928066806222691,60.336681300998166,72.59140168567909,178.2294040214985,310.60652895518365
1081,26,0.375,0.0,46.99163391433614,64.34581880174021,0.0,6.928066806222691,60.336681300998166,72.59140168567909,178.2294040214985,310.60652895518365
1082,26,0.4,0.0,46.99163391433614,64.34581880174021,0.0,6.928066806222691,60.336681300998166,72.59140168567909,178.2294040214985,310.60652895518365
1083,26,0.42500000000000004,0.0,46.99163391433614,64.34581880174021,0.0,6.928066806222691,60.336681300998166,72.59140168567909,178.2294040214985,310.60652895518365
1084,26,0.45,0.0,46.99163391433614,64.34581880174021,0.0,6.928066806222691,60.336681300998166,72.59140168567909,178.2294040214985,310.60652895518365
1085,26,0.47500000000000003,0.0,46.99163391433614,64.34581880174021,0.0,6.928066806222691,60.336681300998166,72.59140168567909,178.2294040214985,310.60652895518365
1086,26,0.5,0.0,46.99163391433614,64.34581880174021,0.0,6.928066806222691,60.336681300998166,72.59140168567909,178.2294040214985,310.60652895518365
1087,26,0.525,0.0,46.99163391433614,64.34581880174021,0.0,6.928066806222691,60.336681300998166,72.59140168567909,178.2294040214985,310.60652895518365
1088,26,0.55,0.0,46.99163391433614,64.34581880174021,0.0,6.928066806222691,60.336681300998166,72.59140168567909,178.2294040214985,310.60652895518365
1089,26,0.5750000000000001,0.0,46.99163391433614,64.34581880174021,0.0,6.928066806222691,60.336681300998166,72.59140168567909,178.2294040214985,310.60652895518365
1090,26,0.6000000000000001,0.0,46.99163391433614,64.34581880174021,0.0,6.928066806222691,60.336681300998166,72.59140168567909,178.2294040214985,310.60652895518365
1091,26,0.625,0.0,46.99163391433614,64.34581880174021,0.0,6.928066806222691,60.336681300998166,72.59140168567909,178.2294040214985,310.60652895518365
1092,26,0.65,0.0,46.99163391433614,64.34581880174021,0.0,6.928066806222691,60.336681300998166,72.59140168567909,178.2294040214985,310.60652895518365
1093,26,0.675,0.0,46.99163391433614,64.34581880174021,0.0,6.928066806222691,60.336681300998166,72.59140168567909,178.2294040214985,310.60652895518365
1094,26,0.7000000000000001,0.0,46.99163391433614,64.34581880174021,0.0,6.928066806222691,60.336681300998166,72.59140168567909,178.2294040214985,310.60652895518365
1095,26,0.7250000000000001,0.0,46.99163391433614,64.34581880174021,0.0,6.928066806222691,60.336681300998166,72.59140168567909,178.2294040214985,310.60652895518365
1096,26,0.75,0.0,46.99163391433614,64.34581880174021,0.0,6.928066806222691,60.336681300998166,72.59140168567909,178.2294040214985,310.60652895518365
1097,26,0.775,0.0,46.99163391433614,64.34581880174021,0.0,6.928066806222691,60.336681300998166,72.59140168567909,178.2294040214985,310.60652895518365
1098,26,0.8,0.0,46.99163391433614,64.34581880174021,0.0,6.928066806222691,60.336681300998166,72.59140168567909,178.2294040214985,310.60652895518365
1099,26,0.8250000000000001,0.0,46.99163391433614,64.34581880174021,0.0,6.928066806222691,60.336681300998166,72.59140168567909,178.2294040214985,310.60652895518365
1100,26,0.8500000000000001,0.0,46.99163391433614,64.34581880174021,0.0,6.928066806222691,60.336681300998166,72.59140168567909,178.2294040214985,310.60652895518365
1101,26,0.875,0.0,46.99163391433614,64.34581880174021,0.0,6.928066806222691,60.336681300998166,72.59140168567909,178.2294040214985,310.60652895518365
1102,26,0.9,0.0,46.99163391433614,64.34581880174021,0.0,6.928066806222691,60.336681300998166,72.59140168567909,178.2294040214985,310.60652895518365
1103,26,0.925,0.0,46.99163391433614,64.34581880174021,0.0,6.928066806222691,60.336681300998166,72.59140168567909,178.2294040214985,310.60652895518365
1104,26,0.9500000000000001,0.0,46.99163391433614,64.34581880174021,0.0,6.928066806222691,60.336681300998166,72.59140168567909,178.2294040214985,310.60652895518365
1105,26,0.9750000000000001,0.0,46.99163391433614,64.34581880174021,0.0,6.928066806222691,60.336681300998166,72.59140168567909,178.2294040214985,310.60652895518365
1106,26,1.0,0.0,46.99163391433614,64.34581880174021,0.0,6.928066806222691,60.336681300998166,72.59140168567909,178.2294040214985,310.60652895518365
1107,27,0.0,0.0,55.12356372776183,70.71379730204083,0.0,6.427449451765442,58.01315458420385,80.79422191555489,193.84116325162452,302.9103883943551
1108,27,0.025,0.0,55.12356372776183,70.71379730204083,0.0,6.427449451765442,58.01315458420385,80.79422191555489,193.84116325162452,302.9103883943551
1109,27,0.05,0.0,55.12356372776183,70.71379730204083,0.0,6.427449451765442,58.01315458420385,80.79422191555489,193.84116325162452,302.9103883943551
1110,27,0.07500000000000001,0.0,55.12356372776183,70.71379730204083,0.0,6.427449451765442,58.01315458420385,80.79422191555489,193.84116325162452,302.9103883943551
1111,27,0.1,0.0,55.12356372776183,70.71379730204083,0.0,6.427449451765442,58.01315458420385,80.79422191555489,193.84116325162452,302.9103883943551
1112,27,0.125,0.0,55.12356372776183,70.71379730204083,0.0,6.427449451765442,58.01315458420385,80.79422191555489,193.84116325162452,302.9103883943551
1113,27,0.15000000000000002,0.0,55.12356372776183,70.71379730204083,0.0,6.427449451765442,58.01315458420385,80.79422191555489,193.84116325162452,302.9103883943551
1114,27,0.17500000000000002,0.0,55.12356372776183,70.71379730204083,0.0,6.427449451765442,58.01315458420385,80.79422191555489,193.84116325162452,302.9103883943551
1115,27,0.2,0.0,55.12356372776183,70.71379730204083,0.0,6.427449451765442,58.01315458420385,80.79422191555489,193.84116325162452,302.9103883943551
1116,27,0.225,0.0,55.12356372776183,70.71379730204083,0.0,6.427449451765442,58.01315458420385,80.79422191555489,193.84116325162452,302.9103883943551
1117,27,0.25,0.0,55.12356372776183,70.71379730204083,0.0,6.427449451765442,58.01315458420385,80.79422191555489,193.84116325162452,302.9103883943551
1118,27,0.275,0.0,55.12356372776183,70.71379730204083,0.0,6.427449451765442,58.01315458420385,80.79422191555489,193.84116325162452,302.9103883943551
1119,27,0.30000000000000004,0.0,55.12356372776183,70.71379730204083,0.0,6.427449451765442,58.01315458420385,80.79422191555489,193.84116325162452,302.9103883943551
1120,27,0.325,0.0,55.12356372776183,70.71379730204083,0.0,6.427449451765442,58.01315458420385,80.79422191555489,193.84116325162452,302.9103883943551
1121,27,0.35000000000000003,0.0,55.12356372776183,70.71379730204083,0.0,6.427449451765442,58.01315458420385,80.79422191555489,193.84116325162452,302.9103883943551
1122,27,0.375,0.0,55.12356372776183,70.71379730204083,0.0,6.427449451765442,58.01315458420385,80.79422191555489,193.84116325162452,302.9103883943551
1123,27,0.4,0.0,55.12356372776183,70.71379730204083,0.0,6.427449451765442,58.01315458420385,80.79422191555489,193.84116325162452,302.9103883943551
1124,27,0.42500000000000004,0.0,55.12356372776183,70.71379730204083,0.0,6.427449451765442,58.01315458420385,80.79422191555489,193.84116325162452,302.9103883943551
1125,27,0.45,0.0,55.12356372776183,70.71379730204083,0.0,6.427449451765442,58.01315458420385,80.79422191555489,193.84116325162452,302.9103883943551
1126,27,0.47500000000000003,0.0,55.12356372776183,70.71379730204083,0.0,6.427449451765442,58.01315458420385,80.79422191555489,193.84116325162452,302.9103883943551
1127,27,0.5,0.0,55.12356372776183,70.71379730204083,0.0,6.427449451765442,58.01315458420385,80.79422191555489,193.84116325162452,302.9103883943551
1128,27,0.525,0.0,55.12356372776183,70.71379730204083,0.0,6.427449451765442,58.01315458420385,80.79422191555489,193.84116325162452,302.9103883943551
1129,27,0.55,0.0,55.12356372776183,70.71379730204083,0.0,6.427449451765442,58.01315458420385,80.79422191555489,193.84116325162452,302.9103883943551
1130,27,0.5750000000000001,0.0,55.12356372776183,70.71379730204083,0.0,6.427449451765442,58.01315458420385,80.79422191555489,193.84116325162452,302.9103883943551
1131,27,0.6000000000000001,0.0,55.12356372776183,70.71379730204083,0.0,6.427449451765442,58.01315458420385,80.79422191555489,193.84116325162452,302.9103883943551
1132,27,0.625,0.0,55.12356372776183,70.71379730204083,0.0,6.427449451765442,58.01315458420385,80.79422191555489,193.84116325162452,302.9103883943551
1133,27,0.65,0.0,55.12356372776183,70.71379730204083,0.0,6.427449451765442,58.01315458420385,80.79422191555489,193.84116325162452,302.9103883943551
1134,27,0.675,0.0,55.12356372776183,70.71379730204083,0.0,6.427449451765442,58.01315458420385,80.79422191555489,193.84116325162452,302.9103883943551
1135,27,0.7000000000000001,0.0,55.12356372776183,70.71379730204083,0.0,6.427449451765442,58.01315458420385,80.79422191555489,193.84116325162452,302.9103883943551
1136,27,0.7250000000000001,0.0,55.12356372776183,70.71379730204083,0.0,6.427449451765442,58.01315458420385,80.79422191555489,193.84116325162452,302.9103883943551
1137,27,0.75,0.0,55.12356372776183,70.71379730204083,0.0,6.427449451765442,58.01315458420385,80.79422191555489,193.84116325162452,302.9103883943551
1138,27,0.775,0.0,55.12356372776183,70.71379730204083,0.0,6.427449451765442,58.01315458420385,80.79422191555489,193.84116325162452,302.9103883943551
1139,27,0.8,0.0,55.12356372776183,70.71379730204083,0.0,6.427449451765442,58.01315458420385,80.79422191555489,193.84116325162452,302.9103883943551
1140,27,0.8250000000000001,0.0,55.12356372776183,70.71379730204083,0.0,6.427449451765442,58.01315458420385,80.79422191555489,193.84116325162452,302.9103883943551
1141,27,0.8500000000000001,0.0,55.12356372776183,70.71379730204083,0.0,6.427449451765442,58.01315458420385,80.79422191555489,193.84116325162452,302.9103883943551
1142,27,0.875,0.0,55.12356372776183,70.71379730204083,0.0,6.427449451765442,58.01315458420385,80.79422191555489,193.84116325162452,302.9103883943551
1143,27,0.9,0.0,55.12356372776183,70.71379730204083,0.0,6.427449451765442,58.01315458420385,80.79422191555489,193.84116325162452,302.9103883943551
1144,27,0.925,0.0,55.12356372776183,70.71379730204083,0.0,6.427449451765442,58.01315458420385,80.79422191555489,193.84116325162452,302.9103883943551
1145,27,0.9500000000000001,0.0,55.12356372776183,70.71379730204083,0.0,6.427449451765442,58.01315458420385,80.79422191555489,193.84116325162452,302.9103883943551
1146,27,0.9750000000000001,0.0,55.12356372776183,70.71379730204083,0.0,6.427449451765442,58.01315458420385,80.79422191555489,193.84116325162452,302.9103883943551
1147,27,1.0,0.0,55.12356372776183,70.71379730204083,0.0,6.427449451765442,58.01315458420385,80.79422191555489,193.84116325162452,302.9103883943551
1148,28,0.0,0.0,50.13596831977819,64.70025010732722,0.0,7.0683935548789805,49.71528147857493,80.82261423803804,190.71892376263082,316.6568603698156
1149,28,0.025,0.0,50.13596831977819,64.70025010732722,0.0,7.0683935548789805,49.71528147857493,80.82261423803804,190.71892376263082,316.6568603698156
1150,28,0.05,0.0,50.13596831977819,64.70025010732722,0.0,7.0683935548789805,49.71528147857493,80.82261423803804,190.71892376263082,316.6568603698156
1151,28,0.07500000000000001,0.0,50.13596831977819,64.70025010732722,0.0,7.0683935548789805,49.71528147857493,80.82261423803804,190.71892376263082,316.6568603698156
1152,28,0.1,0.0,50.13596831977819,64.70025010732722,0.0,7.0683935548789805,49.71528147857493,80.82261423803804,190.71892376263082,316.6568603698156
1153,28,0.125,0.0,50.13596831977819,64.70025010732722,0.0,7.0683935548789805,49.71528147857493,80.82261423803804,190.71892376263082,316.6568603698156
1154,28,0.15000000000000002,0.0,50.13596831977819,64.70025010732722,0.0,7.0683935548789805,49.71528147857493,80.82261423803804,190.71892376263082,316.6568603698156
1155,28,0.17500000000000002,0.0,50.13596831977819,64.70025010732722,0.0,7.0683935548789805,49.71528147857493,80.82261423803804,190.71892376263082,316.6568603698156
1156,28,0.2,0.0,50.13596831977819,64.70025010732722,0.0,7.0683935548789805,49.71528147857493,80.82261423803804,190.71892376263082,316.6568603698156
1157,28,0.225,0.0,50.13596831977819,64.70025010732722,0.0,7.0683935548789805,49.71528147857493,80.82261423803804,190.71892376263082,316.6568603698156
1158,28,0.25,0.0,50.13596831977819,64.70025010732722,0.0,7.0683935548789805,49.71528147857493,80.82261423803804,190.71892376263082,316.6568603698156
1159,28,0.275,0.0,50.13596831977819,64.70025010732722,0.0,7.0683935548789805,49.71528147857493,80.82261423803804,190.71892376263082,316.6568603698156
1160,28,0.30000000000000004,0.0,50.13596831977819,64.70025010732722,0.0,7.0683935548789805,49.71528147857493,80.82261423803804,190.71892376263082,316.6568603698156
1161,28,0.325,0.0,50.13596831977819,64.70025010732722,0.0,7.0683935548789805,49.71528147857493,80.82261423803804,190.71892376263082,316.6568603698156
1162,28,0.35000000000000003,0.0,50.13596831977819,64.70025010732722,0.0,7.0683935548789805,49.71528147857493,80.82261423803804,190.71892376263082,316.6568603698156
1163,28,0.375,0.0,50.13596831977819,64.70025010732722,0.0,7.0683935548789805,49.71528147857493,80.82261423803804,190.71892376263082,316.6568603698156
1164,28,0.4,0.0,50.13596831977819,64.70025010732722,0.0,7.0683935548789805,49.71528147857493,80.82261423803804,190.71892376263082,316.6568603698156
1165,28,0.42500000000000004,0.0,50.13596831977819,64.70025010732722,0.0,7.0683935548789805,49.71528147857493,80.82261423803804,190.71892376263082,316.6568603698156
1166,28,0.45,0.0,50.13596831977819,64.70025010732722,0.0,7.0683935548789805,49.71528147857493,80.82261423803804,190.71892376263082,316.6568603698156
1167,28,0.47500000000000003,0.0,50.13596831977819,64.70025010732722,0.0,7.0683935548789805,49.71528147857493,80.82261423803804,190.71892376263082,316.6568603698156
1168,28,0.5,0.0,50.13596831977819,64.70025010732722,0.0,7.0683935548789805,49.71528147857493,80.82261423803804,190.71892376263082,316.6568603698156
1169,28,0.525,0.0,50.13596831977819,64.70025010732722,0.0,7.0683935548789805,49.71528147857493,80.82261423803804,190.71892376263082,316.6568603698156
1170,28,0.55,0.0,50.13596831977819,64.70025010732722,0.0,7.0683935548789805,49.71528147857493,80.82261423803804,190.71892376263082,316.6568603698156
1171,28,0.5750000000000001,0.0,50.13596831977819,64.70025010732722,0.0,7.0683935548789805,49.71528147857493,80.82261423803804,190.71892376263082,316.6568603698156
1172,28,0.6000000000000001,0.0,50.13596831977819,64.70025010732722,0.0,7.0683935548789805,49.71528147857493,80.82261423803804,190.71892376263082,316.6568603698156
1173,28,0.625,0.0,50.13596831977819,64.70025010732722,0.0,7.0683935548789805,49.71528147857493,80.82261423803804,190.71892376263082,316.6568603698156
1174,28,0.65,0.0,50.13596831977819,64.70025010732722,0.0,7.0683935548789805,49.71528147857493,80.82261423803804,190.71892376263082,316.6568603698156
1175,28,0.675,0.0,50.13596831977819,64.70025010732722,0.0,7.0683935548789805,49.71528147857493,80.82261423803804,190.71892376263082,316.6568603698156
1176,28,0.7000000000000001,0.0,50.13596831977819,64.70025010732722,0.0,7.0683935548789805,49.71528147857493,80.82261423803804,190.71892376263082,316.6568603698156
1177,28,0.7250000000000001,0.0,50.13596831977819,64.70025010732722,0.0,7.0683935548789805,49.71528147857493,80.82261423803804,190.71892376263082,316.6568603698156
1178,28,0.75,0.0,50.13596831977819,64.70025010732722,0.0,7.0683935548789805,49.71528147857493,80.82261423803804,190.71892376263082,316.6568603698156
1179,28,0.775,0.0,50.13596831977819,64.70025010732722,0.0,7.0683935548789805,49.71528147857493,80.82261423803804,190.71892376263082,316.6568603698156
1180,28,0.8,0.0,50.13596831977819,64.70025010732722,0.0,7.0683935548789805,49.71528147857493,80.82261423803804,190.71892376263082,316.6568603698156
1181,28,0.8250000000000001,0.0,50.13596831977819,64.70025010732722,0.0,7.0683935548789805,49.71528147857493,80.82261423803804,190.71892376263082,316.6568603698156
1182,28,0.8500000000000001,0.0,50.13596831977819,64.70025010732722,0.0,7.0683935548789805,49.71528147857493,80.82261423803804,190.71892376263082,316.6568603698156
1183,28,0.875,0.0,50.13596831977819,64.70025010732722,0.0,7.0683935548789805,49.71528147857493,80.82261423803804,190.71892376263082,316.6568603698156
1184,28,0.9,0.0,50.13596831977819,64.70025010732722,0.0,7.0683935548789805,49.71528147857493,80.82261423803804,190.71892376263082,316.6568603698156
1185,28,0.925,0.0,50.13596831977819,64.70025010732722,0.0,7.0683935548789805,49.71528147857493,80.82261423803804,190.71892376263082,316.6568603698156
1186,28,0.9500000000000001,0.0,50.13596831977819,64.70025010732722,0.0,7.0683935548789805,49.71528147857493,80.82261423803804,190.71892376263082,316.6568603698156
1187,28,0.9750000000000001,0.0,50.13596831977819,64.70025010732722,0.0,7.0683935548789805,49.71528147857493,80.82261423803804,190.71892376263082,316.6568603698156
1188,28,1.0,0.0,50.13596831977819,64.70025010732722,0.0,7.0683935548789805,49.71528147857493,80.82261423803804,190.71892376263082,316.6568603698156
1189,29,0.0,0.0,51.82277993086919,64.04986105184649,0.0,5.944028571921672,50.84841639348384,69.3545617805689,209.09998254643196,320.7641755157767
1190,29,0.025,0.0,51.82277993086919,64.04986105184649,0.0,5.944028571921672,50.84841639348384,69.3545617805689,209.09998254643196,320.7641755157767
1191,29,0.05,0.0,51.82277993086919,64.04986105184649,0.0,5.944028571921672,50.84841639348384,69.3545617805689,209.09998254643196,320.7641755157767
1192,29,0.07500000000000001,0.0,51.82277993086919,64.04986105184649,0.0,5.944028571921672,50.84841639348384,69.3545617805689,209.09998254643196,320.7641755157767
1193,29,0.1,0.0,51.82277993086919,64.04986105184649,0.0,5.944028571921672,50.84841639348384,69.3545617805689,209.09998254643196,320.7641755157767
1194,29,0.125,0.0,51.82277993086919,64.04986105184649,0.0,5.944028571921672,50.84841639348384,69.3545617805689,209.09998254643196,320.7641755157767
1195,29,0.15000000000000002,0.0,51.82277993086919,64.04986105184649,0.0,5.944028571921672,50.84841639348384,69.3545617805689,209.09998254643196,320.7641755157767
1196,29,0.17500000000000002,0.0,51.82277993086919,64.04986105184649,0.0,5.944028571921672,50.84841639348384,69.3545617805689,209.09998254643196,320.7641755157767
1197,29,0.2,0.0,51.82277993086919,64.04986105184649,0.0,5.944028571921672,50.84841639348384,69.3545617805689,209.09998254643196,320.7641755157767
1198,29,0.225,0.0,51.82277993086919,64.04986105184649,0.0,5.944028571921672,50.84841639348384,69.3545617805689,209.09998254643196,320.7641755157767
1199,29,0.25,0.0,51.82277993086919,64.04986105184649,0.0,5.944028571921672,50.84841639348384,69.3545617805689,209.09998254643196,320.7641755157767
1200,29,0.275,0.0,51.82277993086919,64.04986105184649,0.0,5.944028571921672,50.84841639348384,69.3545617805689,209.09998254643196,320.7641755157767
1201,29,0.30000000000000004,0.0,51.82277993086919,64.04986105184649,0.0,5.944028571921672,50.84841639348384,69.3545617805689,209.09998254643196,320.7641755157767
1202,29,0.325,0.0,51.82277993086919,64.04986105184649,0.0,5.944028571921672,50.84841639348384,69.3545617805689,209.09998254643196,320.7641755157767
1203,29,0.35000000000000003,0.0,51.82277993086919,64.04986105184649,0.0,5.944028571921672,50.84841639348384,69.3545617805689,209.09998254643196,320.7641755157767
1204,29,0.375,0.0,51.82277993086919,64.04986105184649,0.0,5.944028571921672,50.84841639348384,69.3545617805689,209.09998254643196,320.7641755157767
1205,29,0.4,0.0,51.82277993086919,64.04986105184649,0.0,5.944028571921672,50.84841639348384,69.3545617805689,209.09998254643196,320.7641755157767
1206,29,0.42500000000000004,0.0,51.82277993086919,64.04986105184649,0.0,5.944028571921672,50.84841639348384,69.3545617805689,209.09998254643196,320.7641755157767
1207,29,0.45,0.0,51.82277993086919,64.04986105184649,0.0,5.944028571921672,50.84841639348384,69.3545617805689,209.09998254643196,320.7641755157767
1208,29,0.47500000000000003,0.0,51.82277993086919,64.04986105184649,0.0,5.944028571921672,50.84841639348384,69.3545617805689,209.09998254643196,320.7641755157767
1209,29,0.5,0.0,51.82277993086919,64.04986105184649,0.0,5.944028571921672,50.84841639348384,69.3545617805689,209.09998254643196,320.7641755157767
1210,29,0.525,0.0,51.82277993086919,64.04986105184649,0.0,5.944028571921672,50.84841639348384,69.3545617805689,209.09998254643196,320.7641755157767
1211,29,0.55,0.0,51.82277993086919,64.04986105184649,0.0,5.944028571921672,50.84841639348384,69.3545617805689,209.09998254643196,320.7641755157767
1212,29,0.5750000000000001,0.0,51.82277993086919,64.04986105184649,0.0,5.944028571921672,50.84841639348384,69.3545617805689,209.09998254643196,320.7641755157767
1213,29,0.6000000000000001,0.0,51.82277993086919,64.04986105184649,0.0,5.944028571921672,50.84841639348384,69.3545617805689,209.09998254643196,320.7641755157767
1214,29,0.625,0.0,51.82277993086919,64.04986105184649,0.0,5.944028571921672,50.84841639348384,69.3545617805689,209.09998254643196,320.7641755157767
1215,29,0.65,0.0,51.82277993086919,64.04986105184649,0.0,5.944028571921672,50.84841639348384,69.3545617805689,209.09998254643196,320.7641755157767
1216,29,0.675,0.0,51.82277993086919,64.04986105184649,0.0,5.944028571921672,50.84841639348384,69.3545617805689,209.09998254643196,320.7641755157767
1217,29,0.7000000000000001,0.0,51.82277993086919,64.04986105184649,0.0,5.944028571921672,50.84841639348384,69.3545617805689,209.09998254643196,320.7641755157767
1218,29,0.7250000000000001,0.0,51.82277993086919,64.04986105184649,0.0,5.944028571921672,50.84841639348384,69.3545617805689,209.09998254643196,320.7641755157767
1219,29,0.75,0.0,51.82277993086919,64.04986105184649,0.0,5.944028571921672,50.84841639348384,69.3545617805689,209.09998254643196,320.7641755157767
1220,29,0.775,0.0,51.82277993086919,64.04986105184649,0.0,5.944028571921672,50.84841639348384,69.3545617805689,209.09998254643196,320.7641755157767
1221,29,0.8,0.0,51.82277993086919,64.04986105184649,0.0,5.944028571921672,50.84841639348384,69.3545617805689,209.09998254643196,320.7641755157767
1222,29,0.8250000000000001,0.0,51.82277993086919,64.04986105184649,0.0,5.944028571921672,50.84841639348384,69.3545617805689,209.09998254643196,320.7641755157767
1223,29,0.8500000000000001,0.0,51.82277993086919,64.04986105184649,0.0,5.944028571921672,50.84841639348384,69.3545617805689,209.09998254643196,320.7641755157767
1224,29,0.875,0.0,51.82277993086919,64.04986105184649,0.0,5.944028571921672,50.84841639348384,69.3545617805689,209.09998254643196,320.7641755157767
1225,29,0.9,0.0,51.82277993086919,64.04986105184649,0.0,5.944028571921672,50.84841639348384,69.3545617805689,209.09998254643196,320.7641755157767
1226,29,0.925,0.0,51.82277993086919,64.04986105184649,0.0,5.944028571921672,50.84841639348384,69.3545617805689,209.09998254643196,320.7641755157767
1227,29,0.9500000000000001,0.0,51.82277993086919,64.04986105184649,0.0,5.944028571921672,50.84841639348384,69.3545617805689,209.09998254643196,320.7641755157767
1228,29,0.9750000000000001,0.0,51.82277993086919,64.04986105184649,0.0,5.944028571921672,50.84841639348384,69.3545617805689,209.09998254643196,320.7641755157767
1229,29,1.0,0.0,51.82277993086919,64.04986105184649,0.0,5.944028571921672,50.84841639348384,69.3545617805689,209.09998254643196,320.7641755157767
1230,30,0.0,0.0,55.00370807367376,71.93388565858464,0.0,7.129021530701544,51.729870019108574,82.34437406418152,203.53727648070742,309.37274573965396
1231,30,0.025,0.0,55.00370807367376,71.93388565858464,0.0,7.129021530701544,51.729870019108574,82.34437406418152,203.53727648070742,309.37274573965396
1232,30,0.05,0.0,55.00370807367376,71.93388565858464,0.0,7.129021530701544,51.729870019108574,82.34437406418152,203.53727648070742,309.37274573965396
1233,30,0.07500000000000001,0.0,55.00370807367376,71.93388565858464,0.0,7.129021530701544,51.729870019108574,82.34437406418152,203.53727648070742,309.37274573965396
1234,30,0.1,0.0,55.00370807367376,71.93388565858464,0.0,7.129021530701544,51.729870019108574,82.34437406418152,203.53727648070742,309.37274573965396
1235,30,0.125,0.0,55.00370807367376,71.93388565858464,0.0,7.129021530701544,51.729870019108574,82.34437406418152,203.53727648070742,309.37274573965396
1236,30,0.15000000000000002,0.0,55.00370807367376,71.93388565858464,0.0,7.129021530701544,51.729870019108574,82.34437406418152,203.53727648070742,309.37274573965396
1237,30,0.17500000000000002,0.0,55.00370807367376,71.93388565858464,0.0,7.129021530701544,51.729870019108574,82.34437406418152,203.53727648070742,309.37274573965396
1238,30,0.2,0.0,55.00370807367376,71.93388565858464,0.0,7.129021530701544,51.729870019108574,82.34437406418152,203.53727648070742,309.37274573965396
1239,30,0.225,0.0,55.00370807367376,71.93388565858464,0.0,7.129021530701544,51.729870019108574,82.34437406418152,203.53727648070742,309.37274573965396
1240,30,0.25,0.0,55.00370807367376,71.93388565858464,0.0,7.129021530701544,51.729870019108574,82.34437406418152,203.53727648070742,309.37274573965396
1241,30,0.275,0.0,55.00370807367376,71.93388565858464,0.0,7.129021530701544,51.729870019108574,82.34437406418152,203.53727648070742,309.37274573965396
1242,30,0.30000000000000004,0.0,55.00370807367376,71.93388565858464,0.0,7.129021530701544,51.729870019108574,82.34437406418152,203.53727648070742,309.37274573965396
1243,30,0.325,0.0,55.00370807367376,71.93388565858464,0.0,7.129021530701544,51.729870019108574,82.34437406418152,203.53727648070742,309.37274573965396
1244,30,0.35000000000000003,0.0,55.00370807367376,71.93388565858464,0.0,7.129021530701544,51.729870019108574,82.34437406418152,203.53727648070742,309.37274573965396
1245,30,0.375,0.0,55.00370807367376,71.93388565858464,0.0,7.129021530701544,51.729870019108574,82.34437406418152,203.53727648070742,309.37274573965396
1246,30,0.4,0.0,55.00370807367376,71.93388565858464,0.0,7.129021530701544,51.729870019108574,82.34437406418152,203.53727648070742,309.37274573965396
1247,30,0.42500000000000004,0.0,55.00370807367376,71.93388565858464,0.0,7.129021530701544,51.729870019108574,82.34437406418152,203.53727648070742,309.37274573965396
1248,30,0.45,0.0,55.00370807367376,71.93388565858464,0.0,7.129021530701544,51.729870019108574,82.34437406418152,203.53727648070742,309.37274573965396
1249,30,0.47500000000000003,0.0,55.00370807367376,71.93388565858464,0.0,7.129021530701544,51.729870019108574,82.34437406418152,203.53727648070742,309.37274573965396
1250,30,0.5,0.0,55.00370807367376,71.93388565858464,0.0,7.129021530701544,51.729870019108574,82.34437406418152,203.53727648070742,309.37274573965396
1251,30,0.525,0.0,55.00370807367376,71.93388565858464,0.0,7.129021530701544,51.729870019108574,82.34437406418152,203.53727648070742,309.37274573965396
1252,30,0.55,0.0,55.00370807367376,71.93388565858464,0.0,7.129021530701544,51.729870019108574,82.34437406418152,203.53727648070742,309.37274573965396
1253,30,0.5750000000000001,0.0,55.00370807367376,71.93388565858464,0.0,7.129021530701544,51.729870019108574,82.34437406418152,203.53727648070742,309.37274573965396
1254,30,0.6000000000000001,0.0,55.00370807367376,71.93388565858464,0.0,7.129021530701544,51.729870019108574,82.34437406418152,203.53727648070742,309.37274573965396
1255,30,0.625,0.0,55.00370807367376,71.93388565858464,0.0,7.129021530701544,51.729870019108574,82.34437406418152,203.53727648070742,309.37274573965396
1256,30,0.65,0.0,55.00370807367376,71.93388565858464,0.0,7.129021530701544,51.729870019108574,82.34437406418152,203.53727648070742,309.37274573965396
1257,30,0.675,0.0,55.00370807367376,71.93388565858464,0.0,7.129021530701544,51.729870019108574,82.34437406418152,203.53727648070742,309.37274573965396
1258,30,0.7000000000000001,0.0,55.00370807367376,71.93388565858464,0.0,7.129021530701544,51.729870019108574,82.34437406418152,203.53727648070742,309.37274573965396
1259,30,0.7250000000000001,0.0,55.00370807367376,71.93388565858464,0.0,7.129021530701544,51.729870019108574,82.34437406418152,203.53727648070742,309.37274573965396
1260,30,0.75,0.0,55.00370807367376,71.93388565858464,0.0,7.129021530701544,51.729870019108574,82.34437406418152,203.53727648070742,309.37274573965396
1261,30,0.775,0.0,55.00370807367376,71.93388565858464,0.0,7.129021530701544,51.729870019108574,82.34437406418152,203.53727648070742,309.37274573965396
1262,30,0.8,0.0,55.00370807367376,71.93388565858464,0.0,7.129021530701544,51.729870019108574,82.34437406418152,203.53727648070742,309.37274573965396
1263,30,0.8250000000000001,0.0,55.00370807367376,71.93388565858464,0.0,7.129021530701544,51.729870019108574,82.34437406418152,203.53727648070742,309.37274573965396
1264,30,0.8500000000000001,0.0,55.00370807367376,71.93388565858464,0.0,7.129021530701544,51.729870019108574,82.34437406418152,203.53727648070742,309.37274573965396
1265,30,0.875,0.0,55.00370807367376,71.93388565858464,0.0,7.129021530701544,51.729870019108574,82.34437406418152,203.53727648070742,309.37274573965396
1266,30,0.9,0.0,55.00370807367376,71.93388565858464,0.0,7.129021530701544,51.729870019108574,82.34437406418152,203.53727648070742,309.37274573965396
1267,30,0.925,0.0,55.00370807367376,71.93388565858464,0.0,7.129021530701544,51.729870019108574,82.34437406418152,203.53727648070742,309.37274573965396
1268,30,0.9500000000000001,0.0,55.00370807367376,71.93388565858464,0.0,7.129021530701544,51.729870019108574,82.34437406418152,203.53727648070742,309.37274573965396
1269,30,0.9750000000000001,0.0,55.00370807367376,71.93388565858464,0.0,7.129021530701544,51.729870019108574,82.34437406418152,203.53727648070742,309.37274573965396
1270,30,1.0,0.0,55.00370807367376,71.93388565858464,0.0,7.129021530701544,51.729870019108574,82.34437406418152,203.53727648070742,309.37274573965396
1271,31,0.0,0.0,48.01552582045744,70.89497520412367,0.0,7.043942334381865,57.00125791827614,84.12361906606736,206.05066094965665,357.80620651939256
1272,31,0.025,0.0,48.01552582045744,70.89497520412367,0.0,7.043942334381865,57.00125791827614,84.12361906606736,206.05066094965665,357.80620651939256
1273,31,0.05,0.0,48.01552582045744,70.89497520412367,0.0,7.043942334381865,57.00125791827614,84.12361906606736,206.05066094965665,357.80620651939256
1274,31,0.07500000000000001,0.0,48.01552582045744,70.89497520412367,0.0,7.043942334381865,57.00125791827614,84.12361906606736,206.05066094965665,357.80620651939256
1275,31,0.1,0.0,48.01552582045744,70.89497520412367,0.0,7.043942334381865,57.00125791827614,84.12361906606736,206.05066094965665,357.80620651939256
1276,31,0.125,0.0,48.01552582045744,70.89497520412367,0.0,7.043942334381865,57.00125791827614,84.12361906606736,206.05066094965665,357.80620651939256
1277,31,0.15000000000000002,0.0,48.01552582045744,70.89497520412367,0.0,7.043942334381865,57.00125791827614,84.12361906606736,206.05066094965665,357.80620651939256
1278,31,0.17500000000000002,0.0,48.01552582045744,70.89497520412367,0.0,7.043942334381865,57.00125791827614,84.12361906606736,206.05066094965665,357.80620651939256
1279,31,0.2,0.0,48.01552582045744,70.89497520412367,0.0,7.043942334381865,57.00125791827614,84.12361906606736,206.05066094965665,357.80620651939256
1280,31,0.225,0.0,48.01552582045744,70.89497520412367,0.0,7.043942334381865,57.00125791827614,84.12361906606736,206.05066094965665,357.80620651939256
1281,31,0.25,0.0,48.01552582045744,70.89497520412367,0.0,7.043942334381865,57.00125791827614,84.12361906606736,206.05066094965665,357.80620651939256
1282,31,0.275,0.0,48.01552582045744,70.89497520412367,0.0,7.043942334381865,57.00125791827614,84.12361906606736,206.05066094965665,357.80620651939256
1283,31,0.30000000000000004,0.0,48.01552582045744,70.89497520412367,0.0,7.043942334381865,57.00125791827614,84.12361906606736,206.05066094965665,357.80620651939256
1284,31,0.325,0.0,48.01552582045744,70.89497520412367,0.0,7.043942334381865,57.00125791827614,84.12361906606736,206.05066094965665,357.80620651939256
1285,31,0.35000000000000003,0.0,48.01552582045744,70.89497520412367,0.0,7.043942334381865,57.00125791827614,84.12361906606736,206.05066094965665,357.80620651939256
1286,31,0.375,0.0,48.01552582045744,70.89497520412367,0.0,7.043942334381865,57.00125791827614,84.12361906606736,206.05066094965665,357.80620651939256
1287,31,0.4,0.0,48.01552582045744,70.89497520412367,0.0,7.043942334381865,57.00125791827614,84.12361906606736,206.05066094965665,357.80620651939256
1288,31,0.42500000000000004,0.0,48.01552582045744,70.89497520412367,0.0,7.043942334381865,57.00125791827614,84.12361906606736,206.05066094965665,357.80620651939256
1289,31,0.45,0.0,48.01552582045744,70.89497520412367,0.0,7.043942334381865,57.00125791827614,84.12361906606736,206.05066094965665,357.80620651939256
1290,31,0.47500000000000003,0.0,48.01552582045744,70.89497520412367,0.0,7.043942334381865,57.00125791827614,84.12361906606736,206.05066094965665,357.80620651939256
1291,31,0.5,0.0,48.01552582045744,70.89497520412367,0.0,7.043942334381865,57.00125791827614,84.12361906606736,206.05066094965665,357.80620651939256
1292,31,0.525,0.0,48.01552582045744,70.89497520412367,0.0,7.043942334381865,57.00125791827614,84.12361906606736,206.05066094965665,357.80620651939256
1293,31,0.55,0.0,48.01552582045744,70.89497520412367,0.0,7.043942334381865,57.00125791827614,84.12361906606736,206.05066094965665,357.80620651939256
1294,31,0.5750000000000001,0.0,48.01552582045744,70.89497520412367,0.0,7.043942334381865,57.00125791827614,84.12361906606736,206.05066094965665,357.80620651939256
1295,31,0.6000000000000001,0.0,48.01552582045744,70.89497520412367,0.0,7.043942334381865,57.00125791827614,84.12361906606736,206.05066094965665,357.80620651939256
1296,31,0.625,0.0,48.01552582045744,70.89497520412367,0.0,7.043942334381865,57.00125791827614,84.12361906606736,206.05066094965665,357.80620651939256
1297,31,0.65,0.0,48.01552582045744,70.89497520412367,0.0,7.043942334381865,57.00125791827614,84.12361906606736,206.05066094965665,357.80620651939256
1298,31,0.675,0.0,48.01552582045744,70.89497520412367,0.0,7.043942334381865,57.00125791827614,84.12361906606736,206.05066094965665,357.80620651939256
1299,31,0.7000000000000001,0.0,48.01552582045744,70.89497520412367,0.0,7.043942334381865,57.00125791827614,84.12361906606736,206.05066094965665,357.80620651939256
1300,31,0.7250000000000001,0.0,48.01552582045744,70.89497520412367,0.0,7.043942334381865,57.00125791827614,84.12361906606736,206.05066094965665,357.80620651939256
1301,31,0.75,0.0,48.01552582045744,70.89497520412367,0.0,7.043942334381865,57.00125791827614,84.12361906606736,206.05066094965665,357.80620651939256
1302,31,0.775,0.0,48.01552582045744,70.89497520412367,0.0,7.043942334381865,57.00125791827614,84.12361906606736,206.05066094965665,357.80620651939256
1303,31,0.8,0.0,48.01552582045744,70.89497520412367,0.0,7.043942334381865,57.00125791827614,84.12361906606736,206.05066094965665,357.80620651939256
1304,31,0.8250000000000001,0.0,48.01552582045744,70.89497520412367,0.0,7.043942334381865,57.00125791827614,84.12361906606736,206.05066094965665,357.80620651939256
1305,31,0.8500000000000001,0.0,48.01552582045744,70.89497520412367,0.0,7.043942334381865,57.00125791827614,84.12361906606736,206.05066094965665,357.80620651939256
1306,31,0.875,0.0,48.01552582045744,70.89497520412367,0.0,7.043942334381865,57.00125791827614,84.12361906606736,206.05066094965665,357.80620651939256
1307,31,0.9,0.0,48.01552582045744,70.89497520412367,0.0,7.043942334381865,57.00125791827614,84.12361906606736,206.05066094965665,357.80620651939256
1308,31,0.925,0.0,48.01552582045744,70.89497520412367,0.0,7.043942334381865,57.00125791827614,84.12361906606736,206.05066094965665,357.80620651939256
1309,31,0.9500000000000001,0.0,48.01552582045744,70.89497520412367,0.0,7.043942334381865,57.00125791827614,84.12361906606736,206.05066094965665,357.80620651939256
1310,31,0.9750000000000001,0.0,48.01552582045744,70.89497520412367,0.0,7.043942334381865,57.00125791827614,84.12361906606736,206.05066094965665,357.80620651939256
1311,31,1.0,0.0,48.01552582045744,70.89497520412367,0.0,7.043942334381865,57.00125791827614,84.12361906606736,206.05066094965665,357.80620651939256
1312,32,0.0,0.0,48.990696546227696,65.37365407936905,0.0,6.81985520369599,55.25792719704097,75.25742294076107,186.50439521956616,309.8809637484549
1313,32,0.025,0.0,48.990696546227696,65.37365407936905,0.0,6.81985520369599,55.25792719704097,75.25742294076107,186.50439521956616,309.8809637484549
1314,32,0.05,0.0,48.990696546227696,65.37365407936905,0.0,6.81985520369599,55.25792719704097,75.25742294076107,186.50439521956616,309.8809637484549
1315,32,0.07500000000000001,0.0,48.990696546227696,65.37365407936905,0.0,6.81985520369599,55.25792719704097,75.25742294076107,186.50439521956616,309.8809637484549
1316,32,0.1,0.0,48.990696546227696,65.37365407936905,0.0,6.81985520369599,55.25792719704097,75.25742294076107,186.50439521956616,309.8809637484549
1317,32,0.125,0.0,48.990696546227696,65.37365407936905,0.0,6.81985520369599,55.25792719704097,75.25742294076107,186.50439521956616,309.8809637484549
1318,32,0.15000000000000002,0.0,48.990696546227696,65.37365407936905,0.0,6.81985520369599,55.25792719704097,75.25742294076107,186.50439521956616,309.8809637484549
1319,32,0.17500000000000002,0.0,48.990696546227696,65.37365407936905,0.0,6.81985520369599,55.25792719704097,75.25742294076107,186.50439521956616,309.8809637484549
1320,32,0.2,0.0,48.990696546227696,65.37365407936905,0.0,6.81985520369599,55.25792719704097,75.25742294076107,186.50439521956616,309.8809637484549
1321,32,0.225,0.0,48.990696546227696,65.37365407936905,0.0,6.81985520369599,55.25792719704097,75.25742294076107,186.50439521956616,309.8809637484549
1322,32,0.25,0.0,48.990696546227696,65.37365407936905,0.0,6.81985520369599,55.25792719704097,75.25742294076107,186.50439521956616,309.8809637484549
1323,32,0.275,0.0,48.990696546227696,65.37365407936905,0.0,6.81985520369599,55.25792719704097,75.25742294076107,186.50439521956616,309.8809637484549
1324,32,0.30000000000000004,0.0,48.990696546227696,65.37365407936905,0.0,6.81985520369599,55.25792719704097,75.25742294076107,186.50439521956616,309.8809637484549
1325,32,0.325,0.0,48.990696546227696,65.37365407936905,0.0,6.81985520369599,55.25792719704097,75.25742294076107,186.50439521956616,309.8809637484549
1326,32,0.35000000000000003,0.0,48.990696546227696,65.37365407936905,0.0,6.81985520369599,55.25792719704097,75.25742294076107,186.50439521956616,309.8809637484549
1327,32,0.375,0.0,48.990696546227696,65.37365407936905,0.0,6.81985520369599,55.25792719704097,75.25742294076107,186.50439521956616,309.8809637484549
1328,32,0.4,0.0,48.990696546227696,65.37365407936905,0.0,6.81985520369599,55.25792719704097,75.25742294076107,186.50439521956616,309.8809637484549
1329,32,0.42500000000000004,0.0,48.990696546227696,65.37365407936905,0.0,6.81985520369599,55.25792719704097,75.25742294076107,186.50439521956616,309.8809637484549
1330,32,0.45,0.0,48.990696546227696,65.37365407936905,0.0,6.81985520369599,55.25792719704097,75.25742294076107,186.50439521956616,309.8809637484549
1331,32,0.47500000000000003,0.0,48.990696546227696,65.37365407936905,0.0,6.81985520369599,55.25792719704097,75.25742294076107,186.50439521956616,309.8809637484549
1332,32,0.5,0.0,48.990696546227696,65.37365407936905,0.0,6.81985520369599,55.25792719704097,75.25742294076107,186.50439521956616,309.8809637484549
1333,32,0.525,0.0,48.990696546227696,65.37365407936905,0.0,6.81985520369599,55.25792719704097,75.25742294076107,186.50439521956616,309.8809637484549
1334,32,0.55,0.0,48.990696546227696,65.37365407936905,0.0,6.81985520369599,55.25792719704097,75.25742294076107,186.50439521956616,309.8809637484549
1335,32,0.5750000000000001,0.0,48.990696546227696,65.37365407936905,0.0,6.81985520369599,55.25792719704097,75.25742294076107,186.50439521956616,309.8809637484549
1336,32,0.6000000000000001,0.0,48.990696546227696,65.37365407936905,0.0,6.81985520369599,55.25792719704097,75.25742294076107,186.50439521956616,309.8809637484549
1337,32,0.625,0.0,48.990696546227696,65.37365407936905,0.0,6.81985520369599,55.25792719704097,75.25742294076107,186.50439521956616,309.8809637484549
1338,32,0.65,0.0,48.990696546227696,65.37365407936905,0.0,6.81985520369599,55.25792719704097,75.25742294076107,186.50439521956616,309.8809637484549
1339,32,0.675,0.0,48.990696546227696,65.37365407936905,0.0,6.81985520369599,55.25792719704097,75.25742294076107,186.50439521956616,309.8809637484549
1340,32,0.7000000000000001,0.0,48.990696546227696,65.37365407936905,0.0,6.81985520369599,55.25792719704097,75.25742294076107,186.50439521956616,309.8809637484549
1341,32,0.7250000000000001,0.0,48.990696546227696,65.37365407936905,0.0,6.81985520369599,55.25792719704097,75.25742294076107,186.50439521956616,309.8809637484549
1342,32,0.75,0.0,48.990696546227696,65.37365407936905,0.0,6.81985520369599,55.25792719704097,75.25742294076107,186.50439521956616,309.8809637484549
1343,32,0.775,0.0,48.990696546227696,65.37365407936905,0.0,6.81985520369599,55.25792719704097,75.25742294076107,186.50439521956616,309.8809637484549
1344,32,0.8,0.0,48.990696546227696,65.37365407936905,0.0,6.81985520369599,55.25792719704097,75.25742294076107,186.50439521956616,309.8809637484549
1345,32,0.8250000000000001,0.0,48.990696546227696,65.37365407936905,0.0,6.81985520369599,55.25792719704097,75.25742294076107,186.50439521956616,309.8809637484549
1346,32,0.8500000000000001,0.0,48.990696546227696,65.37365407936905,0.0,6.81985520369599,55.25792719704097,75.25742294076107,186.50439521956616,309.8809637484549
1347,32,0.875,0.0,48.990696546227696,65.37365407936905,0.0,6.81985520369599,55.25792719704097,75.25742294076107,186.50439521956616,309.8809637484549
1348,32,0.9,0.0,48.990696546227696,65.37365407936905,0.0,6.81985520369599,55.25792719704097,75.25742294076107,186.50439521956616,309.8809637484549
1349,32,0.925,0.0,48.990696546227696,65.37365407936905,0.0,6.81985520369599,55.25792719704097,75.25742294076107,186.50439521956616,309.8809637484549
1350,32,0.9500000000000001,0.0,48.990696546227696,65.37365407936905,0.0,6.81985520369599,55.25792719704097,75.25742294076107,186.50439521956616,309.8809637484549
1351,32,0.9750000000000001,0.0,48.990696546227696,65.37365407936905,0.0,6.81985520369599,55.25792719704097,75.25742294076107,186.50439521956616,309.8809637484549
1352,32,1.0,0.0,48.990696546227696,65.37365407936905,0.0,6.81985520369599,55.25792719704097,75.25742294076107,186.50439521956616,309.8809637484549
1353,33,0.0,0.0,57.063889668263094,66.90843453286914,0.0,6.678743567072649,58.901943220394,79.76246776470994,183.27156124843253,354.6223265254259
1354,33,0.025,0.0,57.063889668263094,66.90843453286914,0.0,6.678743567072649,58.901943220394,79.76246776470994,183.27156124843253,354.6223265254259
1355,33,0.05,0.0,57.063889668263094,66.90843453286914,0.0,6.678743567072649,58.901943220394,79.76246776470994,183.27156124843253,354.6223265254259
1356,33,0.07500000000000001,0.0,57.063889668263094,66.90843453286914,0.0,6.678743567072649,58.901943220394,79.76246776470994,183.27156124843253,354.6223265254259
1357,33,0.1,0.0,57.063889668263094,66.90843453286914,0.0,6.678743567072649,58.901943220394,79.76246776470994,183.27156124843253,354.6223265254259
1358,33,0.125,0.0,57.063889668263094,66.90843453286914,0.0,6.678743567072649,58.901943220394,79.76246776470994,183.27156124843253,354.6223265254259
1359,33,0.15000000000000002,0.0,57.063889668263094,66.90843453286914,0.0,6.678743567072649,58.901943220394,79.76246776470994,183.27156124843253,354.6223265254259
1360,33,0.17500000000000002,0.0,57.063889668263094,66.90843453286914,0.0,6.678743567072649,58.901943220394,79.76246776470994,183.27156124843253,354.6223265254259
1361,33,0.2,0.0,57.063889668263094,66.90843453286914,0.0,6.678743567072649,58.901943220394,79.76246776470994,183.27156124843253,354.6223265254259
1362,33,0.225,0.0,57.063889668263094,66.90843453286914,0.0,6.678743567072649,58.901943220394,79.76246776470994,183.27156124843253,354.6223265254259
1363,33,0.25,0.0,57.063889668263094,66.90843453286914,0.0,6.678743567072649,58.901943220394,79.76246776470994,183.27156124843253,354.6223265254259
1364,33,0.275,0.0,57.063889668263094,66.90843453286914,0.0,6.678743567072649,58.901943220394,79.76246776470994,183.27156124843253,354.6223265254259
1365,33,0.30000000000000004,0.0,57.063889668263094,66.90843453286914,0.0,6.678743567072649,58.901943220394,79.76246776470994,183.27156124843253,354.6223265254259
1366,33,0.325,0.0,57.063889668263094,66.90843453286914,0.0,6.678743567072649,58.901943220394,79.76246776470994,183.27156124843253,354.6223265254259
1367,33,0.35000000000000003,0.0,57.063889668263094,66.90843453286914,0.0,6.678743567072649,58.901943220394,79.76246776470994,183.27156124843253,354.6223265254259
1368,33,0.375,0.0,57.063889668263094,66.90843453286914,0.0,6.678743567072649,58.901943220394,79.76246776470994,183.27156124843253,354.6223265254259
1369,33,0.4,0.0,57.063889668263094,66.90843453286914,0.0,6.678743567072649,58.901943220394,79.76246776470994,183.27156124843253,354.6223265254259
1370,33,0.42500000000000004,0.0,57.063889668263094,66.90843453286914,0.0,6.678743567072649,58.901943220394,79.76246776470994,183.27156124843253,354.6223265254259
1371,33,0.45,0.0,57.063889668263094,66.90843453286914,0.0,6.678743567072649,58.901943220394,79.76246776470994,183.27156124843253,354.6223265254259
1372,33,0.47500000000000003,0.0,57.063889668263094,66.90843453286914,0.0,6.678743567072649,58.901943220394,79.76246776470994,183.27156124843253,354.6223265254259
1373,33,0.5,0.0,57.063889668263094,66.90843453286914,0.0,6.678743567072649,58.901943220394,79.76246776470994,183.27156124843253,354.6223265254259
1374,33,0.525,0.0,57.063889668263094,66.90843453286914,0.0,6.678743567072649,58.901943220394,79.76246776470994,183.27156124843253,354.6223265254259
1375,33,0.55,0.0,57.063889668263094,66.90843453286914,0.0,6.678743567072649,58.901943220394,79.76246776470994,183.27156124843253,354.6223265254259
1376,33,0.5750000000000001,0.0,57.063889668263094,66.90843453286914,0.0,6.678743567072649,58.901943220394,79.76246776470994,183.27156124843253,354.6223265254259
1377,33,0.6000000000000001,0.0,57.063889668263094,66.90843453286914,0.0,6.678743567072649,58.901943220394,79.76246776470994,183.27156124843253,354.6223265254259
1378,33,0.625,0.0,57.063889668263094,66.90843453286914,0.0,6.678743567072649,58.901943220394,79.76246776470994,183.27156124843253,354.6223265254259
1379,33,0.65,0.0,57.063889668263094,66.90843453286914,0.0,6.678743567072649,58.901943220394,79.76246776470994,183.27156124843253,354.6223265254259
1380,33,0.675,0.0,57.063889668263094,66.90843453286914,0.0,6.678743567072649,58.901943220394,79.76246776470994,183.27156124843253,354.6223265254259
1381,33,0.7000000000000001,0.0,57.063889668263094,66.90843453286914,0.0,6.678743567072649,58.901943220394,79.76246776470994,183.27156124843253,354.6223265254259
1382,33,0.7250000000000001,0.0,57.063889668263094,66.90843453286914,0.0,6.678743567072649,58.901943220394,79.76246776470994,183.27156124843253,354.6223265254259
1383,33,0.75,0.0,57.063889668263094,66.90843453286914,0.0,6.678743567072649,58.901943220394,79.76246776470994,183.27156124843253,354.6223265254259
1384,33,0.775,0.0,57.063889668263094,66.90843453286914,0.0,6.678743567072649,58.901943220394,79.76246776470994,183.27156124843253,354.6223265254259
1385,33,0.8,0.0,57.063889668263094,66.90843453286914,0.0,6.678743567072649,58.901943220394,79.76246776470994,183.27156124843253,354.6223265254259
1386,33,0.8250000000000001,0.0,57.063889668263094,66.90843453286914,0.0,6.678743567072649,58.901943220394,79.76246776470994,183.27156124843253,354.6223265254259
1387,33,0.8500000000000001,0.0,57.063889668263094,66.90843453286914,0.0,6.678743567072649,58.901943220394,79.76246776470994,183.27156124843253,354.6223265254259
1388,33,0.875,0.0,57.063889668263094,66.90843453286914,0.0,6.678743567072649,58.901943220394,79.76246776470994,183.27156124843253,354.6223265254259
1389,33,0.9,0.0,57.063889668263094,66.90843453286914,0.0,6.678743567072649,58.901943220394,79.76246776470994,183.27156124843253,354.6223265254259
1390,33,0.925,0.0,57.063889668263094,66.90843453286914,0.0,6.678743567072649,58.901943220394,79.76246776470994,183.27156124843253,354.6223265254259
1391,33,0.9500000000000001,0.0,57.063889668263094,66.90843453286914,0.0,6.678743567072649,58.901943220394,79.76246776470994,183.27156124843253,354.6223265254259
1392,33,0.9750000000000001,0.0,57.063889668263094,66.90843453286914,0.0,6.678743567072649,58.901943220394,79.76246776470994,183.27156124843253,354.6223265254259
1393,33,1.0,0.0,57.063889668263094,66.90843453286914,0.0,6.678743567072649,58.901943220394,79.76246776470994,183.27156124843253,354.6223265254259
1394,34,0.0,0.0,54.181246159905136,66.12588373483365,0.0,6.692044862753532,58.68709771215877,74.74574222610552,186.65120506216243,340.66995297383124
1395,34,0.025,0.0,54.181246159905136,66.12588373483365,0.0,6.692044862753532,58.68709771215877,74.74574222610552,186.65120506216243,340.66995297383124
1396,34,0.05,0.0,54.181246159905136,66.12588373483365,0.0,6.692044862753532,58.68709771215877,74.74574222610552,186.65120506216243,340.66995297383124
1397,34,0.07500000000000001,0.0,54.181246159905136,66.12588373483365,0.0,6.692044862753532,58.68709771215877,74.74574222610552,186.65120506216243,340.66995297383124
1398,34,0.1,0.0,54.181246159905136,66.12588373483365,0.0,6.692044862753532,58.68709771215877,74.74574222610552,186.65120506216243,340.66995297383124
1399,34,0.125,0.0,54.181246159905136,66.12588373483365,0.0,6.692044862753532,58.68709771215877,74.74574222610552,186.65120506216243,340.66995297383124
1400,34,0.15000000000000002,0.0,54.181246159905136,66.12588373483365,0.0,6.692044862753532,58.68709771215877,74.74574222610552,186.65120506216243,340.66995297383124
1401,34,0.17500000000000002,0.0,54.181246159905136,66.12588373483365,0.0,6.692044862753532,58.68709771215877,74.74574222610552,186.65120506216243,340.66995297383124
1402,34,0.2,0.0,54.181246159905136,66.12588373483365,0.0,6.692044862753532,58.68709771215877,74.74574222610552,186.65120506216243,340.66995297383124
1403,34,0.225,0.0,54.181246159905136,66.12588373483365,0.0,6.692044862753532,58.68709771215877,74.74574222610552,186.65120506216243,340.66995297383124
1404,34,0.25,0.0,54.181246159905136,66.12588373483365,0.0,6.692044862753532,58.68709771215877,74.74574222610552,186.65120506216243,340.66995297383124
1405,34,0.275,0.0,54.181246159905136,66.12588373483365,0.0,6.692044862753532,58.68709771215877,74.74574222610552,186.65120506216243,340.66995297383124
1406,34,0.30000000000000004,0.0,54.181246159905136,66.12588373483365,0.0,6.692044862753532,58.68709771215877,74.74574222610552,186.65120506216243,340.66995297383124
1407,34,0.325,0.0,54.181246159905136,66.12588373483365,0.0,6.692044862753532,58.68709771215877,74.74574222610552,186.65120506216243,340.66995297383124
1408,34,0.35000000000000003,0.0,54.181246159905136,66.12588373483365,0.0,6.692044862753532,58.68709771215877,74.74574222610552,186.65120506216243,340.66995297383124
1409,34,0.375,0.0,54.181246159905136,66.12588373483365,0.0,6.692044862753532,58.68709771215877,74.74574222610552,186.65120506216243,340.66995297383124
1410,34,0.4,0.0,54.181246159905136,66.12588373483365,0.0,6.692044862753532,58.68709771215877,74.74574222610552,186.65120506216243,340.66995297383124
1411,34,0.42500000000000004,0.0,54.181246159905136,66.12588373483365,0.0,6.692044862753532,58.68709771215877,74.74574222610552,186.65120506216243,340.66995297383124
1412,34,0.45,0.0,54.181246159905136,66.12588373483365,0.0,6.692044862753532,58.68709771215877,74.74574222610552,186.65120506216243,340.66995297383124
1413,34,0.47500000000000003,0.0,54.181246159905136,66.12588373483365,0.0,6.692044862753532,58.68709771215877,74.74574222610552,186.65120506216243,340.66995297383124
1414,34,0.5,0.0,54.181246159905136,66.12588373483365,0.0,6.692044862753532,58.68709771215877,74.74574222610552,186.65120506216243,340.66995297383124
1415,34,0.525,0.0,54.181246159905136,66.12588373483365,0.0,6.692044862753532,58.68709771215877,74.74574222610552,186.65120506216243,340.66995297383124
1416,34,0.55,0.0,54.181246159905136,66.12588373483365,0.0,6.692044862753532,58.68709771215877,74.74574222610552,186.65120506216243,340.66995297383124
1417,34,0.5750000000000001,0.0,54.181246159905136,66.12588373483365,0.0,6.692044862753532,58.68709771215877,74.74574222610552,186.65120506216243,340.66995297383124
1418,34,0.6000000000000001,0.0,54.181246159905136,66.12588373483365,0.0,6.692044862753532,58.68709771215877,74.74574222610552,186.65120506216243,340.66995297383124
1419,34,0.625,0.0,54.181246159905136,66.12588373483365,0.0,6.692044862753532,58.68709771215877,74.74574222610552,186.65120506216243,340.66995297383124
1420,34,0.65,0.0,54.181246159905136,66.12588373483365,0.0,6.692044862753532,58.68709771215877,74.74574222610552,186.65120506216243,340.66995297383124
1421,34,0.675,0.0,54.181246159905136,66.12588373483365,0.0,6.692044862753532,58.68709771215877,74.74574222610552,186.65120506216243,340.66995297383124
1422,34,0.7000000000000001,0.0,54.181246159905136,66.12588373483365,0.0,6.692044862753532,58.68709771215877,74.74574222610552,186.65120506216243,340.66995297383124
1423,34,0.7250000000000001,0.0,54.181246159905136,66.12588373483365,0.0,6.692044862753532,58.68709771215877,74.74574222610552,186.65120506216243,340.66995297383124
1424,34,0.75,0.0,54.181246159905136,66.12588373483365,0.0,6.692044862753532,58.68709771215877,74.74574222610552,186.65120506216243,340.66995297383124
1425,34,0.775,0.0,54.181246159905136,66.12588373483365,0.0,6.692044862753532,58.68709771215877,74.74574222610552,186.65120506216243,340.66995297383124
1426,34,0.8,0.0,54.181246159905136,66.12588373483365,0.0,6.692044862753532,58.68709771215877,74.74574222610552,186.65120506216243,340.66995297383124
1427,34,0.8250000000000001,0.0,54.181246159905136,66.12588373483365,0.0,6.692044862753532,58.68709771215877,74.74574222610552,186.65120506216243,340.66995297383124
1428,34,0.8500000000000001,0.0,54.181246159905136,66.12588373483365,0.0,6.692044862753532,58.68709771215877,74.74574222610552,186.65120506216243,340.66995297383124
1429,34,0.875,0.0,54.181246159905136,66.12588373483365,0.0,6.692044862753532,58.68709771215877,74.74574222610552,186.65120506216243,340.66995297383124
1430,34,0.9,0.0,54.181246159905136,66.12588373483365,0.0,6.692044862753532,58.68709771215877,74.74574222610552,186.65120506216243,340.66995297383124
1431,34,0.925,0.0,54.181246159905136,66.12588373483365,0.0,6.692044862753532,58.68709771215877,74.74574222610552,186.65120506216243,340.66995297383124
1432,34,0.9500000000000001,0.0,54.181246159905136,66.12588373483365,0.0,6.692044862753532,58.68709771215877,74.74574222610552,186.65120506216243,340.66995297383124
1433,34,0.9750000000000001,0.0,54.181246159905136,66.12588373483365,0.0,6.692044862753532,58.68709771215877,74.74574222610552,186.65120506216243,340.66995297383124
1434,34,1.0,0.0,54.181246159905136,66.12588373483365,0.0,6.692044862753532,58.68709771215877,74.74574222610552,186.65120506216243,340.66995297383124
1435,35,0.0,0.0,47.2525601571045,63.96262494080202,0.0,6.291009679448061,54.12950347666719,71.44052159871593,179.76298278325422,325.1363381093833
1436,35,0.025,0.0,47.2525601571045,63.96262494080202,0.0,6.291009679448061,54.12950347666719,71.44052159871593,179.76298278325422,325.1363381093833
1437,35,0.05,0.0,47.2525601571045,63.96262494080202,0.0,6.291009679448061,54.12950347666719,71.44052159871593,179.76298278325422,325.1363381093833
1438,35,0.07500000000000001,0.0,47.2525601571045,63.96262494080202,0.0,6.291009679448061,54.12950347666719,71.44052159871593,179.76298278325422,325.1363381093833
1439,35,0.1,0.0,47.2525601571045,63.96262494080202,0.0,6.291009679448061,54.12950347666719,71.44052159871593,179.76298278325422,325.1363381093833
1440,35,0.125,0.0,47.2525601571045,63.96262494080202,0.0,6.291009679448061,54.12950347666719,71.44052159871593,179.76298278325422,325.1363381093833
1441,35,0.15000000000000002,0.0,47.2525601571045,63.96262494080202,0.0,6.291009679448061,54.12950347666719,71.44052159871593,179.76298278325422,325.1363381093833
1442,35,0.17500000000000002,0.0,47.2525601571045,63.96262494080202,0.0,6.291009679448061,54.12950347666719,71.44052159871593,179.76298278325422,325.1363381093833
1443,35,0.2,0.0,47.2525601571045,63.96262494080202,0.0,6.291009679448061,54.12950347666719,71.44052159871593,179.76298278325422,325.1363381093833
1444,35,0.225,0.0,47.2525601571045,63.96262494080202,0.0,6.291009679448061,54.12950347666719,71.44052159871593,179.76298278325422,325.1363381093833
1445,35,0.25,0.0,47.2525601571045,63.96262494080202,0.0,6.291009679448061,54.12950347666719,71.44052159871593,179.76298278325422,325.1363381093833
1446,35,0.275,0.0,47.2525601571045,63.96262494080202,0.0,6.291009679448061,54.12950347666719,71.44052159871593,179.76298278325422,325.1363381093833
1447,35,0.30000000000000004,0.0,47.2525601571045,63.96262494080202,0.0,6.291009679448061,54.12950347666719,71.44052159871593,179.76298278325422,325.1363381093833
1448,35,0.325,0.0,47.2525601571045,63.96262494080202,0.0,6.291009679448061,54.12950347666719,71.44052159871593,179.76298278325422,325.1363381093833
1449,35,0.35000000000000003,0.0,47.2525601571045,63.96262494080202,0.0,6.291009679448061,54.12950347666719,71.44052159871593,179.76298278325422,325.1363381093833
1450,35,0.375,0.0,47.2525601571045,63.96262494080202,0.0,6.291009679448061,54.12950347666719,71.44052159871593,179.76298278325422,325.1363381093833
1451,35,0.4,0.0,47.2525601571045,63.96262494080202,0.0,6.291009679448061,54.12950347666719,71.44052159871593,179.76298278325422,325.1363381093833
1452,35,0.42500000000000004,0.0,47.2525601571045,63.96262494080202,0.0,6.291009679448061,54.12950347666719,71.44052159871593,179.76298278325422,325.1363381093833
1453,35,0.45,0.0,47.2525601571045,63.96262494080202,0.0,6.291009679448061,54.12950347666719,71.44052159871593,179.76298278325422,325.1363381093833
1454,35,0.47500000000000003,0.0,47.2525601571045,63.96262494080202,0.0,6.291009679448061,54.12950347666719,71.44052159871593,179.76298278325422,325.1363381093833
1455,35,0.5,0.0,47.2525601571045,63.96262494080202,0.0,6.291009679448061,54.12950347666719,71.44052159871593,179.76298278325422,325.1363381093833
1456,35,0.525,0.0,47.2525601571045,63.96262494080202,0.0,6.291009679448061,54.12950347666719,71.44052159871593,179.76298278325422,325.1363381093833
1457,35,0.55,0.0,47.2525601571045,63.96262494080202,0.0,6.291009679448061,54.12950347666719,71.44052159871593,179.76298278325422,325.1363381093833
1458,35,0.5750000000000001,0.0,47.2525601571045,63.96262494080202,0.0,6.291009679448061,54.12950347666719,71.44052159871593,179.76298278325422,325.1363381093833
1459,35,0.6000000000000001,0.0,47.2525601571045,63.96262494080202,0.0,6.291009679448061,54.12950347666719,71.44052159871593,179.76298278325422,325.1363381093833
1460,35,0.625,0.0,47.2525601571045,63.96262494080202,0.0,6.291009679448061,54.12950347666719,71.44052159871593,179.76298278325422,325.1363381093833
1461,35,0.65,0.0,47.2525601571045,63.96262494080202,0.0,6.291009679448061,54.12950347666719,71.44052159871593,179.76298278325422,325.1363381093833
1462,35,0.675,0.0,47.2525601571045,63.96262494080202,0.0,6.291009679448061,54.12950347666719,71.44052159871593,179.76298278325422,325.1363381093833
1463,35,0.7000000000000001,0.0,47.2525601571045,63.96262494080202,0.0,6.291009679448061,54.12950347666719,71.44052159871593,179.76298278325422,325.1363381093833
1464,35,0.7250000000000001,0.0,47.2525601571045,63.96262494080202,0.0,6.291009679448061,54.12950347666719,71.44052159871593,179.76298278325422,325.1363381093833
1465,35,0.75,0.0,47.2525601571045,63.96262494080202,0.0,6.291009679448061,54.12950347666719,71.44052159871593,179.76298278325422,325.1363381093833
1466,35,0.775,0.0,47.2525601571045,63.96262494080202,0.0,6.291009679448061,54.12950347666719,71.44052159871593,179.76298278325422,325.1363381093833
1467,35,0.8,0.0,47.2525601571045,63.96262494080202,0.0,6.291009679448061,54.12950347666719,71.44052159871593,179.76298278325422,325.1363381093833
1468,35,0.8250000000000001,0.0,47.2525601571045,63.96262494080202,0.0,6.291009679448061,54.12950347666719,71.44052159871593,179.76298278325422,325.1363381093833
1469,35,0.8500000000000001,0.0,47.2525601571045,63.96262494080202,0.0,6.291009679448061,54.12950347666719,71.44052159871593,179.76298278325422,325.1363381093833
1470,35,0.875,0.0,47.2525601571045,63.96262494080202,0.0,6.291009679448061,54.12950347666719,71.44052159871593,179.76298278325422,325.1363381093833
1471,35,0.9,0.0,47.2525601571045,63.96262494080202,0.0,6.291009679448061,54.12950347666719,71.44052159871593,179.76298278325422,325.1363381093833
1472,35,0.925,0.0,47.2525601571045,63.96262494080202,0.0,6.291009679448061,54.12950347666719,71.44052159871593,179.76298278325422,325.1363381093833
1473,35,0.9500000000000001,0.0,47.2525601571045,63.96262494080202,0.0,6.291009679448061,54.12950347666719,71.44052159871593,179.76298278325422,325.1363381093833
1474,35,0.9750000000000001,0.0,47.2525601571045,63.96262494080202,0.0,6.291009679448061,54.12950347666719,71.44052159871593,179.76298278325422,325.1363381093833
1475,35,1.0,0.0,47.2525601571045,63.96262494080202,0.0,6.291009679448061,54.12950347666719,71.44052159871593,179.76298278325422,325.1363381093833
1476,36,0.0,0.0,57.132408483621795,59.51436815992893,0.0,6.580929633801787,51.61104103571988,72.18156525322438,193.1221993813491,340.15680831781737
1477,36,0.025,0.0,57.132408483621795,59.51436815992893,0.0,6.580929633801787,51.61104103571988,72.18156525322438,193.1221993813491,340.15680831781737
1478,36,0.05,0.0,57.132408483621795,59.51436815992893,0.0,6.580929633801787,51.61104103571988,72.18156525322438,193.1221993813491,340.15680831781737
1479,36,0.07500000000000001,0.0,57.132408483621795,59.51436815992893,0.0,6.580929633801787,51.61104103571988,72.18156525322438,193.1221993813491,340.15680831781737
1480,36,0.1,0.0,57.132408483621795,59.51436815992893,0.0,6.580929633801787,51.61104103571988,72.18156525322438,193.1221993813491,340.15680831781737
1481,36,0.125,0.0,57.132408483621795,59.51436815992893,0.0,6.580929633801787,51.61104103571988,72.18156525322438,193.1221993813491,340.15680831781737
1482,36,0.15000000000000002,0.0,57.132408483621795,59.51436815992893,0.0,6.580929633801787,51.61104103571988,72.18156525322438,193.1221993813491,340.15680831781737
1483,36,0.17500000000000002,0.0,57.132408483621795,59.51436815992893,0.0,6.580929633801787,51.61104103571988,72.18156525322438,193.1221993813491,340.15680831781737
1484,36,0.2,0.0,57.132408483621795,59.51436815992893,0.0,6.580929633801787,51.61104103571988,72.18156525322438,193.1221993813491,340.15680831781737
1485,36,0.225,0.0,57.132408483621795,59.51436815992893,0.0,6.580929633801787,51.61104103571988,72.18156525322438,193.1221993813491,340.15680831781737
1486,36,0.25,0.0,57.132408483621795,59.51436815992893,0.0,6.580929633801787,51.61104103571988,72.18156525322438,193.1221993813491,340.15680831781737
1487,36,0.275,0.0,57.132408483621795,59.51436815992893,0.0,6.580929633801787,51.61104103571988,72.18156525322438,193.1221993813491,340.15680831781737
1488,36,0.30000000000000004,0.0,57.132408483621795,59.51436815992893,0.0,6.580929633801787,51.61104103571988,72.18156525322438,193.1221993813491,340.15680831781737
1489,36,0.325,0.0,57.132408483621795,59.51436815992893,0.0,6.580929633801787,51.61104103571988,72.18156525322438,193.1221993813491,340.15680831781737
1490,36,0.35000000000000003,0.0,57.132408483621795,59.51436815992893,0.0,6.580929633801787,51.61104103571988,72.18156525322438,193.1221993813491,340.15680831781737
1491,36,0.375,0.0,57.132408483621795,59.51436815992893,0.0,6.580929633801787,51.61104103571988,72.18156525322438,193.1221993813491,340.15680831781737
1492,36,0.4,0.0,57.132408483621795,59.51436815992893,0.0,6.580929633801787,51.61104103571988,72.18156525322438,193.1221993813491,340.15680831781737
1493,36,0.42500000000000004,0.0,57.132408483621795,59.51436815992893,0.0,6.580929633801787,51.61104103571988,72.18156525322438,193.1221993813491,340.15680831781737
1494,36,0.45,0.0,57.132408483621795,59.51436815992893,0.0,6.580929633801787,51.61104103571988,72.18156525322438,193.1221993813491,340.15680831781737
1495,36,0.47500000000000003,0.0,57.132408483621795,59.51436815992893,0.0,6.580929633801787,51.61104103571988,72.18156525322438,193.1221993813491,340.15680831781737
1496,36,0.5,0.0,57.132408483621795,59.51436815992893,0.0,6.580929633801787,51.61104103571988,72.18156525322438,193.1221993813491,340.15680831781737
1497,36,0.525,0.0,57.132408483621795,59.51436815992893,0.0,6.580929633801787,51.61104103571988,72.18156525322438,193.1221993813491,340.15680831781737
1498,36,0.55,0.0,57.132408483621795,59.51436815992893,0.0,6.580929633801787,51.61104103571988,72.18156525322438,193.1221993813491,340.15680831781737
1499,36,0.5750000000000001,0.0,57.132408483621795,59.51436815992893,0.0,6.580929633801787,51.61104103571988,72.18156525322438,193.1221993813491,340.15680831781737
1500,36,0.6000000000000001,0.0,57.132408483621795,59.51436815992893,0.0,6.580929633801787,51.61104103571988,72.18156525322438,193.1221993813491,340.15680831781737
1501,36,0.625,0.0,57.132408483621795,59.51436815992893,0.0,6.580929633801787,51.61104103571988,72.18156525322438,193.1221993813491,340.15680831781737
1502,36,0.65,0.0,57.132408483621795,59.51436815992893,0.0,6.580929633801787,51.61104103571988,72.18156525322438,193.1221993813491,340.15680831781737
1503,36,0.675,0.0,57.132408483621795,59.51436815992893,0.0,6.580929633801787,51.61104103571988,72.18156525322438,193.1221993813491,340.15680831781737
1504,36,0.7000000000000001,0.0,57.132408483621795,59.51436815992893,0.0,6.580929633801787,51.61104103571988,72.18156525322438,193.1221993813491,340.15680831781737
1505,36,0.7250000000000001,0.0,57.132408483621795,59.51436815992893,0.0,6.580929633801787,51.61104103571988,72.18156525322438,193.1221993813491,340.15680831781737
1506,36,0.75,0.0,57.132408483621795,59.51436815992893,0.0,6.580929633801787,51.61104103571988,72.18156525322438,193.1221993813491,340.15680831781737
1507,36,0.775,0.0,57.132408483621795,59.51436815992893,0.0,6.580929633801787,51.61104103571988,72.18156525322438,193.1221993813491,340.15680831781737
1508,36,0.8,0.0,57.132408483621795,59.51436815992893,0.0,6.580929633801787,51.61104103571988,72.18156525322438,193.1221993813491,340.15680831781737
1509,36,0.8250000000000001,0.0,57.132408483621795,59.51436815992893,0.0,6.580929633801787,51.61104103571988,72.18156525322438,193.1221993813491,340.15680831781737
1510,36,0.8500000000000001,0.0,57.132408483621795,59.51436815992893,0.0,6.580929633801787,51.61104103571988,72.18156525322438,193.1221993813491,340.15680831781737
1511,36,0.875,0.0,57.132408483621795,59.51436815992893,0.0,6.580929633801787,51.61104103571988,72.18156525322438,193.1221993813491,340.15680831781737
1512,36,0.9,0.0,57.132408483621795,59.51436815992893,0.0,6.580929633801787,51.61104103571988,72.18156525322438,193.1221993813491,340.15680831781737
1513,36,0.925,0.0,57.132408483621795,59.51436815992893,0.0,6.580929633801787,51.61104103571988,72.18156525322438,193.1221993813491,340.15680831781737
1514,36,0.9500000000000001,0.0,57.132408483621795,59.51436815992893,0.0,6.580929633801787,51.61104103571988,72.18156525322438,193.1221993813491,340.15680831781737
1515,36,0.9750000000000001,0.0,57.132408483621795,59.51436815992893,0.0,6.580929633801787,51.61104103571988,72.18156525322438,193.1221993813491,340.15680831781737
1516,36,1.0,0.0,57.132408483621795,59.51436815992893,0.0,6.580929633801787,51.61104103571988,72.18156525322438,193.1221993813491,340.15680831781737
1517,37,0.0,0.0,52.68599897673086,64.73374955158188,0.0,6.461915710926663,56.28039450193152,77.36627260137213,177.65609435936523,346.4264574776986
1518,37,0.025,0.0,52.68599897673086,64.73374955158188,0.0,6.461915710926663,56.28039450193152,77.36627260137213,177.65609435936523,346.4264574776986
1519,37,0.05,0.0,52.68599897673086,64.73374955158188,0.0,6.461915710926663,56.28039450193152,77.36627260137213,177.65609435936523,346.4264574776986
1520,37,0.07500000000000001,0.0,52.68599897673086,64.73374955158188,0.0,6.461915710926663,56.28039450193152,77.36627260137213,177.65609435936523,346.4264574776986
1521,37,0.1,0.0,52.68599897673086,64.73374955158188,0.0,6.461915710926663,56.28039450193152,77.36627260137213,177.65609435936523,346.4264574776986
1522,37,0.125,0.0,52.68599897673086,64.73374955158188,0.0,6.461915710926663,56.28039450193152,77.36627260137213,177.65609435936523,346.4264574776986
1523,37,0.15000000000000002,0.0,52.68599897673086,64.73374955158188,0.0,6.461915710926663,56.28039450193152,77.36627260137213,177.65609435936523,346.4264574776986
1524,37,0.17500000000000002,0.0,52.68599897673086,64.73374955158188,0.0,6.461915710926663,56.28039450193152,77.36627260137213,177.65609435936523,346.4264574776986
1525,37,0.2,0.0,52.68599897673086,64.73374955158188,0.0,6.461915710926663,56.28039450193152,77.36627260137213,177.65609435936523,346.4264574776986
1526,37,0.225,0.0,52.68599897673086,64.73374955158188,0.0,6.461915710926663,56.28039450193152,77.36627260137213,177.65609435936523,346.4264574776986
1527,37,0.25,0.0,52.68599897673086,64.73374955158188,0.0,6.461915710926663,56.28039450193152,77.36627260137213,177.65609435936523,346.4264574776986
1528,37,0.275,0.0,52.68599897673086,64.73374955158188,0.0,6.461915710926663,56.28039450193152,77.36627260137213,177.65609435936523,346.4264574776986
1529,37,0.30000000000000004,0.0,52.68599897673086,64.73374955158188,0.0,6.461915710926663,56.28039450193152,77.36627260137213,177.65609435936523,346.4264574776986
1530,37,0.325,0.0,52.68599897673086,64.73374955158188,0.0,6.461915710926663,56.28039450193152,77.36627260137213,177.65609435936523,346.4264574776986
1531,37,0.35000000000000003,0.0,52.68599897673086,64.73374955158188,0.0,6.461915710926663,56.28039450193152,77.36627260137213,177.65609435936523,346.4264574776986
1532,37,0.375,0.0,52.68599897673086,64.73374955158188,0.0,6.461915710926663,56.28039450193152,77.36627260137213,177.65609435936523,346.4264574776986
1533,37,0.4,0.0,52.68599897673086,64.73374955158188,0.0,6.461915710926663,56.28039450193152,77.36627260137213,177.65609435936523,346.4264574776986
1534,37,0.42500000000000004,0.0,52.68599897673086,64.73374955158188,0.0,6.461915710926663,56.28039450193152,77.36627260137213,177.65609435936523,346.4264574776986
1535,37,0.45,0.0,52.68599897673086,64.73374955158188,0.0,6.461915710926663,56.28039450193152,77.36627260137213,177.65609435936523,346.4264574776986
1536,37,0.47500000000000003,0.0,52.68599897673086,64.73374955158188,0.0,6.461915710926663,56.28039450193152,77.36627260137213,177.65609435936523,346.4264574776986
1537,37,0.5,0.0,52.68599897673086,64.73374955158188,0.0,6.461915710926663,56.28039450193152,77.36627260137213,177.65609435936523,346.4264574776986
1538,37,0.525,0.0,52.68599897673086,64.73374955158188,0.0,6.461915710926663,56.28039450193152,77.36627260137213,177.65609435936523,346.4264574776986
1539,37,0.55,0.0,52.68599897673086,64.73374955158188,0.0,6.461915710926663,56.28039450193152,77.36627260137213,177.65609435936523,346.4264574776986
1540,37,0.5750000000000001,0.0,52.68599897673086,64.73374955158188,0.0,6.461915710926663,56.28039450193152,77.36627260137213,177.65609435936523,346.4264574776986
1541,37,0.6000000000000001,0.0,52.68599897673086,64.73374955158188,0.0,6.461915710926663,56.28039450193152,77.36627260137213,177.65609435936523,346.4264574776986
1542,37,0.625,0.0,52.68599897673086,64.73374955158188,0.0,6.461915710926663,56.28039450193152,77.36627260137213,177.65609435936523,346.4264574776986
1543,37,0.65,0.0,52.68599897673086,64.73374955158188,0.0,6.461915710926663,56.28039450193152,77.36627260137213,177.65609435936523,346.4264574776986
1544,37,0.675,0.0,52.68599897673086,64.73374955158188,0.0,6.461915710926663,56.28039450193152,77.36627260137213,177.65609435936523,346.4264574776986
1545,37,0.7000000000000001,0.0,52.68599897673086,64.73374955158188,0.0,6.461915710926663,56.28039450193152,77.36627260137213,177.65609435936523,346.4264574776986
1546,37,0.7250000000000001,0.0,52.68599897673086,64.73374955158188,0.0,6.461915710926663,56.28039450193152,77.36627260137213,177.65609435936523,346.4264574776986
1547,37,0.75,0.0,52.68599897673086,64.73374955158188,0.0,6.461915710926663,56.28039450193152,77.36627260137213,177.65609435936523,346.4264574776986
1548,37,0.775,0.0,52.68599897673086,64.73374955158188,0.0,6.461915710926663,56.28039450193152,77.36627260137213,177.65609435936523,346.4264574776986
1549,37,0.8,0.0,52.68599897673086,64.73374955158188,0.0,6.461915710926663,56.28039450193152,77.36627260137213,177.65609435936523,346.4264574776986
1550,37,0.8250000000000001,0.0,52.68599897673086,64.73374955158188,0.0,6.461915710926663,56.28039450193152,77.36627260137213,177.65609435936523,346.4264574776986
1551,37,0.8500000000000001,0.0,52.68599897673086,64.73374955158188,0.0,6.461915710926663,56.28039450193152,77.36627260137213,177.65609435936523,346.4264574776986
1552,37,0.875,0.0,52.68599897673086,64.73374955158188,0.0,6.461915710926663,56.28039450193152,77.36627260137213,177.65609435936523,346.4264574776986
1553,37,0.9,0.0,52.68599897673086,64.73374955158188,0.0,6.461915710926663,56.28039450193152,77.36627260137213,177.65609435936523,346.4264574776986
1554,37,0.925,0.0,52.68599897673086,64.73374955158188,0.0,6.461915710926663,56.28039450193152,77.36627260137213,177.65609435936523,346.4264574776986
1555,37,0.9500000000000001,0.0,52.68599897673086,64.73374955158188,0.0,6.461915710926663,56.28039450193152,77.36627260137213,177.65609435936523,346.4264574776986
1556,37,0.9750000000000001,0.0,52.68599897673086,64.73374955158188,0.0,6.461915710926663,56.28039450193152,77.36627260137213,177.65609435936523,346.4264574776986
1557,37,1.0,0.0,52.68599897673086,64.73374955158188,0.0,6.461915710926663,56.28039450193152,77.36627260137213,177.65609435936523,346.4264574776986
1558,38,0.0,0.0,52.44191946403244,67.55635690887246,0.0,6.616713868577336,55.991885222908444,78.19888438101292,212.96341633164917,346.00017876280384
1559,38,0.025,0.0,52.44191946403244,67.55635690887246,0.0,6.616713868577336,55.991885222908444,78.19888438101292,212.96341633164917,346.00017876280384
1560,38,0.05,0.0,52.44191946403244,67.55635690887246,0.0,6.616713868577336,55.991885222908444,78.19888438101292,212.96341633164917,346.00017876280384
1561,38,0.07500000000000001,0.0,52.44191946403244,67.55635690887246,0.0,6.616713868577336,55.991885222908444,78.19888438101292,212.96341633164917,346.00017876280384
1562,38,0.1,0.0,52.44191946403244,67.55635690887246,0.0,6.616713868577336,55.991885222908444,78.19888438101292,212.96341633164917,346.00017876280384
1563,38,0.125,0.0,52.44191946403244,67.55635690887246,0.0,6.616713868577336,55.991885222908444,78.19888438101292,212.96341633164917,346.00017876280384
1564,38,0.15000000000000002,0.0,52.44191946403244,67.55635690887246,0.0,6.616713868577336,55.991885222908444,78.19888438101292,212.96341633164917,346.00017876280384
1565,38,0.17500000000000002,0.0,52.44191946403244,67.55635690887246,0.0,6.616713868577336,55.991885222908444,78.19888438101292,212.96341633164917,346.00017876280384
1566,38,0.2,0.0,52.44191946403244,67.55635690887246,0.0,6.616713868577336,55.991885222908444,78.19888438101292,212.96341633164917,346.00017876280384
1567,38,0.225,0.0,52.44191946403244,67.55635690887246,0.0,6.616713868577336,55.991885222908444,78.19888438101292,212.96341633164917,346.00017876280384
1568,38,0.25,0.0,52.44191946403244,67.55635690887246,0.0,6.616713868577336,55.991885222908444,78.19888438101292,212.96341633164917,346.00017876280384
1569,38,0.275,0.0,52.44191946403244,67.55635690887246,0.0,6.616713868577336,55.991885222908444,78.19888438101292,212.96341633164917,346.00017876280384
1570,38,0.30000000000000004,0.0,52.44191946403244,67.55635690887246,0.0,6.616713868577336,55.991885222908444,78.19888438101292,212.96341633164917,346.00017876280384
1571,38,0.325,0.0,52.44191946403244,67.55635690887246,0.0,6.616713868577336,55.991885222908444,78.19888438101292,212.96341633164917,346.00017876280384
1572,38,0.35000000000000003,0.0,52.44191946403244,67.55635690887246,0.0,6.616713868577336,55.991885222908444,78.19888438101292,212.96341633164917,346.00017876280384
1573,38,0.375,0.0,52.44191946403244,67.55635690887246,0.0,6.616713868577336,55.991885222908444,78.19888438101292,212.96341633164917,346.00017876280384
1574,38,0.4,0.0,52.44191946403244,67.55635690887246,0.0,6.616713868577336,55.991885222908444,78.19888438101292,212.96341633164917,346.00017876280384
1575,38,0.42500000000000004,0.0,52.44191946403244,67.55635690887246,0.0,6.616713868577336,55.991885222908444,78.19888438101292,212.96341633164917,346.00017876280384
1576,38,0.45,0.0,52.44191946403244,67.55635690887246,0.0,6.616713868577336,55.991885222908444,78.19888438101292,212.96341633164917,346.00017876280384
1577,38,0.47500000000000003,0.0,52.44191946403244,67.55635690887246,0.0,6.616713868577336,55.991885222908444,78.19888438101292,212.96341633164917,346.00017876280384
1578,38,0.5,0.0,52.44191946403244,67.55635690887246,0.0,6.616713868577336,55.991885222908444,78.19888438101292,212.96341633164917,346.00017876280384
1579,38,0.525,0.0,52.44191946403244,67.55635690887246,0.0,6.616713868577336,55.991885222908444,78.19888438101292,212.96341633164917,346.00017876280384
1580,38,0.55,0.0,52.44191946403244,67.55635690887246,0.0,6.616713868577336,55.991885222908444,78.19888438101292,212.96341633164917,346.00017876280384
1581,38,0.5750000000000001,0.0,52.44191946403244,67.55635690887246,0.0,6.616713868577336,55.991885222908444,78.19888438101292,212.96341633164917,346.00017876280384
1582,38,0.6000000000000001,0.0,52.44191946403244,67.55635690887246,0.0,6.616713868577336,55.991885222908444,78.19888438101292,212.96341633164917,346.00017876280384
1583,38,0.625,0.0,52.44191946403244,67.55635690887246,0.0,6.616713868577336,55.991885222908444,78.19888438101292,212.96341633164917,346.00017876280384
1584,38,0.65,0.0,52.44191946403244,67.55635690887246,0.0,6.616713868577336,55.991885222908444,78.19888438101292,212.96341633164917,346.00017876280384
1585,38,0.675,0.0,52.44191946403244,67.55635690887246,0.0,6.616713868577336,55.991885222908444,78.19888438101292,212.96341633164917,346.00017876280384
1586,38,0.7000000000000001,0.0,52.44191946403244,67.55635690887246,0.0,6.616713868577336,55.991885222908444,78.19888438101292,212.96341633164917,346.00017876280384
1587,38,0.7250000000000001,0.0,52.44191946403244,67.55635690887246,0.0,6.616713868577336,55.991885222908444,78.19888438101292,212.96341633164917,346.00017876280384
1588,38,0.75,0.0,52.44191946403244,67.55635690887246,0.0,6.616713868577336,55.991885222908444,78.19888438101292,212.96341633164917,346.00017876280384
1589,38,0.775,0.0,52.44191946403244,67.55635690887246,0.0,6.616713868577336,55.991885222908444,78.19888438101292,212.96341633164917,346.00017876280384
1590,38,0.8,0.0,52.44191946403244,67.55635690887246,0.0,6.616713868577336,55.991885222908444,78.19888438101292,212.96341633164917,346.00017876280384
1591,38,0.8250000000000001,0.0,52.44191946403244,67.55635690887246,0.0,6.616713868577336,55.991885222908444,78.19888438101292,212.96341633164917,346.00017876280384
1592,38,0.8500000000000001,0.0,52.44191946403244,67.55635690887246,0.0,6.616713868577336,55.991885222908444,78.19888438101292,212.96341633164917,346.00017876280384
1593,38,0.875,0.0,52.44191946403244,67.55635690887246,0.0,6.616713868577336,55.991885222908444,78.19888438101292,212.96341633164917,346.00017876280384
1594,38,0.9,0.0,52.44191946403244,67.55635690887246,0.0,6.616713868577336,55.991885222908444,78.19888438101292,212.96341633164917,346.00017876280384
1595,38,0.925,0.0,52.44191946403244,67.55635690887246,0.0,6.616713868577336,55.991885222908444,78.19888438101292,212.96341633164917,346.00017876280384
1596,38,0.9500000000000001,0.0,52.44191946403244,67.55635690887246,0.0,6.616713868577336,55.991885222908444,78.19888438101292,212.96341633164917,346.00017876280384
1597,38,0.9750000000000001,0.0,52.44191946403244,67.55635690887246,0.0,6.616713868577336,55.991885222908444,78.19888438101292,212.96341633164917,346.00017876280384
1598,38,1.0,0.0,52.44191946403244,67.55635690887246,0.0,6.616713868577336,55.991885222908444,78.19888438101292,212.96341633164917,346.00017876280384
1599,39,0.0,0.0,48.93694114815928,66.56519387089477,0.0,6.608245550560799,56.640479876320704,74.78329572993229,214.31618421363808,355.9879285017086
1600,39,0.025,0.0,48.93694114815928,66.56519387089477,0.0,6.608245550560799,56.640479876320704,74.78329572993229,214.31618421363808,355.9879285017086
1601,39,0.05,0.0,48.93694114815928,66.56519387089477,0.0,6.608245550560799,56.640479876320704,74.78329572993229,214.31618421363808,355.9879285017086
1602,39,0.07500000000000001,0.0,48.93694114815928,66.56519387089477,0.0,6.608245550560799,56.640479876320704,74.78329572993229,214.31618421363808,355.9879285017086
1603,39,0.1,0.0,48.93694114815928,66.56519387089477,0.0,6.608245550560799,56.640479876320704,74.78329572993229,214.31618421363808,355.9879285017086
1604,39,0.125,0.0,48.93694114815928,66.56519387089477,0.0,6.608245550560799,56.640479876320704,74.78329572993229,214.31618421363808,355.9879285017086
1605,39,0.15000000000000002,0.0,48.93694114815928,66.56519387089477,0.0,6.608245550560799,56.640479876320704,74.78329572993229,214.31618421363808,355.9879285017086
1606,39,0.17500000000000002,0.0,48.93694114815928,66.56519387089477,0.0,6.608245550560799,56.640479876320704,74.78329572993229,214.31618421363808,355.9879285017086
1607,39,0.2,0.0,48.93694114815928,66.56519387089477,0.0,6.608245550560799,56.640479876320704,74.78329572993229,214.31618421363808,355.9879285017086
1608,39,0.225,0.0,48.93694114815928,66.56519387089477,0.0,6.608245550560799,56.640479876320704,74.78329572993229,214.31618421363808,355.9879285017086
1609,39,0.25,0.0,48.93694114815928,66.56519387089477,0.0,6.608245550560799,56.640479876320704,74.78329572993229,214.31618421363808,355.9879285017086
1610,39,0.275,0.0,48.93694114815928,66.56519387089477,0.0,6.608245550560799,56.640479876320704,74.78329572993229,214.31618421363808,355.9879285017086
1611,39,0.30000000000000004,0.0,48.93694114815928,66.56519387089477,0.0,6.608245550560799,56.640479876320704,74.78329572993229,214.31618421363808,355.9879285017086
1612,39,0.325,0.0,48.93694114815928,66.56519387089477,0.0,6.608245550560799,56.640479876320704,74.78329572993229,214.31618421363808,355.9879285017086
1613,39,0.35000000000000003,0.0,48.93694114815928,66.56519387089477,0.0,6.608245550560799,56.640479876320704,74.78329572993229,214.31618421363808,355.9879285017086
1614,39,0.375,0.0,48.93694114815928,66.56519387089477,0.0,6.608245550560799,56.640479876320704,74.78329572993229,214.31618421363808,355.9879285017086
1615,39,0.4,0.0,48.93694114815928,66.56519387089477,0.0,6.608245550560799,56.640479876320704,74.78329572993229,214.31618421363808,355.9879285017086
1616,39,0.42500000000000004,0.0,48.93694114815928,66.56519387089477,0.0,6.608245550560799,56.640479876320704,74.78329572993229,214.31618421363808,355.9879285017086
1617,39,0.45,0.0,48.93694114815928,66.56519387089477,0.0,6.608245550560799,56.640479876320704,74.78329572993229,214.31618421363808,355.9879285017086
1618,39,0.47500000000000003,0.0,48.93694114815928,66.56519387089477,0.0,6.608245550560799,56.640479876320704,74.78329572993229,214.31618421363808,355.9879285017086
1619,39,0.5,0.0,48.93694114815928,66.56519387089477,0.0,6.608245550560799,56.640479876320704,74.78329572993229,214.31618421363808,355.9879285017086
1620,39,0.525,0.0,48.93694114815928,66.56519387089477,0.0,6.608245550560799,56.640479876320704,74.78329572993229,214.31618421363808,355.9879285017086
1621,39,0.55,0.0,48.93694114815928,66.56519387089477,0.0,6.608245550560799,56.640479876320704,74.78329572993229,214.31618421363808,355.9879285017086
1622,39,0.5750000000000001,0.0,48.93694114815928,66.56519387089477,0.0,6.608245550560799,56.640479876320704,74.78329572993229,214.31618421363808,355.9879285017086
1623,39,0.6000000000000001,0.0,48.93694114815928,66.56519387089477,0.0,6.608245550560799,56.640479876320704,74.78329572993229,214.31618421363808,355.9879285017086
1624,39,0.625,0.0,48.93694114815928,66.56519387089477,0.0,6.608245550560799,56.640479876320704,74.78329572993229,214.31618421363808,355.9879285017086
1625,39,0.65,0.0,48.93694114815928,66.56519387089477,0.0,6.608245550560799,56.640479876320704,74.78329572993229,214.31618421363808,355.9879285017086
1626,39,0.675,0.0,48.93694114815928,66.56519387089477,0.0,6.608245550560799,56.640479876320704,74.78329572993229,214.31618421363808,355.9879285017086
1627,39,0.7000000000000001,0.0,48.93694114815928,66.56519387089477,0.0,6.608245550560799,56.640479876320704,74.78329572993229,214.31618421363808,355.9879285017086
1628,39,0.7250000000000001,0.0,48.93694114815928,66.56519387089477,0.0,6.608245550560799,56.640479876320704,74.78329572993229,214.31618421363808,355.9879285017086
1629,39,0.75,0.0,48.93694114815928,66.56519387089477,0.0,6.608245550560799,56.640479876320704,74.78329572993229,214.31618421363808,355.9879285017086
1630,39,0.775,0.0,48.93694114815928,66.56519387089477,0.0,6.608245550560799,56.640479876320704,74.78329572993229,214.31618421363808,355.9879285017086
1631,39,0.8,0.0,48.93694114815928,66.56519387089477,0.0,6.608245550560799,56.640479876320704,74.78329572993229,214.31618421363808,355.9879285017086
1632,39,0.8250000000000001,0.0,48.93694114815928,66.56519387089477,0.0,6.608245550560799,56.640479876320704,74.78329572993229,214.31618421363808,355.9879285017086
1633,39,0.8500000000000001,0.0,48.93694114815928,66.56519387089477,0.0,6.608245550560799,56.640479876320704,74.78329572993229,214.31618421363808,355.9879285017086
1634,39,0.875,0.0,48.93694114815928,66.56519387089477,0.0,6.608245550560799,56.640479876320704,74.78329572993229,214.31618421363808,355.9879285017086
1635,39,0.9,0.0,48.93694114815928,66.56519387089477,0.0,6.608245550560799,56.640479876320704,74.78329572993229,214.31618421363808,355.9879285017086
1636,39,0.925,0.0,48.93694114815928,66.56519387089477,0.0,6.608245550560799,56.640479876320704,74.78329572993229,214.31618421363808,355.9879285017086
1637,39,0.9500000000000001,0.0,48.93694114815928,66.56519387089477,0.0,6.608245550560799,56.640479876320704,74.78329572993229,214.31618421363808,355.9879285017086
1638,39,0.9750000000000001,0.0,48.93694114815928,66.56519387089477,0.0,6.608245550560799,56.640479876320704,74.78329572993229,214.31618421363808,355.9879285017086
1639,39,1.0,0.0,48.93694114815928,66.56519387089477,0.0,6.608245550560799,56.640479876320704,74.78329572993229,214.31618421363808,355.9879285017086
1640,40,0.0,0.0,56.88502885236336,66.36797871836637,0.0,5.97641154960988,53.97683029191492,77.5069393236591,200.09240076562983,322.31170758868114
1641,40,0.025,0.0,56.88502885236336,66.36797871836637,0.0,5.97641154960988,53.97683029191492,77.5069393236591,200.09240076562983,322.31170758868114
1642,40,0.05,0.0,56.88502885236336,66.36797871836637,0.0,5.97641154960988,53.97683029191492,77.5069393236591,200.09240076562983,322.31170758868114
1643,40,0.07500000000000001,0.0,56.88502885236336,66.36797871836637,0.0,5.97641154960988,53.97683029191492,77.5069393236591,200.09240076562983,322.31170758868114
1644,40,0.1,0.0,56.88502885236336,66.36797871836637,0.0,5.97641154960988,53.97683029191492,77.5069393236591,200.09240076562983,322.31170758868114
1645,40,0.125,0.0,56.88502885236336,66.36797871836637,0.0,5.97641154960988,53.97683029191492,77.5069393236591,200.09240076562983,322.31170758868114
1646,40,0.15000000000000002,0.0,56.88502885236336,66.36797871836637,0.0,5.97641154960988,53.97683029191492,77.5069393236591,200.09240076562983,322.31170758868114
1647,40,0.17500000000000002,0.0,56.88502885236336,66.36797871836637,0.0,5.97641154960988,53.97683029191492,77.5069393236591,200.09240076562983,322.31170758868114
1648,40,0.2,0.0,56.88502885236336,66.36797871836637,0.0,5.97641154960988,53.97683029191492,77.5069393236591,200.09240076562983,322.31170758868114
1649,40,0.225,0.0,56.88502885236336,66.36797871836637,0.0,5.97641154960988,53.97683029191492,77.5069393236591,200.09240076562983,322.31170758868114
1650,40,0.25,0.0,56.88502885236336,66.36797871836637,0.0,5.97641154960988,53.97683029191492,77.5069393236591,200.09240076562983,322.31170758868114
1651,40,0.275,0.0,56.88502885236336,66.36797871836637,0.0,5.97641154960988,53.97683029191492,77.5069393236591,200.09240076562983,322.31170758868114
1652,40,0.30000000000000004,0.0,56.88502885236336,66.36797871836637,0.0,5.97641154960988,53.97683029191492,77.5069393236591,200.09240076562983,322.31170758868114
1653,40,0.325,0.0,56.88502885236336,66.36797871836637,0.0,5.97641154960988,53.97683029191492,77.5069393236591,200.09240076562983,322.31170758868114
1654,40,0.35000000000000003,0.0,56.88502885236336,66.36797871836637,0.0,5.97641154960988,53.97683029191492,77.5069393236591,200.09240076562983,322.31170758868114
1655,40,0.375,0.0,56.88502885236336,66.36797871836637,0.0,5.97641154960988,53.97683029191492,77.5069393236591,200.09240076562983,322.31170758868114
1656,40,0.4,0.0,56.88502885236336,66.36797871836637,0.0,5.97641154960988,53.97683029191492,77.5069393236591,200.09240076562983,322.31170758868114
1657,40,0.42500000000000004,0.0,56.88502885236336,66.36797871836637,0.0,5.97641154960988,53.97683029191492,77.5069393236591,200.09240076562983,322.31170758868114
1658,40,0.45,0.0,56.88502885236336,66.36797871836637,0.0,5.97641154960988,53.97683029191492,77.5069393236591,200.09240076562983,322.31170758868114
1659,40,0.47500000000000003,0.0,56.88502885236336,66.36797871836637,0.0,5.97641154960988,53.97683029191492,77.5069393236591,200.09240076562983,322.31170758868114
1660,40,0.5,0.0,56.88502885236336,66.36797871836637,0.0,5.97641154960988,53.97683029191492,77.5069393236591,200.09240076562983,322.31170758868114
1661,40,0.525,0.0,56.88502885236336,66.36797871836637,0.0,5.97641154960988,53.97683029191492,77.5069393236591,200.09240076562983,322.31170758868114
1662,40,0.55,0.0,56.88502885236336,66.36797871836637,0.0,5.97641154960988,53.97683029191492,77.5069393236591,200.09240076562983,322.31170758868114
1663,40,0.5750000000000001,0.0,56.88502885236336,66.36797871836637,0.0,5.97641154960988,53.97683029191492,77.5069393236591,200.09240076562983,322.31170758868114
1664,40,0.6000000000000001,0.0,56.88502885236336,66.36797871836637,0.0,5.97641154960988,53.97683029191492,77.5069393236591,200.09240076562983,322.31170758868114
1665,40,0.625,0.0,56.88502885236336,66.36797871836637,0.0,5.97641154960988,53.97683029191492,77.5069393236591,200.09240076562983,322.31170758868114
1666,40,0.65,0.0,56.88502885236336,66.36797871836637,0.0,5.97641154960988,53.97683029191492,77.5069393236591,200.09240076562983,322.31170758868114
1667,40,0.675,0.0,56.88502885236336,66.36797871836637,0.0,5.97641154960988,53.97683029191492,77.5069393236591,200.09240076562983,322.31170758868114
1668,40,0.7000000000000001,0.0,56.88502885236336,66.36797871836637,0.0,5.97641154960988,53.97683029191492,77.5069393236591,200.09240076562983,322.31170758868114
1669,40,0.7250000000000001,0.0,56.88502885236336,66.36797871836637,0.0,5.97641154960988,53.97683029191492,77.5069393236591,200.09240076562983,322.31170758868114
1670,40,0.75,0.0,56.88502885236336,66.36797871836637,0.0,5.97641154960988,53.97683029191492,77.5069393236591,200.09240076562983,322.31170758868114
1671,40,0.775,0.0,56.88502885236336,66.36797871836637,0.0,5.97641154960988,53.97683029191492,77.5069393236591,200.09240076562983,322.31170758868114
1672,40,0.8,0.0,56.88502885236336,66.36797871836637,0.0,5.97641154960988,53.97683029191492,77.5069393236591,200.09240076562983,322.31170758868114
1673,40,0.8250000000000001,0.0,56.88502885236336,66.36797871836637,0.0,5.97641154960988,53.97683029191492,77.5069393236591,200.09240076562983,322.31170758868114
1674,40,0.8500000000000001,0.0,56.88502885236336,66.36797871836637,0.0,5.97641154960988,53.97683029191492,77.5069393236591,200.09240076562983,322.31170758868114
1675,40,0.875,0.0,56.88502885236336,66.36797871836637,0.0,5.97641154960988,53.97683029191492,77.5069393236591,200.09240076562983,322.31170758868114
1676,40,0.9,0.0,56.88502885236336,66.36797871836637,0.0,5.97641154960988,53.97683029191492,77.5069393236591,200.09240076562983,322.31170758868114
1677,40,0.925,0.0,56.88502885236336,66.36797871836637,0.0,5.97641154960988,53.97683029191492,77.5069393236591,200.09240076562983,322.31170758868114
1678,40,0.9500000000000001,0.0,56.88502885236336,66.36797871836637,0.0,5.97641154960988,53.97683029191492,77.5069393236591,200.09240076562983,322.31170758868114
1679,40,0.9750000000000001,0.0,56.88502885236336,66.36797871836637,0.0,5.97641154960988,53.97683029191492,77.5069393236591,200.09240076562983,322.31170758868114
1680,40,1.0,0.0,56.88502885236336,66.36797871836637,0.0,5.97641154960988,53.97683029191492,77.5069393236591,200.09240076562983,322.31170758868114
1681,41,0.0,0.0,48.477602488312584,61.06843539456909,0.0,6.931855146707619,52.25817881295122,77.4809561813165,192.870651523663,303.8097189968923
1682,41,0.025,0.0,48.477602488312584,61.06843539456909,0.0,6.931855146707619,52.25817881295122,77.4809561813165,192.870651523663,303.8097189968923
1683,41,0.05,0.0,48.477602488312584,61.06843539456909,0.0,6.931855146707619,52.25817881295122,77.4809561813165,192.870651523663,303.8097189968923
1684,41,0.07500000000000001,0.0,48.477602488312584,61.06843539456909,0.0,6.931855146707619,52.25817881295122,77.4809561813165,192.870651523663,303.8097189968923
1685,41,0.1,0.0,48.477602488312584,61.06843539456909,0.0,6.931855146707619,52.25817881295122,77.4809561813165,192.870651523663,303.8097189968923
1686,41,0.125,0.0,48.477602488312584,61.06843539456909,0.0,6.931855146707619,52.25817881295122,77.4809561813165,192.870651523663,303.8097189968923
1687,41,0.15000000000000002,0.0,48.477602488312584,61.06843539456909,0.0,6.931855146707619,52.25817881295122,77.4809561813165,192.870651523663,303.8097189968923
1688,41,0.17500000000000002,0.0,48.477602488312584,61.06843539456909,0.0,6.931855146707619,52.25817881295122,77.4809561813165,192.870651523663,303.8097189968923
1689,41,0.2,0.0,48.477602488312584,61.06843539456909,0.0,6.931855146707619,52.25817881295122,77.4809561813165,192.870651523663,303.8097189968923
1690,41,0.225,0.0,48.477602488312584,61.06843539456909,0.0,6.931855146707619,52.25817881295122,77.4809561813165,192.870651523663,303.8097189968923
1691,41,0.25,0.0,48.477602488312584,61.06843539456909,0.0,6.931855146707619,52.25817881295122,77.4809561813165,192.870651523663,303.8097189968923
1692,41,0.275,0.0,48.477602488312584,61.06843539456909,0.0,6.931855146707619,52.25817881295122,77.4809561813165,192.870651523663,303.8097189968923
1693,41,0.30000000000000004,0.0,48.477602488312584,61.06843539456909,0.0,6.931855146707619,52.25817881295122,77.4809561813165,192.870651523663,303.8097189968923
1694,41,0.325,0.0,48.477602488312584,61.06843539456909,0.0,6.931855146707619,52.25817881295122,77.4809561813165,192.870651523663,303.8097189968923
1695,41,0.35000000000000003,0.0,48.477602488312584,61.06843539456909,0.0,6.931855146707619,52.25817881295122,77.4809561813165,192.870651523663,303.8097189968923
1696,41,0.375,0.0,48.477602488312584,61.06843539456909,0.0,6.931855146707619,52.25817881295122,77.4809561813165,192.870651523663,303.8097189968923
1697,41,0.4,0.0,48.477602488312584,61.06843539456909,0.0,6.931855146707619,52.25817881295122,77.4809561813165,192.870651523663,303.8097189968923
1698,41,0.42500000000000004,0.0,48.477602488312584,61.06843539456909,0.0,6.931855146707619,52.25817881295122,77.4809561813165,192.870651523663,303.8097189968923
1699,41,0.45,0.0,48.477602488312584,61.06843539456909,0.0,6.931855146707619,52.25817881295122,77.4809561813165,192.870651523663,303.8097189968923
1700,41,0.47500000000000003,0.0,48.477602488312584,61.06843539456909,0.0,6.931855146707619,52.25817881295122,77.4809561813165,192.870651523663,303.8097189968923
1701,41,0.5,0.0,48.477602488312584,61.06843539456909,0.0,6.931855146707619,52.25817881295122,77.4809561813165,192.870651523663,303.8097189968923
1702,41,0.525,0.0,48.477602488312584,61.06843539456909,0.0,6.931855146707619,52.25817881295122,77.4809561813165,192.870651523663,303.8097189968923
1703,41,0.55,0.0,48.477602488312584,61.06843539456909,0.0,6.931855146707619,52.25817881295122,77.4809561813165,192.870651523663,303.8097189968923
1704,41,0.5750000000000001,0.0,48.477602488312584,61.06843539456909,0.0,6.931855146707619,52.25817881295122,77.4809561813165,192.870651523663,303.8097189968923
1705,41,0.6000000000000001,0.0,48.477602488312584,61.06843539456909,0.0,6.931855146707619,52.25817881295122,77.4809561813165,192.870651523663,303.8097189968923
1706,41,0.625,0.0,48.477602488312584,61.06843539456909,0.0,6.931855146707619,52.25817881295122,77.4809561813165,192.870651523663,303.8097189968923
1707,41,0.65,0.0,48.477602488312584,61.06843539456909,0.0,6.931855146707619,52.25817881295122,77.4809561813165,192.870651523663,303.8097189968923
1708,41,0.675,0.0,48.477602488312584,61.06843539456909,0.0,6.931855146707619,52.25817881295122,77.4809561813165,192.870651523663,303.8097189968923
1709,41,0.7000000000000001,0.0,48.477602488312584,61.06843539456909,0.0,6.931855146707619,52.25817881295122,77.4809561813165,192.870651523663,303.8097189968923
1710,41,0.7250000000000001,0.0,48.477602488312584,61.06843539456909,0.0,6.931855146707619,52.25817881295122,77.4809561813165,192.870651523663,303.8097189968923
1711,41,0.75,0.0,48.477602488312584,61.06843539456909,0.0,6.931855146707619,52.25817881295122,77.4809561813165,192.870651523663,303.8097189968923
1712,41,0.775,0.0,48.477602488312584,61.06843539456909,0.0,6.931855146707619,52.25817881295122,77.4809561813165,192.870651523663,303.8097189968923
1713,41,0.8,0.0,48.477602488312584,61.06843539456909,0.0,6.931855146707619,52.25817881295122,77.4809561813165,192.870651523663,303.8097189968923
1714,41,0.8250000000000001,0.0,48.477602488312584,61.06843539456909,0.0,6.931855146707619,52.25817881295122,77.4809561813165,192.870651523663,303.8097189968923
1715,41,0.8500000000000001,0.0,48.477602488312584,61.06843539456909,0.0,6.931855146707619,52.25817881295122,77.4809561813165,192.870651523663,303.8097189968923
1716,41,0.875,0.0,48.477602488312584,61.06843539456909,0.0,6.931855146707619,52.25817881295122,77.4809561813165,192.870651523663,303.8097189968923
1717,41,0.9,0.0,48.477602488312584,61.06843539456909,0.0,6.931855146707619,52.25817881295122,77.4809561813165,192.870651523663,303.8097189968923
1718,41,0.925,0.0,48.477602488312584,61.06843539456909,0.0,6.931855146707619,52.25817881295122,77.4809561813165,192.870651523663,303.8097189968923
1719,41,0.9500000000000001,0.0,48.477602488312584,61.06843539456909,0.0,6.931855146707619,52.25817881295122,77.4809561813165,192.870651523663,303.8097189968923
1720,41,0.9750000000000001,0.0,48.477602488312584,61.06843539456909,0.0,6.931855146707619,52.25817881295122,77.4809561813165,192.870651523663,303.8097189968923
1721,41,1.0,0.0,48.477602488312584,61.06843539456909,0.0,6.931855146707619,52.25817881295122,77.4809561813165,192.870651523663,303.8097189968923
1722,42,0.0,0.0,54.62298320324796,68.86339185875714,0.0,7.123928122482621,53.27864413027832,73.22787246069277,195.79025039169133,321.445662966523
1723,42,0.025,0.0,54.62298320324796,68.86339185875714,0.0,7.123928122482621,53.27864413027832,73.22787246069277,195.79025039169133,321.445662966523
1724,42,0.05,0.0,54.62298320324796,68.86339185875714,0.0,7.123928122482621,53.27864413027832,73.22787246069277,195.79025039169133,321.445662966523
1725,42,0.07500000000000001,0.0,54.62298320324796,68.86339185875714,0.0,7.123928122482621,53.27864413027832,73.22787246069277,195.79025039169133,321.445662966523
1726,42,0.1,0.0,54.62298320324796,68.86339185875714,0.0,7.123928122482621,53.27864413027832,73.22787246069277,195.79025039169133,321.445662966523
1727,42,0.125,0.0,54.62298320324796,68.86339185875714,0.0,7.123928122482621,53.27864413027832,73.22787246069277,195.79025039169133,321.445662966523
1728,42,0.15000000000000002,0.0,54.62298320324796,68.86339185875714,0.0,7.123928122482621,53.27864413027832,73.22787246069277,195.79025039169133,321.445662966523
1729,42,0.17500000000000002,0.0,54.62298320324796,68.86339185875714,0.0,7.123928122482621,53.27864413027832,73.22787246069277,195.79025039169133,321.445662966523
1730,42,0.2,0.0,54.62298320324796,68.86339185875714,0.0,7.123928122482621,53.27864413027832,73.22787246069277,195.79025039169133,321.445662966523
1731,42,0.225,0.0,54.62298320324796,68.86339185875714,0.0,7.123928122482621,53.27864413027832,73.22787246069277,195.79025039169133,321.445662966523
1732,42,0.25,0.0,54.62298320324796,68.86339185875714,0.0,7.123928122482621,53.27864413027832,73.22787246069277,195.79025039169133,321.445662966523
1733,42,0.275,0.0,54.62298320324796,68.86339185875714,0.0,7.123928122482621,53.27864413027832,73.22787246069277,195.79025039169133,321.445662966523
1734,42,0.30000000000000004,0.0,54.62298320324796,68.86339185875714,0.0,7.123928122482621,53.27864413027832,73.22787246069277,195.79025039169133,321.445662966523
1735,42,0.325,0.0,54.62298320324796,68.86339185875714,0.0,7.123928122482621,53.27864413027832,73.22787246069277,195.79025039169133,321.445662966523
1736,42,0.35000000000000003,0.0,54.62298320324796,68.86339185875714,0.0,7.123928122482621,53.27864413027832,73.22787246069277,195.79025039169133,321.445662966523
1737,42,0.375,0.0,54.62298320324796,68.86339185875714,0.0,7.123928122482621,53.27864413027832,73.22787246069277,195.79025039169133,321.445662966523
1738,42,0.4,0.0,54.62298320324796,68.86339185875714,0.0,7.123928122482621,53.27864413027832,73.22787246069277,195.79025039169133,321.445662966523
1739,42,0.42500000000000004,0.0,54.62298320324796,68.86339185875714,0.0,7.123928122482621,53.27864413027832,73.22787246069277,195.79025039169133,321.445662966523
1740,42,0.45,0.0,54.62298320324796,68.86339185875714,0.0,7.123928122482621,53.27864413027832,73.22787246069277,195.79025039169133,321.445662966523
1741,42,0.47500000000000003,0.0,54.62298320324796,68.86339185875714,0.0,7.123928122482621,53.27864413027832,73.22787246069277,195.79025039169133,321.445662966523
1742,42,0.5,0.0,54.62298320324796,68.86339185875714,0.0,7.123928122482621,53.27864413027832,73.22787246069277,195.79025039169133,321.445662966523
1743,42,0.525,0.0,54.62298320324796,68.86339185875714,0.0,7.123928122482621,53.27864413027832,73.22787246069277,195.79025039169133,321.445662966523
1744,42,0.55,0.0,54.62298320324796,68.86339185875714,0.0,7.123928122482621,53.27864413027832,73.22787246069277,195.79025039169133,321.445662966523
1745,42,0.5750000000000001,0.0,54.62298320324796,68.86339185875714,0.0,7.123928122482621,53.27864413027832,73.22787246069277,195.79025039169133,321.445662966523
1746,42,0.6000000000000001,0.0,54.62298320324796,68.86339185875714,0.0,7.123928122482621,53.27864413027832,73.22787246069277,195.79025039169133,321.445662966523
1747,42,0.625,0.0,54.62298320324796,68.86339185875714,0.0,7.123928122482621,53.27864413027832,73.22787246069277,195.79025039169133,321.445662966523
1748,42,0.65,0.0,54.62298320324796,68.86339185875714,0.0,7.123928122482621,53.27864413027832,73.22787246069277,195.79025039169133,321.445662966523
1749,42,0.675,0.0,54.62298320324796,68.86339185875714,0.0,7.123928122482621,53.27864413027832,73.22787246069277,195.79025039169133,321.445662966523
1750,42,0.7000000000000001,0.0,54.62298320324796,68.86339185875714,0.0,7.123928122482621,53.27864413027832,73.22787246069277,195.79025039169133,321.445662966523
1751,42,0.7250000000000001,0.0,54.62298320324796,68.86339185875714,0.0,7.123928122482621,53.27864413027832,73.22787246069277,195.79025039169133,321.445662966523
1752,42,0.75,0.0,54.62298320324796,68.86339185875714,0.0,7.123928122482621,53.27864413027832,73.22787246069277,195.79025039169133,321.445662966523
1753,42,0.775,0.0,54.62298320324796,68.86339185875714,0.0,7.123928122482621,53.27864413027832,73.22787246069277,195.79025039169133,321.445662966523
1754,42,0.8,0.0,54.62298320324796,68.86339185875714,0.0,7.123928122482621,53.27864413027832,73.22787246069277,195.79025039169133,321.445662966523
1755,42,0.8250000000000001,0.0,54.62298320324796,68.86339185875714,0.0,7.123928122482621,53.27864413027832,73.22787246069277,195.79025039169133,321.445662966523
1756,42,0.8500000000000001,0.0,54.62298320324796,68.86339185875714,0.0,7.123928122482621,53.27864413027832,73.22787246069277,195.79025039169133,321.445662966523
1757,42,0.875,0.0,54.62298320324796,68.86339185875714,0.0,7.123928122482621,53.27864413027832,73.22787246069277,195.79025039169133,321.445662966523
1758,42,0.9,0.0,54.62298320324796,68.86339185875714,0.0,7.123928122482621,53.27864413027832,73.22787246069277,195.79025039169133,321.445662966523
1759,42,0.925,0.0,54.62298320324796,68.86339185875714,0.0,7.123928122482621,53.27864413027832,73.22787246069277,195.79025039169133,321.445662966523
1760,42,0.9500000000000001,0.0,54.62298320324796,68.86339185875714,0.0,7.123928122482621,53.27864413027832,73.22787246069277,195.79025039169133,321.445662966523
1761,42,0.9750000000000001,0.0,54.62298320324796,68.86339185875714,0.0,7.123928122482621,53.27864413027832,73.22787246069277,195.79025039169133,321.445662966523
1762,42,1.0,0.0,54.62298320324796,68.86339185875714,0.0,7.123928122482621,53.27864413027832,73.22787246069277,195.79025039169133,321.445662966523
1763,43,0.0,0.0,51.70767024357262,62.237494068643585,0.0,6.577980903708827,53.88323667161878,79.7189001420471,188.78876165963615,346.4240230251638
1764,43,0.025,0.0,51.70767024357262,62.237494068643585,0.0,6.577980903708827,53.88323667161878,79.7189001420471,188.78876165963615,346.4240230251638
1765,43,0.05,0.0,51.70767024357262,62.237494068643585,0.0,6.577980903708827,53.88323667161878,79.7189001420471,188.78876165963615,346.4240230251638
1766,43,0.07500000000000001,0.0,51.70767024357262,62.237494068643585,0.0,6.577980903708827,53.88323667161878,79.7189001420471,188.78876165963615,346.4240230251638
1767,43,0.1,0.0,51.70767024357262,62.237494068643585,0.0,6.577980903708827,53.88323667161878,79.7189001420471,188.78876165963615,346.4240230251638
1768,43,0.125,0.0,51.70767024357262,62.237494068643585,0.0,6.577980903708827,53.88323667161878,79.7189001420471,188.78876165963615,346.4240230251638
1769,43,0.15000000000000002,0.0,51.70767024357262,62.237494068643585,0.0,6.577980903708827,53.88323667161878,79.7189001420471,188.78876165963615,346.4240230251638
1770,43,0.17500000000000002,0.0,51.70767024357262,62.237494068643585,0.0,6.577980903708827,53.88323667161878,79.7189001420471,188.78876165963615,346.4240230251638
1771,43,0.2,0.0,51.70767024357262,62.237494068643585,0.0,6.577980903708827,53.88323667161878,79.7189001420471,188.78876165963615,346.4240230251638
1772,43,0.225,0.0,51.70767024357262,62.237494068643585,0.0,6.577980903708827,53.88323667161878,79.7189001420471,188.78876165963615,346.4240230251638
1773,43,0.25,0.0,51.70767024357262,62.237494068643585,0.0,6.577980903708827,53.88323667161878,79.7189001420471,188.78876165963615,346.4240230251638
1774,43,0.275,0.0,51.70767024357262,62.237494068643585,0.0,6.577980903708827,53.88323667161878,79.7189001420471,188.78876165963615,346.4240230251638
1775,43,0.30000000000000004,0.0,51.70767024357262,62.237494068643585,0.0,6.577980903708827,53.88323667161878,79.7189001420471,188.78876165963615,346.4240230251638
1776,43,0.325,0.0,51.70767024357262,62.237494068643585,0.0,6.577980903708827,53.88323667161878,79.7189001420471,188.78876165963615,346.4240230251638
1777,43,0.35000000000000003,0.0,51.70767024357262,62.237494068643585,0.0,6.577980903708827,53.88323667161878,79.7189001420471,188.78876165963615,346.4240230251638
1778,43,0.375,0.0,51.70767024357262,62.237494068643585,0.0,6.577980903708827,53.88323667161878,79.7189001420471,188.78876165963615,346.4240230251638
1779,43,0.4,0.0,51.70767024357262,62.237494068643585,0.0,6.577980903708827,53.88323667161878,79.7189001420471,188.78876165963615,346.4240230251638
1780,43,0.42500000000000004,0.0,51.70767024357262,62.237494068643585,0.0,6.577980903708827,53.88323667161878,79.7189001420471,188.78876165963615,346.4240230251638
1781,43,0.45,0.0,51.70767024357262,62.237494068643585,0.0,6.577980903708827,53.88323667161878,79.7189001420471,188.78876165963615,346.4240230251638
1782,43,0.47500000000000003,0.0,51.70767024357262,62.237494068643585,0.0,6.577980903708827,53.88323667161878,79.7189001420471,188.78876165963615,346.4240230251638
1783,43,0.5,0.0,51.70767024357262,62.237494068643585,0.0,6.577980903708827,53.88323667161878,79.7189001420471,188.78876165963615,346.4240230251638
1784,43,0.525,0.0,51.70767024357262,62.237494068643585,0.0,6.577980903708827,53.88323667161878,79.7189001420471,188.78876165963615,346.4240230251638
1785,43,0.55,0.0,51.70767024357262,62.237494068643585,0.0,6.577980903708827,53.88323667161878,79.7189001420471,188.78876165963615,346.4240230251638
1786,43,0.5750000000000001,0.0,51.70767024357262,62.237494068643585,0.0,6.577980903708827,53.88323667161878,79.7189001420471,188.78876165963615,346.4240230251638
1787,43,0.6000000000000001,0.0,51.70767024357262,62.237494068643585,0.0,6.577980903708827,53.88323667161878,79.7189001420471,188.78876165963615,346.4240230251638
1788,43,0.625,0.0,51.70767024357262,62.237494068643585,0.0,6.577980903708827,53.88323667161878,79.7189001420471,188.78876165963615,346.4240230251638
1789,43,0.65,0.0,51.70767024357262,62.237494068643585,0.0,6.577980903708827,53.88323667161878,79.7189001420471,188.78876165963615,346.4240230251638
1790,43,0.675,0.0,51.70767024357262,62.237494068643585,0.0,6.577980903708827,53.88323667161878,79.7189001420471,188.78876165963615,346.4240230251638
1791,43,0.7000000000000001,0.0,51.70767024357262,62.237494068643585,0.0,6.577980903708827,53.88323667161878,79.7189001420471,188.78876165963615,346.4240230251638
1792,43,0.7250000000000001,0.0,51.70767024357262,62.237494068643585,0.0,6.577980903708827,53.88323667161878,79.7189001420471,188.78876165963615,346.4240230251638
1793,43,0.75,0.0,51.70767024357262,62.237494068643585,0.0,6.577980903708827,53.88323667161878,79.7189001420471,188.78876165963615,346.4240230251638
1794,43,0.775,0.0,51.70767024357262,62.237494068643585,0.0,6.577980903708827,53.88323667161878,79.7189001420471,188.78876165963615,346.4240230251638
1795,43,0.8,0.0,51.70767024357262,62.237494068643585,0.0,6.577980903708827,53.88323667161878,79.7189001420471,188.78876165963615,346.4240230251638
1796,43,0.8250000000000001,0.0,51.70767024357262,62.237494068643585,0.0,6.577980903708827,53.88323667161878,79.7189001420471,188.78876165963615,346.4240230251638
1797,43,0.8500000000000001,0.0,51.70767024357262,62.237494068643585,0.0,6.577980903708827,53.88323667161878,79.7189001420471,188.78876165963615,346.4240230251638
1798,43,0.875,0.0,51.70767024357262,62.237494068643585,0.0,6.577980903708827,53.88323667161878,79.7189001420471,188.78876165963615,346.4240230251638
1799,43,0.9,0.0,51.70767024357262,62.237494068643585,0.0,6.577980903708827,53.88323667161878,79.7189001420471,188.78876165963615,346.4240230251638
1800,43,0.925,0.0,51.70767024357262,62.237494068643585,0.0,6.577980903708827,53.88323667161878,79.7189001420471,188.78876165963615,346.4240230251638
1801,43,0.9500000000000001,0.0,51.70767024357262,62.237494068643585,0.0,6.577980903708827,53.88323667161878,79.7189001420471,188.78876165963615,346.4240230251638
1802,43,0.9750000000000001,0.0,51.70767024357262,62.237494068643585,0.0,6.577980903708827,53.88323667161878,79.7189001420471,188.78876165963615,346.4240230251638
1803,43,1.0,0.0,51.70767024357262,62.237494068643585,0.0,6.577980903708827,53.88323667161878,79.7189001420471,188.78876165963615,346.4240230251638
1804,44,0.0,0.0,49.86668614592748,72.22111142143712,0.0,6.498963244876683,55.03349838973065,80.41592971106076,191.26310236403813,358.9867107680189
1805,44,0.025,0.0,49.86668614592748,72.22111142143712,0.0,6.498963244876683,55.03349838973065,80.41592971106076,191.26310236403813,358.9867107680189
1806,44,0.05,0.0,49.86668614592748,72.22111142143712,0.0,6.498963244876683,55.03349838973065,80.41592971106076,191.26310236403813,358.9867107680189
1807,44,0.07500000000000001,0.0,49.86668614592748,72.22111142143712,0.0,6.498963244876683,55.03349838973065,80.41592971106076,191.26310236403813,358.9867107680189
1808,44,0.1,0.0,49.86668614592748,72.22111142143712,0.0,6.498963244876683,55.03349838973065,80.41592971106076,191.26310236403813,358.9867107680189
1809,44,0.125,0.0,49.86668614592748,72.22111142143712,0.0,6.498963244876683,55.03349838973065,80.41592971106076,191.26310236403813,358.9867107680189
1810,44,0.15000000000000002,0.0,49.86668614592748,72.22111142143712,0.0,6.498963244876683,55.03349838973065,80.41592971106076,191.26310236403813,358.9867107680189
1811,44,0.17500000000000002,0.0,49.86668614592748,72.22111142143712,0.0,6.498963244876683,55.03349838973065,80.41592971106076,191.26310236403813,358.9867107680189
1812,44,0.2,0.0,49.86668614592748,72.22111142143712,0.0,6.498963244876683,55.03349838973065,80.41592971106076,191.26310236403813,358.9867107680189
1813,44,0.225,0.0,49.86668614592748,72.22111142143712,0.0,6.498963244876683,55.03349838973065,80.41592971106076,191.26310236403813,358.9867107680189
1814,44,0.25,0.0,49.86668614592748,72.22111142143712,0.0,6.498963244876683,55.03349838973065,80.41592971106076,191.26310236403813,358.9867107680189
1815,44,0.275,0.0,49.86668614592748,72.22111142143712,0.0,6.498963244876683,55.03349838973065,80.41592971106076,191.26310236403813,358.9867107680189
1816,44,0.30000000000000004,0.0,49.86668614592748,72.22111142143712,0.0,6.498963244876683,55.03349838973065,80.41592971106076,191.26310236403813,358.9867107680189
1817,44,0.325,0.0,49.86668614592748,72.22111142143712,0.0,6.498963244876683,55.03349838973065,80.41592971106076,191.26310236403813,358.9867107680189
1818,44,0.35000000000000003,0.0,49.86668614592748,72.22111142143712,0.0,6.498963244876683,55.03349838973065,80.41592971106076,191.26310236403813,358.9867107680189
1819,44,0.375,0.0,49.86668614592748,72.22111142143712,0.0,6.498963244876683,55.03349838973065,80.41592971106076,191.26310236403813,358.9867107680189
1820,44,0.4,0.0,49.86668614592748,72.22111142143712,0.0,6.498963244876683,55.03349838973065,80.41592971106076,191.26310236403813,358.9867107680189
1821,44,0.42500000000000004,0.0,49.86668614592748,72.22111142143712,0.0,6.498963244876683,55.03349838973065,80.41592971106076,191.26310236403813,358.9867107680189
1822,44,0.45,0.0,49.86668614592748,72.22111142143712,0.0,6.498963244876683,55.03349838973065,80.41592971106076,191.26310236403813,358.9867107680189
1823,44,0.47500000000000003,0.0,49.86668614592748,72.22111142143712,0.0,6.498963244876683,55.03349838973065,80.41592971106076,191.26310236403813,358.9867107680189
1824,44,0.5,0.0,49.86668614592748,72.22111142143712,0.0,6.498963244876683,55.03349838973065,80.41592971106076,191.26310236403813,358.9867107680189
1825,44,0.525,0.0,49.86668614592748,72.22111142143712,0.0,6.498963244876683,55.03349838973065,80.41592971106076,191.26310236403813,358.9867107680189
1826,44,0.55,0.0,49.86668614592748,72.22111142143712,0.0,6.498963244876683,55.03349838973065,80.41592971106076,191.26310236403813,358.9867107680189
1827,44,0.5750000000000001,0.0,49.86668614592748,72.22111142143712,0.0,6.498963244876683,55.03349838973065,80.41592971106076,191.26310236403813,358.9867107680189
1828,44,0.6000000000000001,0.0,49.86668614592748,72.22111142143712,0.0,6.498963244876683,55.03349838973065,80.41592971106076,191.26310236403813,358.9867107680189
1829,44,0.625,0.0,49.86668614592748,72.22111142143712,0.0,6.498963244876683,55.03349838973065,80.41592971106076,191.26310236403813,358.9867107680189
1830,44,0.65,0.0,49.86668614592748,72.22111142143712,0.0,6.498963244876683,55.03349838973065,80.41592971106076,191.26310236403813,358.9867107680189
1831,44,0.675,0.0,49.86668614592748,72.22111142143712,0.0,6.498963244876683,55.03349838973065,80.41592971106076,191.26310236403813,358.9867107680189
1832,44,0.7000000000000001,0.0,49.86668614592748,72.22111142143712,0.0,6.498963244876683,55.03349838973065,80.41592971106076,191.26310236403813,358.9867107680189
1833,44,0.7250000000000001,0.0,49.86668614592748,72.22111142143712,0.0,6.498963244876683,55.03349838973065,80.41592971106076,191.26310236403813,358.9867107680189
1834,44,0.75,0.0,49.86668614592748,72.22111142143712,0.0,6.498963244876683,55.03349838973065,80.41592971106076,191.26310236403813,358.9867107680189
1835,44,0.775,0.0,49.86668614592748,72.22111142143712,0.0,6.498963244876683,55.03349838973065,80.41592971106076,191.26310236403813,358.9867107680189
1836,44,0.8,0.0,49.86668614592748,72.22111142143712,0.0,6.498963244876683,55.03349838973065,80.41592971106076,191.26310236403813,358.9867107680189
1837,44,0.8250000000000001,0.0,49.86668614592748,72.22111142143712,0.0,6.498963244876683,55.03349838973065,80.41592971106076,191.26310236403813,358.9867107680189
1838,44,0.8500000000000001,0.0,49.86668614592748,72.22111142143712,0.0,6.498963244876683,55.03349838973065,80.41592971106076,191.26310236403813,358.9867107680189
1839,44,0.875,0.0,49.86668614592748,72.22111142143712,0.0,6.498963244876683,55.03349838973065,80.41592971106076,191.26310236403813,358.9867107680189
1840,44,0.9,0.0,49.86668614592748,72.22111142143712,0.0,6.498963244876683,55.03349838973065,80.41592971106076,191.26310236403813,358.9867107680189
1841,44,0.925,0.0,49.86668614592748,72.22111142143712,0.0,6.498963244876683,55.03349838973065,80.41592971106076,191.26310236403813,358.9867107680189
1842,44,0.9500000000000001,0.0,49.86668614592748,72.22111142143712,0.0,6.498963244876683,55.03349838973065,80.41592971106076,191.26310236403813,358.9867107680189
1843,44,0.9750000000000001,0.0,49.86668614592748,72.22111142143712,0.0,6.498963244876683,55.03349838973065,80.41592971106076,191.26310236403813,358.9867107680189
1844,44,1.0,0.0,49.86668614592748,72.22111142143712,0.0,6.498963244876683,55.03349838973065,80.41592971106076,191.26310236403813,358.9867107680189
1845,45,0.0,0.0,51.73060623417125,68.73641676298321,0.0,6.8365587505126735,55.40146676676168,84.64354457019728,179.64655040293854,332.7021541632472
1846,45,0.025,0.0,51.73060623417125,68.73641676298321,0.0,6.8365587505126735,55.40146676676168,84.64354457019728,179.64655040293854,332.7021541632472
1847,45,0.05,0.0,51.73060623417125,68.73641676298321,0.0,6.8365587505126735,55.40146676676168,84.64354457019728,179.64655040293854,332.7021541632472
1848,45,0.07500000000000001,0.0,51.73060623417125,68.73641676298321,0.0,6.8365587505126735,55.40146676676168,84.64354457019728,179.64655040293854,332.7021541632472
1849,45,0.1,0.0,51.73060623417125,68.73641676298321,0.0,6.8365587505126735,55.40146676676168,84.64354457019728,179.64655040293854,332.7021541632472
1850,45,0.125,0.0,51.73060623417125,68.73641676298321,0.0,6.8365587505126735,55.40146676676168,84.64354457019728,179.64655040293854,332.7021541632472
1851,45,0.15000000000000002,0.0,51.73060623417125,68.73641676298321,0.0,6.8365587505126735,55.40146676676168,84.64354457019728,179.64655040293854,332.7021541632472
1852,45,0.17500000000000002,0.0,51.73060623417125,68.73641676298321,0.0,6.8365587505126735,55.40146676676168,84.64354457019728,179.64655040293854,332.7021541632472
1853,45,0.2,0.0,51.73060623417125,68.73641676298321,0.0,6.8365587505126735,55.40146676676168,84.64354457019728,179.64655040293854,332.7021541632472
1854,45,0.225,0.0,51.73060623417125,68.73641676298321,0.0,6.8365587505126735,55.40146676676168,84.64354457019728,179.64655040293854,332.7021541632472
1855,45,0.25,0.0,51.73060623417125,68.73641676298321,0.0,6.8365587505126735,55.40146676676168,84.64354457019728,179.64655040293854,332.7021541632472
1856,45,0.275,0.0,51.73060623417125,68.73641676298321,0.0,6.8365587505126735,55.40146676676168,84.64354457019728,179.64655040293854,332.7021541632472
1857,45,0.30000000000000004,0.0,51.73060623417125,68.73641676298321,0.0,6.8365587505126735,55.40146676676168,84.64354457019728,179.64655040293854,332.7021541632472
1858,45,0.325,0.0,51.73060623417125,68.73641676298321,0.0,6.8365587505126735,55.40146676676168,84.64354457019728,179.64655040293854,332.7021541632472
1859,45,0.35000000000000003,0.0,51.73060623417125,68.73641676298321,0.0,6.8365587505126735,55.40146676676168,84.64354457019728,179.64655040293854,332.7021541632472
1860,45,0.375,0.0,51.73060623417125,68.73641676298321,0.0,6.8365587505126735,55.40146676676168,84.64354457019728,179.64655040293854,332.7021541632472
1861,45,0.4,0.0,51.73060623417125,68.73641676298321,0.0,6.8365587505126735,55.40146676676168,84.64354457019728,179.64655040293854,332.7021541632472
1862,45,0.42500000000000004,0.0,51.73060623417125,68.73641676298321,0.0,6.8365587505126735,55.40146676676168,84.64354457019728,179.64655040293854,332.7021541632472
1863,45,0.45,0.0,51.73060623417125,68.73641676298321,0.0,6.8365587505126735,55.40146676676168,84.64354457019728,179.64655040293854,332.7021541632472
1864,45,0.47500000000000003,0.0,51.73060623417125,68.73641676298321,0.0,6.8365587505126735,55.40146676676168,84.64354457019728,179.64655040293854,332.7021541632472
1865,45,0.5,0.0,51.73060623417125,68.73641676298321,0.0,6.8365587505126735,55.40146676676168,84.64354457019728,179.64655040293854,332.7021541632472
1866,45,0.525,0.0,51.73060623417125,68.73641676298321,0.0,6.8365587505126735,55.40146676676168,84.64354457019728,179.64655040293854,332.7021541632472
1867,45,0.55,0.0,51.73060623417125,68.73641676298321,0.0,6.8365587505126735,55.40146676676168,84.64354457019728,179.64655040293854,332.7021541632472
1868,45,0.5750000000000001,0.0,51.73060623417125,68.73641676298321,0.0,6.8365587505126735,55.40146676676168,84.64354457019728,179.64655040293854,332.7021541632472
1869,45,0.6000000000000001,0.0,51.73060623417125,68.73641676298321,0.0,6.8365587505126735,55.40146676676168,84.64354457019728,179.64655040293854,332.7021541632472
1870,45,0.625,0.0,51.73060623417125,68.73641676298321,0.0,6.8365587505126735,55.40146676676168,84.64354457019728,179.64655040293854,332.7021541632472
1871,45,0.65,0.0,51.73060623417125,68.73641676298321,0.0,6.8365587505126735,55.40146676676168,84.64354457019728,179.64655040293854,332.7021541632472
1872,45,0.675,0.0,51.73060623417125,68.73641676298321,0.0,6.8365587505126735,55.40146676676168,84.64354457019728,179.64655040293854,332.7021541632472
1873,45,0.7000000000000001,0.0,51.73060623417125,68.73641676298321,0.0,6.8365587505126735,55.40146676676168,84.64354457019728,179.64655040293854,332.7021541632472
1874,45,0.7250000000000001,0.0,51.73060623417125,68.73641676298321,0.0,6.8365587505126735,55.40146676676168,84.64354457019728,179.64655040293854,332.7021541632472
1875,45,0.75,0.0,51.73060623417125,68.73641676298321,0.0,6.8365587505126735,55.40146676676168,84.64354457019728,179.64655040293854,332.7021541632472
1876,45,0.775,0.0,51.73060623417125,68.73641676298321,0.0,6.8365587505126735,55.40146676676168,84.64354457019728,179.64655040293854,332.7021541632472
1877,45,0.8,0.0,51.73060623417125,68.73641676298321,0.0,6.8365587505126735,55.40146676676168,84.64354457019728,179.64655040293854,332.7021541632472
1878,45,0.8250000000000001,0.0,51.73060623417125,68.73641676298321,0.0,6.8365587505126735,55.40146676676168,84.64354457019728,179.64655040293854,332.7021541632472
1879,45,0.8500000000000001,0.0,51.73060623417125,68.73641676298321,0.0,6.8365587505126735,55.40146676676168,84.64354457019728,179.64655040293854,332.7021541632472
1880,45,0.875,0.0,51.73060623417125,68.73641676298321,0.0,6.8365587505126735,55.40146676676168,84.64354457019728,179.64655040293854,332.7021541632472
1881,45,0.9,0.0,51.73060623417125,68.73641676298321,0.0,6.8365587505126735,55.40146676676168,84.64354457019728,179.64655040293854,332.7021541632472
1882,45,0.925,0.0,51.73060623417125,68.73641676298321,0.0,6.8365587505126735,55.40146676676168,84.64354457019728,179.64655040293854,332.7021541632472
1883,45,0.9500000000000001,0.0,51.73060623417125,68.73641676298321,0.0,6.8365587505126735,55.40146676676168,84.64354457019728,179.64655040293854,332.7021541632472
1884,45,0.9750000000000001,0.0,51.73060623417125,68.73641676298321,0.0,6.8365587505126735,55.40146676676168,84.64354457019728,179.64655040293854,332.7021541632472
1885,45,1.0,0.0,51.73060623417125,68.73641676298321,0.0,6.8365587505126735,55.40146676676168,84.64354457019728,179.64655040293854,332.7021541632472
1886,46,0.0,0.0,51.803175145373814,70.96727964027481,0.0,6.850023658889951,53.97083243676132,80.69312548590337,211.7577803405303,359.6442134983556
1887,46,0.025,0.0,51.803175145373814,70.96727964027481,0.0,6.850023658889951,53.97083243676132,80.69312548590337,211.7577803405303,359.6442134983556
1888,46,0.05,0.0,51.803175145373814,70.96727964027481,0.0,6.850023658889951,53.97083243676132,80.69312548590337,211.7577803405303,359.6442134983556
1889,46,0.07500000000000001,0.0,51.803175145373814,70.96727964027481,0.0,6.850023658889951,53.97083243676132,80.69312548590337,211.7577803405303,359.6442134983556
1890,46,0.1,0.0,51.803175145373814,70.96727964027481,0.0,6.850023658889951,53.97083243676132,80.69312548590337,211.7577803405303,359.6442134983556
1891,46,0.125,0.0,51.803175145373814,70.96727964027481,0.0,6.850023658889951,53.97083243676132,80.69312548590337,211.7577803405303,359.6442134983556
1892,46,0.15000000000000002,0.0,51.803175145373814,70.96727964027481,0.0,6.850023658889951,53.97083243676132,80.69312548590337,211.7577803405303,359.6442134983556
1893,46,0.17500000000000002,0.0,51.803175145373814,70.96727964027481,0.0,6.850023658889951,53.97083243676132,80.69312548590337,211.7577803405303,359.6442134983556
1894,46,0.2,0.0,51.803175145373814,70.96727964027481,0.0,6.850023658889951,53.97083243676132,80.69312548590337,211.7577803405303,359.6442134983556
1895,46,0.225,0.0,51.803175145373814,70.96727964027481,0.0,6.850023658889951,53.97083243676132,80.69312548590337,211.7577803405303,359.6442134983556
1896,46,0.25,0.0,51.803175145373814,70.96727964027481,0.0,6.850023658889951,53.97083243676132,80.69312548590337,211.7577803405303,359.6442134983556
1897,46,0.275,0.0,51.803175145373814,70.96727964027481,0.0,6.850023658889951,53.97083243676132,80.69312548590337,211.7577803405303,359.6442134983556
1898,46,0.30000000000000004,0.0,51.803175145373814,70.96727964027481,0.0,6.850023658889951,53.97083243676132,80.69312548590337,211.7577803405303,359.6442134983556
1899,46,0.325,0.0,51.803175145373814,70.96727964027481,0.0,6.850023658889951,53.97083243676132,80.69312548590337,211.7577803405303,359.6442134983556
1900,46,0.35000000000000003,0.0,51.803175145373814,70.96727964027481,0.0,6.850023658889951,53.97083243676132,80.69312548590337,211.7577803405303,359.6442134983556
1901,46,0.375,0.0,51.803175145373814,70.96727964027481,0.0,6.850023658889951,53.97083243676132,80.69312548590337,211.7577803405303,359.6442134983556
1902,46,0.4,0.0,51.803175145373814,70.96727964027481,0.0,6.850023658889951,53.97083243676132,80.69312548590337,211.7577803405303,359.6442134983556
1903,46,0.42500000000000004,0.0,51.803175145373814,70.96727964027481,0.0,6.850023658889951,53.97083243676132,80.69312548590337,211.7577803405303,359.6442134983556
1904,46,0.45,0.0,51.803175145373814,70.96727964027481,0.0,6.850023658889951,53.97083243676132,80.69312548590337,211.7577803405303,359.6442134983556
1905,46,0.47500000000000003,0.0,51.803175145373814,70.96727964027481,0.0,6.850023658889951,53.97083243676132,80.69312548590337,211.7577803405303,359.6442134983556
1906,46,0.5,0.0,51.803175145373814,70.96727964027481,0.0,6.850023658889951,53.97083243676132,80.69312548590337,211.7577803405303,359.6442134983556
1907,46,0.525,0.0,51.803175145373814,70.96727964027481,0.0,6.850023658889951,53.97083243676132,80.69312548590337,211.7577803405303,359.6442134983556
1908,46,0.55,0.0,51.803175145373814,70.96727964027481,0.0,6.850023658889951,53.97083243676132,80.69312548590337,211.7577803405303,359.6442134983556
1909,46,0.5750000000000001,0.0,51.803175145373814,70.96727964027481,0.0,6.850023658889951,53.97083243676132,80.69312548590337,211.7577803405303,359.6442134983556
1910,46,0.6000000000000001,0.0,51.803175145373814,70.96727964027481,0.0,6.850023658889951,53.97083243676132,80.69312548590337,211.7577803405303,359.6442134983556
1911,46,0.625,0.0,51.803175145373814,70.96727964027481,0.0,6.850023658889951,53.97083243676132,80.69312548590337,211.7577803405303,359.6442134983556
1912,46,0.65,0.0,51.803175145373814,70.96727964027481,0.0,6.850023658889951,53.97083243676132,80.69312548590337,211.7577803405303,359.6442134983556
1913,46,0.675,0.0,51.803175145373814,70.96727964027481,0.0,6.850023658889951,53.97083243676132,80.69312548590337,211.7577803405303,359.6442134983556
1914,46,0.7000000000000001,0.0,51.803175145373814,70.96727964027481,0.0,6.850023658889951,53.97083243676132,80.69312548590337,211.7577803405303,359.6442134983556
1915,46,0.7250000000000001,0.0,51.803175145373814,70.96727964027481,0.0,6.850023658889951,53.97083243676132,80.69312548590337,211.7577803405303,359.6442134983556
1916,46,0.75,0.0,51.803175145373814,70.96727964027481,0.0,6.850023658889951,53.97083243676132,80.69312548590337,211.7577803405303,359.6442134983556
1917,46,0.775,0.0,51.803175145373814,70.96727964027481,0.0,6.850023658889951,53.97083243676132,80.69312548590337,211.7577803405303,359.6442134983556
1918,46,0.8,0.0,51.803175145373814,70.96727964027481,0.0,6.850023658889951,53.97083243676132,80.69312548590337,211.7577803405303,359.6442134983556
1919,46,0.8250000000000001,0.0,51.803175145373814,70.96727964027481,0.0,6.850023658889951,53.97083243676132,80.69312548590337,211.7577803405303,359.6442134983556
1920,46,0.8500000000000001,0.0,51.803175145373814,70.96727964027481,0.0,6.850023658889951,53.97083243676132,80.69312548590337,211.7577803405303,359.6442134983556
1921,46,0.875,0.0,51.803175145373814,70.96727964027481,0.0,6.850023658889951,53.97083243676132,80.69312548590337,211.7577803405303,359.6442134983556
1922,46,0.9,0.0,51.803175145373814,70.96727964027481,0.0,6.850023658889951,53.97083243676132,80.69312548590337,211.7577803405303,359.6442134983556
1923,46,0.925,0.0,51.803175145373814,70.96727964027481,0.0,6.850023658889951,53.97083243676132,80.69312548590337,211.7577803405303,359.6442134983556
1924,46,0.9500000000000001,0.0,51.803175145373814,70.96727964027481,0.0,6.850023658889951,53.97083243676132,80.69312548590337,211.7577803405303,359.6442134983556
1925,46,0.9750000000000001,0.0,51.803175145373814,70.96727964027481,0.0,6.850023658889951,53.97083243676132,80.69312548590337,211.7577803405303,359.6442134983556
1926,46,1.0,0.0,51.803175145373814,70.96727964027481,0.0,6.850023658889951,53.97083243676132,80.69312548590337,211.7577803405303,359.6442134983556
1927,47,0.0,0.0,52.549270816570505,71.32697915182992,0.0,6.729630606688824,58.43665458610491,82.62372830952269,176.8630281827264,320.4396448339849
1928,47,0.025,0.0,52.549270816570505,71.32697915182992,0.0,6.729630606688824,58.43665458610491,82.62372830952269,176.8630281827264,320.4396448339849
1929,47,0.05,0.0,52.549270816570505,71.32697915182992,0.0,6.729630606688824,58.43665458610491,82.62372830952269,176.8630281827264,320.4396448339849
1930,47,0.07500000000000001,0.0,52.549270816570505,71.32697915182992,0.0,6.729630606688824,58.43665458610491,82.62372830952269,176.8630281827264,320.4396448339849
1931,47,0.1,0.0,52.549270816570505,71.32697915182992,0.0,6.729630606688824,58.43665458610491,82.62372830952269,176.8630281827264,320.4396448339849
1932,47,0.125,0.0,52.549270816570505,71.32697915182992,0.0,6.729630606688824,58.43665458610491,82.62372830952269,176.8630281827264,320.4396448339849
1933,47,0.15000000000000002,0.0,52.549270816570505,71.32697915182992,0.0,6.729630606688824,58.43665458610491,82.62372830952269,176.8630281827264,320.4396448339849
1934,47,0.17500000000000002,0.0,52.549270816570505,71.32697915182992,0.0,6.729630606688824,58.43665458610491,82.62372830952269,176.8630281827264,320.4396448339849
1935,47,0.2,0.0,52.549270816570505,71.32697915182992,0.0,6.729630606688824,58.43665458610491,82.62372830952269,176.8630281827264,320.4396448339849
1936,47,0.225,0.0,52.549270816570505,71.32697915182992,0.0,6.729630606688824,58.43665458610491,82.62372830952269,176.8630281827264,320.4396448339849
1937,47,0.25,0.0,52.549270816570505,71.32697915182992,0.0,6.729630606688824,58.43665458610491,82.62372830952269,176.8630281827264,320.4396448339849
1938,47,0.275,0.0,52.549270816570505,71.32697915182992,0.0,6.729630606688824,58.43665458610491,82.62372830952269,176.8630281827264,320.4396448339849
1939,47,0.30000000000000004,0.0,52.549270816570505,71.32697915182992,0.0,6.729630606688824,58.43665458610491,82.62372830952269,176.8630281827264,320.4396448339849
1940,47,0.325,0.0,52.549270816570505,71.32697915182992,0.0,6.729630606688824,58.43665458610491,82.62372830952269,176.8630281827264,320.4396448339849
1941,47,0.35000000000000003,0.0,52.549270816570505,71.32697915182992,0.0,6.729630606688824,58.43665458610491,82.62372830952269,176.8630281827264,320.4396448339849
1942,47,0.375,0.0,52.549270816570505,71.32697915182992,0.0,6.729630606688824,58.43665458610491,82.62372830952269,176.8630281827264,320.4396448339849
1943,47,0.4,0.0,52.549270816570505,71.32697915182992,0.0,6.729630606688824,58.43665458610491,82.62372830952269,176.8630281827264,320.4396448339849
1944,47,0.42500000000000004,0.0,52.549270816570505,71.32697915182992,0.0,6.729630606688824,58.43665458610491,82.62372830952269,176.8630281827264,320.4396448339849
1945,47,0.45,0.0,52.549270816570505,71.32697915182992,0.0,6.729630606688824,58.43665458610491,82.62372830952269,176.8630281827264,320.4396448339849
1946,47,0.47500000000000003,0.0,52.549270816570505,71.32697915182992,0.0,6.729630606688824,58.43665458610491,82.62372830952269,176.8630281827264,320.4396448339849
1947,47,0.5,0.0,52.549270816570505,71.32697915182992,0.0,6.729630606688824,58.43665458610491,82.62372830952269,176.8630281827264,320.4396448339849
1948,47,0.525,0.0,52.549270816570505,71.32697915182992,0.0,6.729630606688824,58.43665458610491,82.62372830952269,176.8630281827264,320.4396448339849
1949,47,0.55,0.0,52.549270816570505,71.32697915182992,0.0,6.729630606688824,58.43665458610491,82.62372830952269,176.8630281827264,320.4396448339849
1950,47,0.5750000000000001,0.0,52.549270816570505,71.32697915182992,0.0,6.729630606688824,58.43665458610491,82.62372830952269,176.8630281827264,320.4396448339849
1951,47,0.6000000000000001,0.0,52.549270816570505,71.32697915182992,0.0,6.729630606688824,58.43665458610491,82.62372830952269,176.8630281827264,320.4396448339849
1952,47,0.625,0.0,52.549270816570505,71.32697915182992,0.0,6.729630606688824,58.43665458610491,82.62372830952269,176.8630281827264,320.4396448339849
1953,47,0.65,0.0,52.549270816570505,71.32697915182992,0.0,6.729630606688824,58.43665458610491,82.62372830952269,176.8630281827264,320.4396448339849
1954,47,0.675,0.0,52.549270816570505,71.32697915182992,0.0,6.729630606688824,58.43665458610491,82.62372830952269,176.8630281827264,320.4396448339849
1955,47,0.7000000000000001,0.0,52.549270816570505,71.32697915182992,0.0,6.729630606688824,58.43665458610491,82.62372830952269,176.8630281827264,320.4396448339849
1956,47,0.7250000000000001,0.0,52.549270816570505,71.32697915182992,0.0,6.729630606688824,58.43665458610491,82.62372830952269,176.8630281827264,320.4396448339849
1957,47,0.75,0.0,52.549270816570505,71.32697915182992,0.0,6.729630606688824,58.43665458610491,82.62372830952269,176.8630281827264,320.4396448339849
1958,47,0.775,0.0,52.549270816570505,71.32697915182992,0.0,6.729630606688824,58.43665458610491,82.62372830952269,176.8630281827264,320.4396448339849
1959,47,0.8,0.0,52.549270816570505,71.32697915182992,0.0,6.729630606688824,58.43665458610491,82.62372830952269,176.8630281827264,320.4396448339849
1960,47,0.8250000000000001,0.0,52.549270816570505,71.32697915182992,0.0,6.729630606688824,58.43665458610491,82.62372830952269,176.8630281827264,320.4396448339849
1961,47,0.8500000000000001,0.0,52.549270816570505,71.32697915182992,0.0,6.729630606688824,58.43665458610491,82.62372830952269,176.8630281827264,320.4396448339849
1962,47,0.875,0.0,52.549270816570505,71.32697915182992,0.0,6.729630606688824,58.43665458610491,82.62372830952269,176.8630281827264,320.4396448339849
1963,47,0.9,0.0,52.549270816570505,71.32697915182992,0.0,6.729630606688824,58.43665458610491,82.62372830952269,176.8630281827264,320.4396448339849
1964,47,0.925,0.0,52.549270816570505,71.32697915182992,0.0,6.729630606688824,58.43665458610491,82.62372830952269,176.8630281827264,320.4396448339849
1965,47,0.9500000000000001,0.0,52.549270816570505,71.32697915182992,0.0,6.729630606688824,58.43665458610491,82.62372830952269,176.8630281827264,320.4396448339849
1966,47,0.9750000000000001,0.0,52.549270816570505,71.32697915182992,0.0,6.729630606688824,58.43665458610491,82.62372830952269,176.8630281827264,320.4396448339849
1967,47,1.0,0.0,52.549270816570505,71.32697915182992,0.0,6.729630606688824,58.43665458610491,82.62372830952269,176.8630281827264,320.4396448339849
1968,48,0.0,0.0,53.72802837254825,71.58778389250666,0.0,6.022112994023533,55.6809459190861,71.3512260733238,211.89250910342227,308.31347603068605
1969,48,0.025,0.0,53.72802837254825,71.58778389250666,0.0,6.022112994023533,55.6809459190861,71.3512260733238,211.89250910342227,308.31347603068605
1970,48,0.05,0.0,53.72802837254825,71.58778389250666,0.0,6.022112994023533,55.6809459190861,71.3512260733238,211.89250910342227,308.31347603068605
1971,48,0.07500000000000001,0.0,53.72802837254825,71.58778389250666,0.0,6.022112994023533,55.6809459190861,71.3512260733238,211.89250910342227,308.31347603068605
1972,48,0.1,0.0,53.72802837254825,71.58778389250666,0.0,6.022112994023533,55.6809459190861,71.3512260733238,211.89250910342227,308.31347603068605
1973,48,0.125,0.0,53.72802837254825,71.58778389250666,0.0,6.022112994023533,55.6809459190861,71.3512260733238,211.89250910342227,308.31347603068605
1974,48,0.15000000000000002,0.0,53.72802837254825,71.58778389250666,0.0,6.022112994023533,55.6809459190861,71.3512260733238,211.89250910342227,308.31347603068605
1975,48,0.17500000000000002,0.0,53.72802837254825,71.58778389250666,0.0,6.022112994023533,55.6809459190861,71.3512260733238,211.89250910342227,308.31347603068605
1976,48,0.2,0.0,53.72802837254825,71.58778389250666,0.0,6.022112994023533,55.6809459190861,71.3512260733238,211.89250910342227,308.31347603068605
1977,48,0.225,0.0,53.72802837254825,71.58778389250666,0.0,6.022112994023533,55.6809459190861,71.3512260733238,211.89250910342227,308.31347603068605
1978,48,0.25,0.0,53.72802837254825,71.58778389250666,0.0,6.022112994023533,55.6809459190861,71.3512260733238,211.89250910342227,308.31347603068605
1979,48,0.275,0.0,53.72802837254825,71.58778389250666,0.0,6.022112994023533,55.6809459190861,71.3512260733238,211.89250910342227,308.31347603068605
1980,48,0.30000000000000004,0.0,53.72802837254825,71.58778389250666,0.0,6.022112994023533,55.6809459190861,71.3512260733238,211.89250910342227,308.31347603068605
1981,48,0.325,0.0,53.72802837254825,71.58778389250666,0.0,6.022112994023533,55.6809459190861,71.3512260733238,211.89250910342227,308.31347603068605
1982,48,0.35000000000000003,0.0,53.72802837254825,71.58778389250666,0.0,6.022112994023533,55.6809459190861,71.3512260733238,211.89250910342227,308.31347603068605
1983,48,0.375,0.0,53.72802837254825,71.58778389250666,0.0,6.022112994023533,55.6809459190861,71.3512260733238,211.89250910342227,308.31347603068605
1984,48,0.4,0.0,53.72802837254825,71.58778389250666,0.0,6.022112994023533,55.6809459190861,71.3512260733238,211.89250910342227,308.31347603068605
1985,48,0.42500000000000004,0.0,53.72802837254825,71.58778389250666,0.0,6.022112994023533,55.6809459190861,71.3512260733238,211.89250910342227,308.31347603068605
1986,48,0.45,0.0,53.72802837254825,71.58778389250666,0.0,6.022112994023533,55.6809459190861,71.3512260733238,211.89250910342227,308.31347603068605
1987,48,0.47500000000000003,0.0,53.72802837254825,71.58778389250666,0.0,6.022112994023533,55.6809459190861,71.3512260733238,211.89250910342227,308.31347603068605
1988,48,0.5,0.0,53.72802837254825,71.58778389250666,0.0,6.022112994023533,55.6809459190861,71.3512260733238,211.89250910342227,308.31347603068605
1989,48,0.525,0.0,53.72802837254825,71.58778389250666,0.0,6.022112994023533,55.6809459190861,71.3512260733238,211.89250910342227,308.31347603068605
1990,48,0.55,0.0,53.72802837254825,71.58778389250666,0.0,6.022112994023533,55.6809459190861,71.3512260733238,211.89250910342227,308.31347603068605
1991,48,0.5750000000000001,0.0,53.72802837254825,71.58778389250666,0.0,6.022112994023533,55.6809459190861,71.3512260733238,211.89250910342227,308.31347603068605
1992,48,0.6000000000000001,0.0,53.72802837254825,71.58778389250666,0.0,6.022112994023533,55.6809459190861,71.3512260733238,211.89250910342227,308.31347603068605
1993,48,0.625,0.0,53.72802837254825,71.58778389250666,0.0,6.022112994023533,55.6809459190861,71.3512260733238,211.89250910342227,308.31347603068605
1994,48,0.65,0.0,53.72802837254825,71.58778389250666,0.0,6.022112994023533,55.6809459190861,71.3512260733238,211.89250910342227,308.31347603068605
1995,48,0.675,0.0,53.72802837254825,71.58778389250666,0.0,6.022112994023533,55.6809459190861,71.3512260733238,211.89250910342227,308.31347603068605
1996,48,0.7000000000000001,0.0,53.72802837254825,71.58778389250666,0.0,6.022112994023533,55.6809459190861,71.3512260733238,211.89250910342227,308.31347603068605
1997,48,0.7250000000000001,0.0,53.72802837254825,71.58778389250666,0.0,6.022112994023533,55.6809459190861,71.3512260733238,211.89250910342227,308.31347603068605
1998,48,0.75,0.0,53.72802837254825,71.58778389250666,0.0,6.022112994023533,55.6809459190861,71.3512260733238,211.89250910342227,308.31347603068605
1999,48,0.775,0.0,53.72802837254825,71.58778389250666,0.0,6.022112994023533,55.6809459190861,71.3512260733238,211.89250910342227,308.31347603068605
2000,48,0.8,0.0,53.72802837254825,71.58778389250666,0.0,6.022112994023533,55.6809459190861,71.3512260733238,211.89250910342227,308.31347603068605
2001,48,0.8250000000000001,0.0,53.72802837254825,71.58778389250666,0.0,6.022112994023533,55.6809459190861,71.3512260733238,211.89250910342227,308.31347603068605
2002,48,0.8500000000000001,0.0,53.72802837254825,71.58778389250666,0.0,6.022112994023533,55.6809459190861,71.3512260733238,211.89250910342227,308.31347603068605
2003,48,0.875,0.0,53.72802837254825,71.58778389250666,0.0,6.022112994023533,55.6809459190861,71.3512260733238,211.89250910342227,308.31347603068605
2004,48,0.9,0.0,53.72802837254825,71.58778389250666,0.0,6.022112994023533,55.6809459190861,71.3512260733238,211.89250910342227,308.31347603068605
2005,48,0.925,0.0,53.72802837254825,71.58778389250666,0.0,6.022112994023533,55.6809459190861,71.3512260733238,211.89250910342227,308.31347603068605
2006,48,0.9500000000000001,0.0,53.72802837254825,71.58778389250666,0.0,6.022112994023533,55.6809459190861,71.3512260733238,211.89250910342227,308.31347603068605
2007,48,0.9750000000000001,0.0,53.72802837254825,71.58778389250666,0.0,6.022112994023533,55.6809459190861,71.3512260733238,211.89250910342227,308.31347603068605
2008,48,1.0,0.0,53.72802837254825,71.58778389250666,0.0,6.022112994023533,55.6809459190861,71.3512260733238,211.89250910342227,308.31347603068605
2009,49,0.0,0.0,50.640047150713364,70.25917180143017,0.0,6.907029552402237,57.6230203621214,72.75752039044532,194.135621743245,298.1546426171688
2010,49,0.025,0.0,50.640047150713364,70.25917180143017,0.0,6.907029552402237,57.6230203621214,72.75752039044532,194.135621743245,298.1546426171688
2011,49,0.05,0.0,50.640047150713364,70.25917180143017,0.0,6.907029552402237,57.6230203621214,72.75752039044532,194.135621743245,298.1546426171688
2012,49,0.07500000000000001,0.0,50.640047150713364,70.25917180143017,0.0,6.907029552402237,57.6230203621214,72.75752039044532,194.135621743245,298.1546426171688
2013,49,0.1,0.0,50.640047150713364,70.25917180143017,0.0,6.907029552402237,57.6230203621214,72.75752039044532,194.135621743245,298.1546426171688
2014,49,0.125,0.0,50.640047150713364,70.25917180143017,0.0,6.907029552402237,57.6230203621214,72.75752039044532,194.135621743245,298.1546426171688
2015,49,0.15000000000000002,0.0,50.640047150713364,70.25917180143017,0.0,6.907029552402237,57.6230203621214,72.75752039044532,194.135621743245,298.1546426171688
2016,49,0.17500000000000002,0.0,50.640047150713364,70.25917180143017,0.0,6.907029552402237,57.6230203621214,72.75752039044532,194.135621743245,298.1546426171688
2017,49,0.2,0.0,50.640047150713364,70.25917180143017,0.0,6.907029552402237,57.6230203621214,72.75752039044532,194.135621743245,298.1546426171688
2018,49,0.225,0.0,50.640047150713364,70.25917180143017,0.0,6.907029552402237,57.6230203621214,72.75752039044532,194.135621743245,298.1546426171688
2019,49,0.25,0.0,50.640047150713364,70.25917180143017,0.0,6.907029552402237,57.6230203621214,72.75752039044532,194.135621743245,298.1546426171688
2020,49,0.275,0.0,50.640047150713364,70.25917180143017,0.0,6.907029552402237,57.6230203621214,72.75752039044532,194.135621743245,298.1546426171688
2021,49,0.30000000000000004,0.0,50.640047150713364,70.25917180143017,0.0,6.907029552402237,57.6230203621214,72.75752039044532,194.135621743245,298.1546426171688
2022,49,0.325,0.0,50.640047150713364,70.25917180143017,0.0,6.907029552402237,57.6230203621214,72.75752039044532,194.135621743245,298.1546426171688
2023,49,0.35000000000000003,0.0,50.640047150713364,70.25917180143017,0.0,6.907029552402237,57.6230203621214,72.75752039044532,194.135621743245,298.1546426171688
2024,49,0.375,0.0,50.640047150713364,70.25917180143017,0.0,6.907029552402237,57.6230203621214,72.75752039044532,194.135621743245,298.1546426171688
2025,49,0.4,0.0,50.640047150713364,70.25917180143017,0.0,6.907029552402237,57.6230203621214,72.75752039044532,194.135621743245,298.1546426171688
2026,49,0.42500000000000004,0.0,50.640047150713364,70.25917180143017,0.0,6.907029552402237,57.6230203621214,72.75752039044532,194.135621743245,298.1546426171688
2027,49,0.45,0.0,50.640047150713364,70.25917180143017,0.0,6.907029552402237,57.6230203621214,72.75752039044532,194.135621743245,298.1546426171688
2028,49,0.47500000000000003,0.0,50.640047150713364,70.25917180143017,0.0,6.907029552402237,57.6230203621214,72.75752039044532,194.135621743245,298.1546426171688
2029,49,0.5,0.0,50.640047150713364,70.25917180143017,0.0,6.907029552402237,57.6230203621214,72.75752039044532,194.135621743245,298.1546426171688
2030,49,0.525,0.0,50.640047150713364,70.25917180143017,0.0,6.907029552402237,57.6230203621214,72.75752039044532,194.135621743245,298.1546426171688
2031,49,0.55,0.0,50.640047150713364,70.25917180143017,0.0,6.907029552402237,57.6230203621214,72.75752039044532,194.135621743245,298.1546426171688
2032,49,0.5750000000000001,0.0,50.640047150713364,70.25917180143017,0.0,6.907029552402237,57.6230203621214,72.75752039044532,194.135621743245,298.1546426171688
2033,49,0.6000000000000001,0.0,50.640047150713364,70.25917180143017,0.0,6.907029552402237,57.6230203621214,72.75752039044532,194.135621743245,298.1546426171688
2034,49,0.625,0.0,50.640047150713364,70.25917180143017,0.0,6.907029552402237,57.6230203621214,72.75752039044532,194.135621743245,298.1546426171688
2035,49,0.65,0.0,50.640047150713364,70.25917180143017,0.0,6.907029552402237,57.6230203621214,72.75752039044532,194.135621743245,298.1546426171688
2036,49,0.675,0.0,50.640047150713364,70.25917180143017,0.0,6.907029552402237,57.6230203621214,72.75752039044532,194.135621743245,298.1546426171688
2037,49,0.7000000000000001,0.0,50.640047150713364,70.25917180143017,0.0,6.907029552402237,57.6230203621214,72.75752039044532,194.135621743245,298.1546426171688
2038,49,0.7250000000000001,0.0,50.640047150713364,70.25917180143017,0.0,6.907029552402237,57.6230203621214,72.75752039044532,194.135621743245,298.1546426171688
2039,49,0.75,0.0,50.640047150713364,70.25917180143017,0.0,6.907029552402237,57.6230203621214,72.75752039044532,194.135621743245,298.1546426171688
2040,49,0.775,0.0,50.640047150713364,70.25917180143017,0.0,6.907029552402237,57.6230203621214,72.75752039044532,194.135621743245,298.1546426171688
2041,49,0.8,0.0,50.640047150713364,70.25917180143017,0.0,6.907029552402237,57.6230203621214,72.75752039044532,194.135621743245,298.1546426171688
2042,49,0.8250000000000001,0.0,50.640047150713364,70.25917180143017,0.0,6.907029552402237,57.6230203621214,72.75752039044532,194.135621743245,298.1546426171688
2043,49,0.8500000000000001,0.0,50.640047150713364,70.25917180143017,0.0,6.907029552402237,57.6230203621214,72.75752039044532,194.135621743245,298.1546426171688
2044,49,0.875,0.0,50.640047150713364,70.25917180143017,0.0,6.907029552402237,57.6230203621214,72.75752039044532,194.135621743245,298.1546426171688
2045,49,0.9,0.0,50.640047150713364,70.25917180143017,0.0,6.907029552402237,57.6230203621214,72.75752039044532,194.135621743245,298.1546426171688
2046,49,0.925,0.0,50.640047150713364,70.25917180143017,0.0,6.907029552402237,57.6230203621214,72.75752039044532,194.135621743245,298.1546426171688
2047,49,0.9500000000000001,0.0,50.640047150713364,70.25917180143017,0.0,6.907029552402237,57.6230203621214,72.75752039044532,194.135621743245,298.1546426171688
2048,49,0.9750000000000001,0.0,50.640047150713364,70.25917180143017,0.0,6.907029552402237,57.6230203621214,72.75752039044532,194.135621743245,298.1546426171688
2049,49,1.0,0.0,50.640047150713364,70.25917180143017,0.0,6.907029552402237,57.6230203621214,72.75752039044532,194.135621743245,298.1546426171688
