,Repetition,Variable,Jee2,Jie2,Jei2,Jii2,Jee,Jii,Jei,Jme,Jmi
0,0,30.0,0.0,30.0,33.0,0.0,5.850100857410972,54.54840085624238,81.43059718729907,196.57322764818196,299.6402746150135
1,0,32.0,0.0,32.0,33.0,0.0,5.850100857410972,54.54840085624238,81.43059718729907,196.57322764818196,299.6402746150135
2,0,34.0,0.0,34.0,33.0,0.0,5.850100857410972,54.54840085624238,81.43059718729907,196.57322764818196,299.6402746150135
3,0,36.0,0.0,36.0,33.0,0.0,5.850100857410972,54.54840085624238,81.43059718729907,196.57322764818196,299.6402746150135
4,0,38.0,0.0,38.0,33.0,0.0,5.850100857410972,54.54840085624238,81.43059718729907,196.57322764818196,299.6402746150135
5,0,40.0,0.0,40.0,33.0,0.0,5.850100857410972,54.54840085624238,81.43059718729907,196.57322764818196,299.6402746150135
6,0,42.0,0.0,42.0,33.0,0.0,5.850100857410972,54.54840085624238,81.43059718729907,196.57322764818196,299.6402746150135
7,0,44.0,0.0,44.0,33.0,0.0,5.850100857410972,54.54840085624238,81.43059718729907,196.57322764818196,299.6402746150135
8,0,46.0,0.0,46.0,33.0,0.0,5.850100857410972,54.54840085624238,81.43059718729907,196.57322764818196,299.6402746150135
9,0,48.0,0.0,48.0,33.0,0.0,5.850100857410972,54.54840085624238,81.43059718729907,196.57322764818196,299.6402746150135
10,0,50.0,0.0,50.0,33.0,0.0,5.850100857410972,54.54840085624238,81.43059718729907,196.57322764818196,299.6402746150135
11,0,52.0,0.0,52.0,33.0,0.0,5.850100857410972,54.54840085624238,81.43059718729907,196.57322764818196,299.6402746150135
12,0,54.0,0.0,54.0,33.0,0.0,5.850100857410972,54.54840085624238,81.43059718729907,196.57322764818196,299.6402746150135
13,0,56.0,0.0,56.0,33.0,0.0,5.850100857410972,54.54840085624238,81.43059718729907,196.57322764818196,299.6402746150135
14,0,58.0,0.0,58.0,33.0,0.0,5.850100857410972,54.54840085624238,81.43059718729907,196.57322764818196,299.6402746150135
15,0,60.0,0.0,60.0,33.0,0.0,5.850100857410972,54.54840085624238,81.43059718729907,196.57322764818196,299.6402746150135
16,0,62.0,0.0,62.0,33.0,0.0,5.850100857410972,54.54840085624238,81.43059718729907,196.57322764818196,299.6402746150135
17,0,64.0,0.0,64.0,33.0,0.0,5.850100857410972,54.54840085624238,81.43059718729907,196.57322764818196,299.6402746150135
18,0,66.0,0.0,66.0,33.0,0.0,5.850100857410972,54.54840085624238,81.43059718729907,196.57322764818196,299.6402746150135
19,0,68.0,0.0,68.0,33.0,0.0,5.850100857410972,54.54840085624238,81.43059718729907,196.57322764818196,299.6402746150135
20,0,70.0,0.0,70.0,33.0,0.0,5.850100857410972,54.54840085624238,81.43059718729907,196.57322764818196,299.6402746150135
21,1,30.0,0.0,30.0,33.0,0.0,6.517790162835201,57.8370960158723,77.14248905099369,203.318553550619,328.43616756947335
22,1,32.0,0.0,32.0,33.0,0.0,6.517790162835201,57.8370960158723,77.14248905099369,203.318553550619,328.43616756947335
23,1,34.0,0.0,34.0,33.0,0.0,6.517790162835201,57.8370960158723,77.14248905099369,203.318553550619,328.43616756947335
24,1,36.0,0.0,36.0,33.0,0.0,6.517790162835201,57.8370960158723,77.14248905099369,203.318553550619,328.43616756947335
25,1,38.0,0.0,38.0,33.0,0.0,6.517790162835201,57.8370960158723,77.14248905099369,203.318553550619,328.43616756947335
26,1,40.0,0.0,40.0,33.0,0.0,6.517790162835201,57.8370960158723,77.14248905099369,203.318553550619,328.43616756947335
27,1,42.0,0.0,42.0,33.0,0.0,6.517790162835201,57.8370960158723,77.14248905099369,203.318553550619,328.43616756947335
28,1,44.0,0.0,44.0,33.0,0.0,6.517790162835201,57.8370960158723,77.14248905099369,203.318553550619,328.43616756947335
29,1,46.0,0.0,46.0,33.0,0.0,6.517790162835201,57.8370960158723,77.14248905099369,203.318553550619,328.43616756947335
30,1,48.0,0.0,48.0,33.0,0.0,6.517790162835201,57.8370960158723,77.14248905099369,203.318553550619,328.43616756947335
31,1,50.0,0.0,50.0,33.0,0.0,6.517790162835201,57.8370960158723,77.14248905099369,203.318553550619,328.43616756947335
32,1,52.0,0.0,52.0,33.0,0.0,6.517790162835201,57.8370960158723,77.14248905099369,203.318553550619,328.43616756947335
33,1,54.0,0.0,54.0,33.0,0.0,6.517790162835201,57.8370960158723,77.14248905099369,203.318553550619,328.43616756947335
34,1,56.0,0.0,56.0,33.0,0.0,6.517790162835201,57.8370960158723,77.14248905099369,203.318553550619,328.43616756947335
35,1,58.0,0.0,58.0,33.0,0.0,6.517790162835201,57.8370960158723,77.14248905099369,203.318553550619,328.43616756947335
36,1,60.0,0.0,60.0,33.0,0.0,6.517790162835201,57.8370960158723,77.14248905099369,203.318553550619,328.43616756947335
37,1,62.0,0.0,62.0,33.0,0.0,6.517790162835201,57.8370960158723,77.14248905099369,203.318553550619,328.43616756947335
38,1,64.0,0.0,64.0,33.0,0.0,6.517790162835201,57.8370960158723,77.14248905099369,203.318553550619,328.43616756947335
39,1,66.0,0.0,66.0,33.0,0.0,6.517790162835201,57.8370960158723,77.14248905099369,203.318553550619,328.43616756947335
40,1,68.0,0.0,68.0,33.0,0.0,6.517790162835201,57.8370960158723,77.14248905099369,203.318553550619,328.43616756947335
41,1,70.0,0.0,70.0,33.0,0.0,6.517790162835201,57.8370960158723,77.14248905099369,203.318553550619,328.43616756947335
42,2,30.0,0.0,30.0,33.0,0.0,6.198733564091592,58.73195594357536,76.1180774729916,176.61680261270567,344.2499231906745
43,2,32.0,0.0,32.0,33.0,0.0,6.198733564091592,58.73195594357536,76.1180774729916,176.61680261270567,344.2499231906745
44,2,34.0,0.0,34.0,33.0,0.0,6.198733564091592,58.73195594357536,76.1180774729916,176.61680261270567,344.2499231906745
45,2,36.0,0.0,36.0,33.0,0.0,6.198733564091592,58.73195594357536,76.1180774729916,176.61680261270567,344.2499231906745
46,2,38.0,0.0,38.0,33.0,0.0,6.198733564091592,58.73195594357536,76.1180774729916,176.61680261270567,344.2499231906745
47,2,40.0,0.0,40.0,33.0,0.0,6.198733564091592,58.73195594357536,76.1180774729916,176.61680261270567,344.2499231906745
48,2,42.0,0.0,42.0,33.0,0.0,6.198733564091592,58.73195594357536,76.1180774729916,176.61680261270567,344.2499231906745
49,2,44.0,0.0,44.0,33.0,0.0,6.198733564091592,58.73195594357536,76.1180774729916,176.61680261270567,344.2499231906745
50,2,46.0,0.0,46.0,33.0,0.0,6.198733564091592,58.73195594357536,76.1180774729916,176.61680261270567,344.2499231906745
51,2,48.0,0.0,48.0,33.0,0.0,6.198733564091592,58.73195594357536,76.1180774729916,176.61680261270567,344.2499231906745
52,2,50.0,0.0,50.0,33.0,0.0,6.198733564091592,58.73195594357536,76.1180774729916,176.61680261270567,344.2499231906745
53,2,52.0,0.0,52.0,33.0,0.0,6.198733564091592,58.73195594357536,76.1180774729916,176.61680261270567,344.2499231906745
54,2,54.0,0.0,54.0,33.0,0.0,6.198733564091592,58.73195594357536,76.1180774729916,176.61680261270567,344.2499231906745
55,2,56.0,0.0,56.0,33.0,0.0,6.198733564091592,58.73195594357536,76.1180774729916,176.61680261270567,344.2499231906745
56,2,58.0,0.0,58.0,33.0,0.0,6.198733564091592,58.73195594357536,76.1180774729916,176.61680261270567,344.2499231906745
57,2,60.0,0.0,60.0,33.0,0.0,6.198733564091592,58.73195594357536,76.1180774729916,176.61680261270567,344.2499231906745
58,2,62.0,0.0,62.0,33.0,0.0,6.198733564091592,58.73195594357536,76.1180774729916,176.61680261270567,344.2499231906745
59,2,64.0,0.0,64.0,33.0,0.0,6.198733564091592,58.73195594357536,76.1180774729916,176.61680261270567,344.2499231906745
60,2,66.0,0.0,66.0,33.0,0.0,6.198733564091592,58.73195594357536,76.1180774729916,176.61680261270567,344.2499231906745
61,2,68.0,0.0,68.0,33.0,0.0,6.198733564091592,58.73195594357536,76.1180774729916,176.61680261270567,344.2499231906745
62,2,70.0,0.0,70.0,33.0,0.0,6.198733564091592,58.73195594357536,76.1180774729916,176.61680261270567,344.2499231906745
63,3,30.0,0.0,30.0,33.0,0.0,6.182385694085932,58.23823788898923,76.28004238510955,199.74612606815816,339.85681193149924
64,3,32.0,0.0,32.0,33.0,0.0,6.182385694085932,58.23823788898923,76.28004238510955,199.74612606815816,339.85681193149924
65,3,34.0,0.0,34.0,33.0,0.0,6.182385694085932,58.23823788898923,76.28004238510955,199.74612606815816,339.85681193149924
66,3,36.0,0.0,36.0,33.0,0.0,6.182385694085932,58.23823788898923,76.28004238510955,199.74612606815816,339.85681193149924
67,3,38.0,0.0,38.0,33.0,0.0,6.182385694085932,58.23823788898923,76.28004238510955,199.74612606815816,339.85681193149924
68,3,40.0,0.0,40.0,33.0,0.0,6.182385694085932,58.23823788898923,76.28004238510955,199.74612606815816,339.85681193149924
69,3,42.0,0.0,42.0,33.0,0.0,6.182385694085932,58.23823788898923,76.28004238510955,199.74612606815816,339.85681193149924
70,3,44.0,0.0,44.0,33.0,0.0,6.182385694085932,58.23823788898923,76.28004238510955,199.74612606815816,339.85681193149924
71,3,46.0,0.0,46.0,33.0,0.0,6.182385694085932,58.23823788898923,76.28004238510955,199.74612606815816,339.85681193149924
72,3,48.0,0.0,48.0,33.0,0.0,6.182385694085932,58.23823788898923,76.28004238510955,199.74612606815816,339.85681193149924
73,3,50.0,0.0,50.0,33.0,0.0,6.182385694085932,58.23823788898923,76.28004238510955,199.74612606815816,339.85681193149924
74,3,52.0,0.0,52.0,33.0,0.0,6.182385694085932,58.23823788898923,76.28004238510955,199.74612606815816,339.85681193149924
75,3,54.0,0.0,54.0,33.0,0.0,6.182385694085932,58.23823788898923,76.28004238510955,199.74612606815816,339.85681193149924
76,3,56.0,0.0,56.0,33.0,0.0,6.182385694085932,58.23823788898923,76.28004238510955,199.74612606815816,339.85681193149924
77,3,58.0,0.0,58.0,33.0,0.0,6.182385694085932,58.23823788898923,76.28004238510955,199.74612606815816,339.85681193149924
78,3,60.0,0.0,60.0,33.0,0.0,6.182385694085932,58.23823788898923,76.28004238510955,199.74612606815816,339.85681193149924
79,3,62.0,0.0,62.0,33.0,0.0,6.182385694085932,58.23823788898923,76.28004238510955,199.74612606815816,339.85681193149924
80,3,64.0,0.0,64.0,33.0,0.0,6.182385694085932,58.23823788898923,76.28004238510955,199.74612606815816,339.85681193149924
81,3,66.0,0.0,66.0,33.0,0.0,6.182385694085932,58.23823788898923,76.28004238510955,199.74612606815816,339.85681193149924
82,3,68.0,0.0,68.0,33.0,0.0,6.182385694085932,58.23823788898923,76.28004238510955,199.74612606815816,339.85681193149924
83,3,70.0,0.0,70.0,33.0,0.0,6.182385694085932,58.23823788898923,76.28004238510955,199.74612606815816,339.85681193149924
84,4,30.0,0.0,30.0,33.0,0.0,6.6491687718992285,53.14053158123085,81.13914869371567,191.680084668995,315.7229399765114
85,4,32.0,0.0,32.0,33.0,0.0,6.6491687718992285,53.14053158123085,81.13914869371567,191.680084668995,315.7229399765114
86,4,34.0,0.0,34.0,33.0,0.0,6.6491687718992285,53.14053158123085,81.13914869371567,191.680084668995,315.7229399765114
87,4,36.0,0.0,36.0,33.0,0.0,6.6491687718992285,53.14053158123085,81.13914869371567,191.680084668995,315.7229399765114
88,4,38.0,0.0,38.0,33.0,0.0,6.6491687718992285,53.14053158123085,81.13914869371567,191.680084668995,315.7229399765114
89,4,40.0,0.0,40.0,33.0,0.0,6.6491687718992285,53.14053158123085,81.13914869371567,191.680084668995,315.7229399765114
90,4,42.0,0.0,42.0,33.0,0.0,6.6491687718992285,53.14053158123085,81.13914869371567,191.680084668995,315.7229399765114
91,4,44.0,0.0,44.0,33.0,0.0,6.6491687718992285,53.14053158123085,81.13914869371567,191.680084668995,315.7229399765114
92,4,46.0,0.0,46.0,33.0,0.0,6.6491687718992285,53.14053158123085,81.13914869371567,191.680084668995,315.7229399765114
93,4,48.0,0.0,48.0,33.0,0.0,6.6491687718992285,53.14053158123085,81.13914869371567,191.680084668995,315.7229399765114
94,4,50.0,0.0,50.0,33.0,0.0,6.6491687718992285,53.14053158123085,81.13914869371567,191.680084668995,315.7229399765114
95,4,52.0,0.0,52.0,33.0,0.0,6.6491687718992285,53.14053158123085,81.13914869371567,191.680084668995,315.7229399765114
96,4,54.0,0.0,54.0,33.0,0.0,6.6491687718992285,53.14053158123085,81.13914869371567,191.680084668995,315.7229399765114
97,4,56.0,0.0,56.0,33.0,0.0,6.6491687718992285,53.14053158123085,81.13914869371567,191.680084668995,315.7229399765114
98,4,58.0,0.0,58.0,33.0,0.0,6.6491687718992285,53.14053158123085,81.13914869371567,191.680084668995,315.7229399765114
99,4,60.0,0.0,60.0,33.0,0.0,6.6491687718992285,53.14053158123085,81.13914869371567,191.680084668995,315.7229399765114
100,4,62.0,0.0,62.0,33.0,0.0,6.6491687718992285,53.14053158123085,81.13914869371567,191.680084668995,315.7229399765114
101,4,64.0,0.0,64.0,33.0,0.0,6.6491687718992285,53.14053158123085,81.13914869371567,191.680084668995,315.7229399765114
102,4,66.0,0.0,66.0,33.0,0.0,6.6491687718992285,53.14053158123085,81.13914869371567,191.680084668995,315.7229399765114
103,4,68.0,0.0,68.0,33.0,0.0,6.6491687718992285,53.14053158123085,81.13914869371567,191.680084668995,315.7229399765114
104,4,70.0,0.0,70.0,33.0,0.0,6.6491687718992285,53.14053158123085,81.13914869371567,191.680084668995,315.7229399765114
105,5,30.0,0.0,30.0,33.0,0.0,5.915609948108064,49.93975443845254,80.38150637562867,182.0762960989434,353.9067475014657
106,5,32.0,0.0,32.0,33.0,0.0,5.915609948108064,49.93975443845254,80.38150637562867,182.0762960989434,353.9067475014657
107,5,34.0,0.0,34.0,33.0,0.0,5.915609948108064,49.93975443845254,80.38150637562867,182.0762960989434,353.9067475014657
108,5,36.0,0.0,36.0,33.0,0.0,5.915609948108064,49.93975443845254,80.38150637562867,182.0762960989434,353.9067475014657
109,5,38.0,0.0,38.0,33.0,0.0,5.915609948108064,49.93975443845254,80.38150637562867,182.0762960989434,353.9067475014657
110,5,40.0,0.0,40.0,33.0,0.0,5.915609948108064,49.93975443845254,80.38150637562867,182.0762960989434,353.9067475014657
111,5,42.0,0.0,42.0,33.0,0.0,5.915609948108064,49.93975443845254,80.38150637562867,182.0762960989434,353.9067475014657
112,5,44.0,0.0,44.0,33.0,0.0,5.915609948108064,49.93975443845254,80.38150637562867,182.0762960989434,353.9067475014657
113,5,46.0,0.0,46.0,33.0,0.0,5.915609948108064,49.93975443845254,80.38150637562867,182.0762960989434,353.9067475014657
114,5,48.0,0.0,48.0,33.0,0.0,5.915609948108064,49.93975443845254,80.38150637562867,182.0762960989434,353.9067475014657
115,5,50.0,0.0,50.0,33.0,0.0,5.915609948108064,49.93975443845254,80.38150637562867,182.0762960989434,353.9067475014657
116,5,52.0,0.0,52.0,33.0,0.0,5.915609948108064,49.93975443845254,80.38150637562867,182.0762960989434,353.9067475014657
117,5,54.0,0.0,54.0,33.0,0.0,5.915609948108064,49.93975443845254,80.38150637562867,182.0762960989434,353.9067475014657
118,5,56.0,0.0,56.0,33.0,0.0,5.915609948108064,49.93975443845254,80.38150637562867,182.0762960989434,353.9067475014657
119,5,58.0,0.0,58.0,33.0,0.0,5.915609948108064,49.93975443845254,80.38150637562867,182.0762960989434,353.9067475014657
120,5,60.0,0.0,60.0,33.0,0.0,5.915609948108064,49.93975443845254,80.38150637562867,182.0762960989434,353.9067475014657
121,5,62.0,0.0,62.0,33.0,0.0,5.915609948108064,49.93975443845254,80.38150637562867,182.0762960989434,353.9067475014657
122,5,64.0,0.0,64.0,33.0,0.0,5.915609948108064,49.93975443845254,80.38150637562867,182.0762960989434,353.9067475014657
123,5,66.0,0.0,66.0,33.0,0.0,5.915609948108064,49.93975443845254,80.38150637562867,182.0762960989434,353.9067475014657
124,5,68.0,0.0,68.0,33.0,0.0,5.915609948108064,49.93975443845254,80.38150637562867,182.0762960989434,353.9067475014657
125,5,70.0,0.0,70.0,33.0,0.0,5.915609948108064,49.93975443845254,80.38150637562867,182.0762960989434,353.9067475014657
126,6,30.0,0.0,30.0,33.0,0.0,6.353011974501555,53.34692612419699,80.38173631611392,184.55626747039443,358.41684484791404
127,6,32.0,0.0,32.0,33.0,0.0,6.353011974501555,53.34692612419699,80.38173631611392,184.55626747039443,358.41684484791404
128,6,34.0,0.0,34.0,33.0,0.0,6.353011974501555,53.34692612419699,80.38173631611392,184.55626747039443,358.41684484791404
129,6,36.0,0.0,36.0,33.0,0.0,6.353011974501555,53.34692612419699,80.38173631611392,184.55626747039443,358.41684484791404
130,6,38.0,0.0,38.0,33.0,0.0,6.353011974501555,53.34692612419699,80.38173631611392,184.55626747039443,358.41684484791404
131,6,40.0,0.0,40.0,33.0,0.0,6.353011974501555,53.34692612419699,80.38173631611392,184.55626747039443,358.41684484791404
132,6,42.0,0.0,42.0,33.0,0.0,6.353011974501555,53.34692612419699,80.38173631611392,184.55626747039443,358.41684484791404
133,6,44.0,0.0,44.0,33.0,0.0,6.353011974501555,53.34692612419699,80.38173631611392,184.55626747039443,358.41684484791404
134,6,46.0,0.0,46.0,33.0,0.0,6.353011974501555,53.34692612419699,80.38173631611392,184.55626747039443,358.41684484791404
135,6,48.0,0.0,48.0,33.0,0.0,6.353011974501555,53.34692612419699,80.38173631611392,184.55626747039443,358.41684484791404
136,6,50.0,0.0,50.0,33.0,0.0,6.353011974501555,53.34692612419699,80.38173631611392,184.55626747039443,358.41684484791404
137,6,52.0,0.0,52.0,33.0,0.0,6.353011974501555,53.34692612419699,80.38173631611392,184.55626747039443,358.41684484791404
138,6,54.0,0.0,54.0,33.0,0.0,6.353011974501555,53.34692612419699,80.38173631611392,184.55626747039443,358.41684484791404
139,6,56.0,0.0,56.0,33.0,0.0,6.353011974501555,53.34692612419699,80.38173631611392,184.55626747039443,358.41684484791404
140,6,58.0,0.0,58.0,33.0,0.0,6.353011974501555,53.34692612419699,80.38173631611392,184.55626747039443,358.41684484791404
141,6,60.0,0.0,60.0,33.0,0.0,6.353011974501555,53.34692612419699,80.38173631611392,184.55626747039443,358.41684484791404
142,6,62.0,0.0,62.0,33.0,0.0,6.353011974501555,53.34692612419699,80.38173631611392,184.55626747039443,358.41684484791404
143,6,64.0,0.0,64.0,33.0,0.0,6.353011974501555,53.34692612419699,80.38173631611392,184.55626747039443,358.41684484791404
144,6,66.0,0.0,66.0,33.0,0.0,6.353011974501555,53.34692612419699,80.38173631611392,184.55626747039443,358.41684484791404
145,6,68.0,0.0,68.0,33.0,0.0,6.353011974501555,53.34692612419699,80.38173631611392,184.55626747039443,358.41684484791404
146,6,70.0,0.0,70.0,33.0,0.0,6.353011974501555,53.34692612419699,80.38173631611392,184.55626747039443,358.41684484791404
147,7,30.0,0.0,30.0,33.0,0.0,5.8617677778197885,58.9288646724282,74.68352371428034,185.58392749130175,350.09961455206263
148,7,32.0,0.0,32.0,33.0,0.0,5.8617677778197885,58.9288646724282,74.68352371428034,185.58392749130175,350.09961455206263
149,7,34.0,0.0,34.0,33.0,0.0,5.8617677778197885,58.9288646724282,74.68352371428034,185.58392749130175,350.09961455206263
150,7,36.0,0.0,36.0,33.0,0.0,5.8617677778197885,58.9288646724282,74.68352371428034,185.58392749130175,350.09961455206263
151,7,38.0,0.0,38.0,33.0,0.0,5.8617677778197885,58.9288646724282,74.68352371428034,185.58392749130175,350.09961455206263
152,7,40.0,0.0,40.0,33.0,0.0,5.8617677778197885,58.9288646724282,74.68352371428034,185.58392749130175,350.09961455206263
153,7,42.0,0.0,42.0,33.0,0.0,5.8617677778197885,58.9288646724282,74.68352371428034,185.58392749130175,350.09961455206263
154,7,44.0,0.0,44.0,33.0,0.0,5.8617677778197885,58.9288646724282,74.68352371428034,185.58392749130175,350.09961455206263
155,7,46.0,0.0,46.0,33.0,0.0,5.8617677778197885,58.9288646724282,74.68352371428034,185.58392749130175,350.09961455206263
156,7,48.0,0.0,48.0,33.0,0.0,5.8617677778197885,58.9288646724282,74.68352371428034,185.58392749130175,350.09961455206263
157,7,50.0,0.0,50.0,33.0,0.0,5.8617677778197885,58.9288646724282,74.68352371428034,185.58392749130175,350.09961455206263
158,7,52.0,0.0,52.0,33.0,0.0,5.8617677778197885,58.9288646724282,74.68352371428034,185.58392749130175,350.09961455206263
159,7,54.0,0.0,54.0,33.0,0.0,5.8617677778197885,58.9288646724282,74.68352371428034,185.58392749130175,350.09961455206263
160,7,56.0,0.0,56.0,33.0,0.0,5.8617677778197885,58.9288646724282,74.68352371428034,185.58392749130175,350.09961455206263
161,7,58.0,0.0,58.0,33.0,0.0,5.8617677778197885,58.9288646724282,74.68352371428034,185.58392749130175,350.09961455206263
162,7,60.0,0.0,60.0,33.0,0.0,5.8617677778197885,58.9288646724282,74.68352371428034,185.58392749130175,350.09961455206263
163,7,62.0,0.0,62.0,33.0,0.0,5.8617677778197885,58.9288646724282,74.68352371428034,185.58392749130175,350.09961455206263
164,7,64.0,0.0,64.0,33.0,0.0,5.8617677778197885,58.9288646724282,74.68352371428034,185.58392749130175,350.09961455206263
165,7,66.0,0.0,66.0,33.0,0.0,5.8617677778197885,58.9288646724282,74.68352371428034,185.58392749130175,350.09961455206263
166,7,68.0,0.0,68.0,33.0,0.0,5.8617677778197885,58.9288646724282,74.68352371428034,185.58392749130175,350.09961455206263
167,7,70.0,0.0,70.0,33.0,0.0,5.8617677778197885,58.9288646724282,74.68352371428034,185.58392749130175,350.09961455206263
168,8,30.0,0.0,30.0,33.0,0.0,6.97993823384148,53.4734949977607,78.95093861337023,199.90656973872993,352.89788914518596
169,8,32.0,0.0,32.0,33.0,0.0,6.97993823384148,53.4734949977607,78.95093861337023,199.90656973872993,352.89788914518596
170,8,34.0,0.0,34.0,33.0,0.0,6.97993823384148,53.4734949977607,78.95093861337023,199.90656973872993,352.89788914518596
171,8,36.0,0.0,36.0,33.0,0.0,6.97993823384148,53.4734949977607,78.95093861337023,199.90656973872993,352.89788914518596
172,8,38.0,0.0,38.0,33.0,0.0,6.97993823384148,53.4734949977607,78.95093861337023,199.90656973872993,352.89788914518596
173,8,40.0,0.0,40.0,33.0,0.0,6.97993823384148,53.4734949977607,78.95093861337023,199.90656973872993,352.89788914518596
174,8,42.0,0.0,42.0,33.0,0.0,6.97993823384148,53.4734949977607,78.95093861337023,199.90656973872993,352.89788914518596
175,8,44.0,0.0,44.0,33.0,0.0,6.97993823384148,53.4734949977607,78.95093861337023,199.90656973872993,352.89788914518596
176,8,46.0,0.0,46.0,33.0,0.0,6.97993823384148,53.4734949977607,78.95093861337023,199.90656973872993,352.89788914518596
177,8,48.0,0.0,48.0,33.0,0.0,6.97993823384148,53.4734949977607,78.95093861337023,199.90656973872993,352.89788914518596
178,8,50.0,0.0,50.0,33.0,0.0,6.97993823384148,53.4734949977607,78.95093861337023,199.90656973872993,352.89788914518596
179,8,52.0,0.0,52.0,33.0,0.0,6.97993823384148,53.4734949977607,78.95093861337023,199.90656973872993,352.89788914518596
180,8,54.0,0.0,54.0,33.0,0.0,6.97993823384148,53.4734949977607,78.95093861337023,199.90656973872993,352.89788914518596
181,8,56.0,0.0,56.0,33.0,0.0,6.97993823384148,53.4734949977607,78.95093861337023,199.90656973872993,352.89788914518596
182,8,58.0,0.0,58.0,33.0,0.0,6.97993823384148,53.4734949977607,78.95093861337023,199.90656973872993,352.89788914518596
183,8,60.0,0.0,60.0,33.0,0.0,6.97993823384148,53.4734949977607,78.95093861337023,199.90656973872993,352.89788914518596
184,8,62.0,0.0,62.0,33.0,0.0,6.97993823384148,53.4734949977607,78.95093861337023,199.90656973872993,352.89788914518596
185,8,64.0,0.0,64.0,33.0,0.0,6.97993823384148,53.4734949977607,78.95093861337023,199.90656973872993,352.89788914518596
186,8,66.0,0.0,66.0,33.0,0.0,6.97993823384148,53.4734949977607,78.95093861337023,199.90656973872993,352.89788914518596
187,8,68.0,0.0,68.0,33.0,0.0,6.97993823384148,53.4734949977607,78.95093861337023,199.90656973872993,352.89788914518596
188,8,70.0,0.0,70.0,33.0,0.0,6.97993823384148,53.4734949977607,78.95093861337023,199.90656973872993,352.89788914518596
189,9,30.0,0.0,30.0,33.0,0.0,5.918367165778086,51.10933902311384,76.88042819681246,199.71943140803617,343.74297638958535
190,9,32.0,0.0,32.0,33.0,0.0,5.918367165778086,51.10933902311384,76.88042819681246,199.71943140803617,343.74297638958535
191,9,34.0,0.0,34.0,33.0,0.0,5.918367165778086,51.10933902311384,76.88042819681246,199.71943140803617,343.74297638958535
192,9,36.0,0.0,36.0,33.0,0.0,5.918367165778086,51.10933902311384,76.88042819681246,199.71943140803617,343.74297638958535
193,9,38.0,0.0,38.0,33.0,0.0,5.918367165778086,51.10933902311384,76.88042819681246,199.71943140803617,343.74297638958535
194,9,40.0,0.0,40.0,33.0,0.0,5.918367165778086,51.10933902311384,76.88042819681246,199.71943140803617,343.74297638958535
195,9,42.0,0.0,42.0,33.0,0.0,5.918367165778086,51.10933902311384,76.88042819681246,199.71943140803617,343.74297638958535
196,9,44.0,0.0,44.0,33.0,0.0,5.918367165778086,51.10933902311384,76.88042819681246,199.71943140803617,343.74297638958535
197,9,46.0,0.0,46.0,33.0,0.0,5.918367165778086,51.10933902311384,76.88042819681246,199.71943140803617,343.74297638958535
198,9,48.0,0.0,48.0,33.0,0.0,5.918367165778086,51.10933902311384,76.88042819681246,199.71943140803617,343.74297638958535
199,9,50.0,0.0,50.0,33.0,0.0,5.918367165778086,51.10933902311384,76.88042819681246,199.71943140803617,343.74297638958535
200,9,52.0,0.0,52.0,33.0,0.0,5.918367165778086,51.10933902311384,76.88042819681246,199.71943140803617,343.74297638958535
201,9,54.0,0.0,54.0,33.0,0.0,5.918367165778086,51.10933902311384,76.88042819681246,199.71943140803617,343.74297638958535
202,9,56.0,0.0,56.0,33.0,0.0,5.918367165778086,51.10933902311384,76.88042819681246,199.71943140803617,343.74297638958535
203,9,58.0,0.0,58.0,33.0,0.0,5.918367165778086,51.10933902311384,76.88042819681246,199.71943140803617,343.74297638958535
204,9,60.0,0.0,60.0,33.0,0.0,5.918367165778086,51.10933902311384,76.88042819681246,199.71943140803617,343.74297638958535
205,9,62.0,0.0,62.0,33.0,0.0,5.918367165778086,51.10933902311384,76.88042819681246,199.71943140803617,343.74297638958535
206,9,64.0,0.0,64.0,33.0,0.0,5.918367165778086,51.10933902311384,76.88042819681246,199.71943140803617,343.74297638958535
207,9,66.0,0.0,66.0,33.0,0.0,5.918367165778086,51.10933902311384,76.88042819681246,199.71943140803617,343.74297638958535
208,9,68.0,0.0,68.0,33.0,0.0,5.918367165778086,51.10933902311384,76.88042819681246,199.71943140803617,343.74297638958535
209,9,70.0,0.0,70.0,33.0,0.0,5.918367165778086,51.10933902311384,76.88042819681246,199.71943140803617,343.74297638958535
210,10,30.0,0.0,30.0,33.0,0.0,6.075258073591854,50.976485576691,73.88767435642245,208.197622078601,362.60062656899686
211,10,32.0,0.0,32.0,33.0,0.0,6.075258073591854,50.976485576691,73.88767435642245,208.197622078601,362.60062656899686
212,10,34.0,0.0,34.0,33.0,0.0,6.075258073591854,50.976485576691,73.88767435642245,208.197622078601,362.60062656899686
213,10,36.0,0.0,36.0,33.0,0.0,6.075258073591854,50.976485576691,73.88767435642245,208.197622078601,362.60062656899686
214,10,38.0,0.0,38.0,33.0,0.0,6.075258073591854,50.976485576691,73.88767435642245,208.197622078601,362.60062656899686
215,10,40.0,0.0,40.0,33.0,0.0,6.075258073591854,50.976485576691,73.88767435642245,208.197622078601,362.60062656899686
216,10,42.0,0.0,42.0,33.0,0.0,6.075258073591854,50.976485576691,73.88767435642245,208.197622078601,362.60062656899686
217,10,44.0,0.0,44.0,33.0,0.0,6.075258073591854,50.976485576691,73.88767435642245,208.197622078601,362.60062656899686
218,10,46.0,0.0,46.0,33.0,0.0,6.075258073591854,50.976485576691,73.88767435642245,208.197622078601,362.60062656899686
219,10,48.0,0.0,48.0,33.0,0.0,6.075258073591854,50.976485576691,73.88767435642245,208.197622078601,362.60062656899686
220,10,50.0,0.0,50.0,33.0,0.0,6.075258073591854,50.976485576691,73.88767435642245,208.197622078601,362.60062656899686
221,10,52.0,0.0,52.0,33.0,0.0,6.075258073591854,50.976485576691,73.88767435642245,208.197622078601,362.60062656899686
222,10,54.0,0.0,54.0,33.0,0.0,6.075258073591854,50.976485576691,73.88767435642245,208.197622078601,362.60062656899686
223,10,56.0,0.0,56.0,33.0,0.0,6.075258073591854,50.976485576691,73.88767435642245,208.197622078601,362.60062656899686
224,10,58.0,0.0,58.0,33.0,0.0,6.075258073591854,50.976485576691,73.88767435642245,208.197622078601,362.60062656899686
225,10,60.0,0.0,60.0,33.0,0.0,6.075258073591854,50.976485576691,73.88767435642245,208.197622078601,362.60062656899686
226,10,62.0,0.0,62.0,33.0,0.0,6.075258073591854,50.976485576691,73.88767435642245,208.197622078601,362.60062656899686
227,10,64.0,0.0,64.0,33.0,0.0,6.075258073591854,50.976485576691,73.88767435642245,208.197622078601,362.60062656899686
228,10,66.0,0.0,66.0,33.0,0.0,6.075258073591854,50.976485576691,73.88767435642245,208.197622078601,362.60062656899686
229,10,68.0,0.0,68.0,33.0,0.0,6.075258073591854,50.976485576691,73.88767435642245,208.197622078601,362.60062656899686
230,10,70.0,0.0,70.0,33.0,0.0,6.075258073591854,50.976485576691,73.88767435642245,208.197622078601,362.60062656899686
231,11,30.0,0.0,30.0,33.0,0.0,6.667646665751407,55.07904790355941,75.48979776832515,184.1568156922793,347.0602910402188
232,11,32.0,0.0,32.0,33.0,0.0,6.667646665751407,55.07904790355941,75.48979776832515,184.1568156922793,347.0602910402188
233,11,34.0,0.0,34.0,33.0,0.0,6.667646665751407,55.07904790355941,75.48979776832515,184.1568156922793,347.0602910402188
234,11,36.0,0.0,36.0,33.0,0.0,6.667646665751407,55.07904790355941,75.48979776832515,184.1568156922793,347.0602910402188
235,11,38.0,0.0,38.0,33.0,0.0,6.667646665751407,55.07904790355941,75.48979776832515,184.1568156922793,347.0602910402188
236,11,40.0,0.0,40.0,33.0,0.0,6.667646665751407,55.07904790355941,75.48979776832515,184.1568156922793,347.0602910402188
237,11,42.0,0.0,42.0,33.0,0.0,6.667646665751407,55.07904790355941,75.48979776832515,184.1568156922793,347.0602910402188
238,11,44.0,0.0,44.0,33.0,0.0,6.667646665751407,55.07904790355941,75.48979776832515,184.1568156922793,347.0602910402188
239,11,46.0,0.0,46.0,33.0,0.0,6.667646665751407,55.07904790355941,75.48979776832515,184.1568156922793,347.0602910402188
240,11,48.0,0.0,48.0,33.0,0.0,6.667646665751407,55.07904790355941,75.48979776832515,184.1568156922793,347.0602910402188
241,11,50.0,0.0,50.0,33.0,0.0,6.667646665751407,55.07904790355941,75.48979776832515,184.1568156922793,347.0602910402188
242,11,52.0,0.0,52.0,33.0,0.0,6.667646665751407,55.07904790355941,75.48979776832515,184.1568156922793,347.0602910402188
243,11,54.0,0.0,54.0,33.0,0.0,6.667646665751407,55.07904790355941,75.48979776832515,184.1568156922793,347.0602910402188
244,11,56.0,0.0,56.0,33.0,0.0,6.667646665751407,55.07904790355941,75.48979776832515,184.1568156922793,347.0602910402188
245,11,58.0,0.0,58.0,33.0,0.0,6.667646665751407,55.07904790355941,75.48979776832515,184.1568156922793,347.0602910402188
246,11,60.0,0.0,60.0,33.0,0.0,6.667646665751407,55.07904790355941,75.48979776832515,184.1568156922793,347.0602910402188
247,11,62.0,0.0,62.0,33.0,0.0,6.667646665751407,55.07904790355941,75.48979776832515,184.1568156922793,347.0602910402188
248,11,64.0,0.0,64.0,33.0,0.0,6.667646665751407,55.07904790355941,75.48979776832515,184.1568156922793,347.0602910402188
249,11,66.0,0.0,66.0,33.0,0.0,6.667646665751407,55.07904790355941,75.48979776832515,184.1568156922793,347.0602910402188
250,11,68.0,0.0,68.0,33.0,0.0,6.667646665751407,55.07904790355941,75.48979776832515,184.1568156922793,347.0602910402188
251,11,70.0,0.0,70.0,33.0,0.0,6.667646665751407,55.07904790355941,75.48979776832515,184.1568156922793,347.0602910402188
252,12,30.0,0.0,30.0,33.0,0.0,6.718698868070031,51.036149337626306,72.94793129274426,179.07616538136745,320.9270621773474
253,12,32.0,0.0,32.0,33.0,0.0,6.718698868070031,51.036149337626306,72.94793129274426,179.07616538136745,320.9270621773474
254,12,34.0,0.0,34.0,33.0,0.0,6.718698868070031,51.036149337626306,72.94793129274426,179.07616538136745,320.9270621773474
255,12,36.0,0.0,36.0,33.0,0.0,6.718698868070031,51.036149337626306,72.94793129274426,179.07616538136745,320.9270621773474
256,12,38.0,0.0,38.0,33.0,0.0,6.718698868070031,51.036149337626306,72.94793129274426,179.07616538136745,320.9270621773474
257,12,40.0,0.0,40.0,33.0,0.0,6.718698868070031,51.036149337626306,72.94793129274426,179.07616538136745,320.9270621773474
258,12,42.0,0.0,42.0,33.0,0.0,6.718698868070031,51.036149337626306,72.94793129274426,179.07616538136745,320.9270621773474
259,12,44.0,0.0,44.0,33.0,0.0,6.718698868070031,51.036149337626306,72.94793129274426,179.07616538136745,320.9270621773474
260,12,46.0,0.0,46.0,33.0,0.0,6.718698868070031,51.036149337626306,72.94793129274426,179.07616538136745,320.9270621773474
261,12,48.0,0.0,48.0,33.0,0.0,6.718698868070031,51.036149337626306,72.94793129274426,179.07616538136745,320.9270621773474
262,12,50.0,0.0,50.0,33.0,0.0,6.718698868070031,51.036149337626306,72.94793129274426,179.07616538136745,320.9270621773474
263,12,52.0,0.0,52.0,33.0,0.0,6.718698868070031,51.036149337626306,72.94793129274426,179.07616538136745,320.9270621773474
264,12,54.0,0.0,54.0,33.0,0.0,6.718698868070031,51.036149337626306,72.94793129274426,179.07616538136745,320.9270621773474
265,12,56.0,0.0,56.0,33.0,0.0,6.718698868070031,51.036149337626306,72.94793129274426,179.07616538136745,320.9270621773474
266,12,58.0,0.0,58.0,33.0,0.0,6.718698868070031,51.036149337626306,72.94793129274426,179.07616538136745,320.9270621773474
267,12,60.0,0.0,60.0,33.0,0.0,6.718698868070031,51.036149337626306,72.94793129274426,179.07616538136745,320.9270621773474
268,12,62.0,0.0,62.0,33.0,0.0,6.718698868070031,51.036149337626306,72.94793129274426,179.07616538136745,320.9270621773474
269,12,64.0,0.0,64.0,33.0,0.0,6.718698868070031,51.036149337626306,72.94793129274426,179.07616538136745,320.9270621773474
270,12,66.0,0.0,66.0,33.0,0.0,6.718698868070031,51.036149337626306,72.94793129274426,179.07616538136745,320.9270621773474
271,12,68.0,0.0,68.0,33.0,0.0,6.718698868070031,51.036149337626306,72.94793129274426,179.07616538136745,320.9270621773474
272,12,70.0,0.0,70.0,33.0,0.0,6.718698868070031,51.036149337626306,72.94793129274426,179.07616538136745,320.9270621773474
273,13,30.0,0.0,30.0,33.0,0.0,6.100147108630883,60.3147445751287,76.8155499218835,190.77028629455197,316.8657927899978
274,13,32.0,0.0,32.0,33.0,0.0,6.100147108630883,60.3147445751287,76.8155499218835,190.77028629455197,316.8657927899978
275,13,34.0,0.0,34.0,33.0,0.0,6.100147108630883,60.3147445751287,76.8155499218835,190.77028629455197,316.8657927899978
276,13,36.0,0.0,36.0,33.0,0.0,6.100147108630883,60.3147445751287,76.8155499218835,190.77028629455197,316.8657927899978
277,13,38.0,0.0,38.0,33.0,0.0,6.100147108630883,60.3147445751287,76.8155499218835,190.77028629455197,316.8657927899978
278,13,40.0,0.0,40.0,33.0,0.0,6.100147108630883,60.3147445751287,76.8155499218835,190.77028629455197,316.8657927899978
279,13,42.0,0.0,42.0,33.0,0.0,6.100147108630883,60.3147445751287,76.8155499218835,190.77028629455197,316.8657927899978
280,13,44.0,0.0,44.0,33.0,0.0,6.100147108630883,60.3147445751287,76.8155499218835,190.77028629455197,316.8657927899978
281,13,46.0,0.0,46.0,33.0,0.0,6.100147108630883,60.3147445751287,76.8155499218835,190.77028629455197,316.8657927899978
282,13,48.0,0.0,48.0,33.0,0.0,6.100147108630883,60.3147445751287,76.8155499218835,190.77028629455197,316.8657927899978
283,13,50.0,0.0,50.0,33.0,0.0,6.100147108630883,60.3147445751287,76.8155499218835,190.77028629455197,316.8657927899978
284,13,52.0,0.0,52.0,33.0,0.0,6.100147108630883,60.3147445751287,76.8155499218835,190.77028629455197,316.8657927899978
285,13,54.0,0.0,54.0,33.0,0.0,6.100147108630883,60.3147445751287,76.8155499218835,190.77028629455197,316.8657927899978
286,13,56.0,0.0,56.0,33.0,0.0,6.100147108630883,60.3147445751287,76.8155499218835,190.77028629455197,316.8657927899978
287,13,58.0,0.0,58.0,33.0,0.0,6.100147108630883,60.3147445751287,76.8155499218835,190.77028629455197,316.8657927899978
288,13,60.0,0.0,60.0,33.0,0.0,6.100147108630883,60.3147445751287,76.8155499218835,190.77028629455197,316.8657927899978
289,13,62.0,0.0,62.0,33.0,0.0,6.100147108630883,60.3147445751287,76.8155499218835,190.77028629455197,316.8657927899978
290,13,64.0,0.0,64.0,33.0,0.0,6.100147108630883,60.3147445751287,76.8155499218835,190.77028629455197,316.8657927899978
291,13,66.0,0.0,66.0,33.0,0.0,6.100147108630883,60.3147445751287,76.8155499218835,190.77028629455197,316.8657927899978
292,13,68.0,0.0,68.0,33.0,0.0,6.100147108630883,60.3147445751287,76.8155499218835,190.77028629455197,316.8657927899978
293,13,70.0,0.0,70.0,33.0,0.0,6.100147108630883,60.3147445751287,76.8155499218835,190.77028629455197,316.8657927899978
294,14,30.0,0.0,30.0,33.0,0.0,5.987444497980654,55.33354031449045,72.90873125015217,176.43230547321397,299.20025774517
295,14,32.0,0.0,32.0,33.0,0.0,5.987444497980654,55.33354031449045,72.90873125015217,176.43230547321397,299.20025774517
296,14,34.0,0.0,34.0,33.0,0.0,5.987444497980654,55.33354031449045,72.90873125015217,176.43230547321397,299.20025774517
297,14,36.0,0.0,36.0,33.0,0.0,5.987444497980654,55.33354031449045,72.90873125015217,176.43230547321397,299.20025774517
298,14,38.0,0.0,38.0,33.0,0.0,5.987444497980654,55.33354031449045,72.90873125015217,176.43230547321397,299.20025774517
299,14,40.0,0.0,40.0,33.0,0.0,5.987444497980654,55.33354031449045,72.90873125015217,176.43230547321397,299.20025774517
300,14,42.0,0.0,42.0,33.0,0.0,5.987444497980654,55.33354031449045,72.90873125015217,176.43230547321397,299.20025774517
301,14,44.0,0.0,44.0,33.0,0.0,5.987444497980654,55.33354031449045,72.90873125015217,176.43230547321397,299.20025774517
302,14,46.0,0.0,46.0,33.0,0.0,5.987444497980654,55.33354031449045,72.90873125015217,176.43230547321397,299.20025774517
303,14,48.0,0.0,48.0,33.0,0.0,5.987444497980654,55.33354031449045,72.90873125015217,176.43230547321397,299.20025774517
304,14,50.0,0.0,50.0,33.0,0.0,5.987444497980654,55.33354031449045,72.90873125015217,176.43230547321397,299.20025774517
305,14,52.0,0.0,52.0,33.0,0.0,5.987444497980654,55.33354031449045,72.90873125015217,176.43230547321397,299.20025774517
306,14,54.0,0.0,54.0,33.0,0.0,5.987444497980654,55.33354031449045,72.90873125015217,176.43230547321397,299.20025774517
307,14,56.0,0.0,56.0,33.0,0.0,5.987444497980654,55.33354031449045,72.90873125015217,176.43230547321397,299.20025774517
308,14,58.0,0.0,58.0,33.0,0.0,5.987444497980654,55.33354031449045,72.90873125015217,176.43230547321397,299.20025774517
309,14,60.0,0.0,60.0,33.0,0.0,5.987444497980654,55.33354031449045,72.90873125015217,176.43230547321397,299.20025774517
310,14,62.0,0.0,62.0,33.0,0.0,5.987444497980654,55.33354031449045,72.90873125015217,176.43230547321397,299.20025774517
311,14,64.0,0.0,64.0,33.0,0.0,5.987444497980654,55.33354031449045,72.90873125015217,176.43230547321397,299.20025774517
312,14,66.0,0.0,66.0,33.0,0.0,5.987444497980654,55.33354031449045,72.90873125015217,176.43230547321397,299.20025774517
313,14,68.0,0.0,68.0,33.0,0.0,5.987444497980654,55.33354031449045,72.90873125015217,176.43230547321397,299.20025774517
314,14,70.0,0.0,70.0,33.0,0.0,5.987444497980654,55.33354031449045,72.90873125015217,176.43230547321397,299.20025774517
315,15,30.0,0.0,30.0,33.0,0.0,5.8631305825795215,60.3047101026094,70.03570164624558,199.469826895649,309.7192896126882
316,15,32.0,0.0,32.0,33.0,0.0,5.8631305825795215,60.3047101026094,70.03570164624558,199.469826895649,309.7192896126882
317,15,34.0,0.0,34.0,33.0,0.0,5.8631305825795215,60.3047101026094,70.03570164624558,199.469826895649,309.7192896126882
318,15,36.0,0.0,36.0,33.0,0.0,5.8631305825795215,60.3047101026094,70.03570164624558,199.469826895649,309.7192896126882
319,15,38.0,0.0,38.0,33.0,0.0,5.8631305825795215,60.3047101026094,70.03570164624558,199.469826895649,309.7192896126882
320,15,40.0,0.0,40.0,33.0,0.0,5.8631305825795215,60.3047101026094,70.03570164624558,199.469826895649,309.7192896126882
321,15,42.0,0.0,42.0,33.0,0.0,5.8631305825795215,60.3047101026094,70.03570164624558,199.469826895649,309.7192896126882
322,15,44.0,0.0,44.0,33.0,0.0,5.8631305825795215,60.3047101026094,70.03570164624558,199.469826895649,309.7192896126882
323,15,46.0,0.0,46.0,33.0,0.0,5.8631305825795215,60.3047101026094,70.03570164624558,199.469826895649,309.7192896126882
324,15,48.0,0.0,48.0,33.0,0.0,5.8631305825795215,60.3047101026094,70.03570164624558,199.469826895649,309.7192896126882
325,15,50.0,0.0,50.0,33.0,0.0,5.8631305825795215,60.3047101026094,70.03570164624558,199.469826895649,309.7192896126882
326,15,52.0,0.0,52.0,33.0,0.0,5.8631305825795215,60.3047101026094,70.03570164624558,199.469826895649,309.7192896126882
327,15,54.0,0.0,54.0,33.0,0.0,5.8631305825795215,60.3047101026094,70.03570164624558,199.469826895649,309.7192896126882
328,15,56.0,0.0,56.0,33.0,0.0,5.8631305825795215,60.3047101026094,70.03570164624558,199.469826895649,309.7192896126882
329,15,58.0,0.0,58.0,33.0,0.0,5.8631305825795215,60.3047101026094,70.03570164624558,199.469826895649,309.7192896126882
330,15,60.0,0.0,60.0,33.0,0.0,5.8631305825795215,60.3047101026094,70.03570164624558,199.469826895649,309.7192896126882
331,15,62.0,0.0,62.0,33.0,0.0,5.8631305825795215,60.3047101026094,70.03570164624558,199.469826895649,309.7192896126882
332,15,64.0,0.0,64.0,33.0,0.0,5.8631305825795215,60.3047101026094,70.03570164624558,199.469826895649,309.7192896126882
333,15,66.0,0.0,66.0,33.0,0.0,5.8631305825795215,60.3047101026094,70.03570164624558,199.469826895649,309.7192896126882
334,15,68.0,0.0,68.0,33.0,0.0,5.8631305825795215,60.3047101026094,70.03570164624558,199.469826895649,309.7192896126882
335,15,70.0,0.0,70.0,33.0,0.0,5.8631305825795215,60.3047101026094,70.03570164624558,199.469826895649,309.7192896126882
336,16,30.0,0.0,30.0,33.0,0.0,6.482497073063638,59.25874834329662,77.98786339093634,202.8844639301739,307.41213691847094
337,16,32.0,0.0,32.0,33.0,0.0,6.482497073063638,59.25874834329662,77.98786339093634,202.8844639301739,307.41213691847094
338,16,34.0,0.0,34.0,33.0,0.0,6.482497073063638,59.25874834329662,77.98786339093634,202.8844639301739,307.41213691847094
339,16,36.0,0.0,36.0,33.0,0.0,6.482497073063638,59.25874834329662,77.98786339093634,202.8844639301739,307.41213691847094
340,16,38.0,0.0,38.0,33.0,0.0,6.482497073063638,59.25874834329662,77.98786339093634,202.8844639301739,307.41213691847094
341,16,40.0,0.0,40.0,33.0,0.0,6.482497073063638,59.25874834329662,77.98786339093634,202.8844639301739,307.41213691847094
342,16,42.0,0.0,42.0,33.0,0.0,6.482497073063638,59.25874834329662,77.98786339093634,202.8844639301739,307.41213691847094
343,16,44.0,0.0,44.0,33.0,0.0,6.482497073063638,59.25874834329662,77.98786339093634,202.8844639301739,307.41213691847094
344,16,46.0,0.0,46.0,33.0,0.0,6.482497073063638,59.25874834329662,77.98786339093634,202.8844639301739,307.41213691847094
345,16,48.0,0.0,48.0,33.0,0.0,6.482497073063638,59.25874834329662,77.98786339093634,202.8844639301739,307.41213691847094
346,16,50.0,0.0,50.0,33.0,0.0,6.482497073063638,59.25874834329662,77.98786339093634,202.8844639301739,307.41213691847094
347,16,52.0,0.0,52.0,33.0,0.0,6.482497073063638,59.25874834329662,77.98786339093634,202.8844639301739,307.41213691847094
348,16,54.0,0.0,54.0,33.0,0.0,6.482497073063638,59.25874834329662,77.98786339093634,202.8844639301739,307.41213691847094
349,16,56.0,0.0,56.0,33.0,0.0,6.482497073063638,59.25874834329662,77.98786339093634,202.8844639301739,307.41213691847094
350,16,58.0,0.0,58.0,33.0,0.0,6.482497073063638,59.25874834329662,77.98786339093634,202.8844639301739,307.41213691847094
351,16,60.0,0.0,60.0,33.0,0.0,6.482497073063638,59.25874834329662,77.98786339093634,202.8844639301739,307.41213691847094
352,16,62.0,0.0,62.0,33.0,0.0,6.482497073063638,59.25874834329662,77.98786339093634,202.8844639301739,307.41213691847094
353,16,64.0,0.0,64.0,33.0,0.0,6.482497073063638,59.25874834329662,77.98786339093634,202.8844639301739,307.41213691847094
354,16,66.0,0.0,66.0,33.0,0.0,6.482497073063638,59.25874834329662,77.98786339093634,202.8844639301739,307.41213691847094
355,16,68.0,0.0,68.0,33.0,0.0,6.482497073063638,59.25874834329662,77.98786339093634,202.8844639301739,307.41213691847094
356,16,70.0,0.0,70.0,33.0,0.0,6.482497073063638,59.25874834329662,77.98786339093634,202.8844639301739,307.41213691847094
357,17,30.0,0.0,30.0,33.0,0.0,6.124478376745278,55.743856093883686,81.08974930965505,205.61454429896685,342.0997838847778
358,17,32.0,0.0,32.0,33.0,0.0,6.124478376745278,55.743856093883686,81.08974930965505,205.61454429896685,342.0997838847778
359,17,34.0,0.0,34.0,33.0,0.0,6.124478376745278,55.743856093883686,81.08974930965505,205.61454429896685,342.0997838847778
360,17,36.0,0.0,36.0,33.0,0.0,6.124478376745278,55.743856093883686,81.08974930965505,205.61454429896685,342.0997838847778
361,17,38.0,0.0,38.0,33.0,0.0,6.124478376745278,55.743856093883686,81.08974930965505,205.61454429896685,342.0997838847778
362,17,40.0,0.0,40.0,33.0,0.0,6.124478376745278,55.743856093883686,81.08974930965505,205.61454429896685,342.0997838847778
363,17,42.0,0.0,42.0,33.0,0.0,6.124478376745278,55.743856093883686,81.08974930965505,205.61454429896685,342.0997838847778
364,17,44.0,0.0,44.0,33.0,0.0,6.124478376745278,55.743856093883686,81.08974930965505,205.61454429896685,342.0997838847778
365,17,46.0,0.0,46.0,33.0,0.0,6.124478376745278,55.743856093883686,81.08974930965505,205.61454429896685,342.0997838847778
366,17,48.0,0.0,48.0,33.0,0.0,6.124478376745278,55.743856093883686,81.08974930965505,205.61454429896685,342.0997838847778
367,17,50.0,0.0,50.0,33.0,0.0,6.124478376745278,55.743856093883686,81.08974930965505,205.61454429896685,342.0997838847778
368,17,52.0,0.0,52.0,33.0,0.0,6.124478376745278,55.743856093883686,81.08974930965505,205.61454429896685,342.0997838847778
369,17,54.0,0.0,54.0,33.0,0.0,6.124478376745278,55.743856093883686,81.08974930965505,205.61454429896685,342.0997838847778
370,17,56.0,0.0,56.0,33.0,0.0,6.124478376745278,55.743856093883686,81.08974930965505,205.61454429896685,342.0997838847778
371,17,58.0,0.0,58.0,33.0,0.0,6.124478376745278,55.743856093883686,81.08974930965505,205.61454429896685,342.0997838847778
372,17,60.0,0.0,60.0,33.0,0.0,6.124478376745278,55.743856093883686,81.08974930965505,205.61454429896685,342.0997838847778
373,17,62.0,0.0,62.0,33.0,0.0,6.124478376745278,55.743856093883686,81.08974930965505,205.61454429896685,342.0997838847778
374,17,64.0,0.0,64.0,33.0,0.0,6.124478376745278,55.743856093883686,81.08974930965505,205.61454429896685,342.0997838847778
375,17,66.0,0.0,66.0,33.0,0.0,6.124478376745278,55.743856093883686,81.08974930965505,205.61454429896685,342.0997838847778
376,17,68.0,0.0,68.0,33.0,0.0,6.124478376745278,55.743856093883686,81.08974930965505,205.61454429896685,342.0997838847778
377,17,70.0,0.0,70.0,33.0,0.0,6.124478376745278,55.743856093883686,81.08974930965505,205.61454429896685,342.0997838847778
378,18,30.0,0.0,30.0,33.0,0.0,6.983598374661362,56.50498644456736,73.49377318939081,176.62941408969317,308.11878118690504
379,18,32.0,0.0,32.0,33.0,0.0,6.983598374661362,56.50498644456736,73.49377318939081,176.62941408969317,308.11878118690504
380,18,34.0,0.0,34.0,33.0,0.0,6.983598374661362,56.50498644456736,73.49377318939081,176.62941408969317,308.11878118690504
381,18,36.0,0.0,36.0,33.0,0.0,6.983598374661362,56.50498644456736,73.49377318939081,176.62941408969317,308.11878118690504
382,18,38.0,0.0,38.0,33.0,0.0,6.983598374661362,56.50498644456736,73.49377318939081,176.62941408969317,308.11878118690504
383,18,40.0,0.0,40.0,33.0,0.0,6.983598374661362,56.50498644456736,73.49377318939081,176.62941408969317,308.11878118690504
384,18,42.0,0.0,42.0,33.0,0.0,6.983598374661362,56.50498644456736,73.49377318939081,176.62941408969317,308.11878118690504
385,18,44.0,0.0,44.0,33.0,0.0,6.983598374661362,56.50498644456736,73.49377318939081,176.62941408969317,308.11878118690504
386,18,46.0,0.0,46.0,33.0,0.0,6.983598374661362,56.50498644456736,73.49377318939081,176.62941408969317,308.11878118690504
387,18,48.0,0.0,48.0,33.0,0.0,6.983598374661362,56.50498644456736,73.49377318939081,176.62941408969317,308.11878118690504
388,18,50.0,0.0,50.0,33.0,0.0,6.983598374661362,56.50498644456736,73.49377318939081,176.62941408969317,308.11878118690504
389,18,52.0,0.0,52.0,33.0,0.0,6.983598374661362,56.50498644456736,73.49377318939081,176.62941408969317,308.11878118690504
390,18,54.0,0.0,54.0,33.0,0.0,6.983598374661362,56.50498644456736,73.49377318939081,176.62941408969317,308.11878118690504
391,18,56.0,0.0,56.0,33.0,0.0,6.983598374661362,56.50498644456736,73.49377318939081,176.62941408969317,308.11878118690504
392,18,58.0,0.0,58.0,33.0,0.0,6.983598374661362,56.50498644456736,73.49377318939081,176.62941408969317,308.11878118690504
393,18,60.0,0.0,60.0,33.0,0.0,6.983598374661362,56.50498644456736,73.49377318939081,176.62941408969317,308.11878118690504
394,18,62.0,0.0,62.0,33.0,0.0,6.983598374661362,56.50498644456736,73.49377318939081,176.62941408969317,308.11878118690504
395,18,64.0,0.0,64.0,33.0,0.0,6.983598374661362,56.50498644456736,73.49377318939081,176.62941408969317,308.11878118690504
396,18,66.0,0.0,66.0,33.0,0.0,6.983598374661362,56.50498644456736,73.49377318939081,176.62941408969317,308.11878118690504
397,18,68.0,0.0,68.0,33.0,0.0,6.983598374661362,56.50498644456736,73.49377318939081,176.62941408969317,308.11878118690504
398,18,70.0,0.0,70.0,33.0,0.0,6.983598374661362,56.50498644456736,73.49377318939081,176.62941408969317,308.11878118690504
399,19,30.0,0.0,30.0,33.0,0.0,6.113006771632049,59.62299027331587,83.70446334494119,179.9491920789113,344.62162871574765
400,19,32.0,0.0,32.0,33.0,0.0,6.113006771632049,59.62299027331587,83.70446334494119,179.9491920789113,344.62162871574765
401,19,34.0,0.0,34.0,33.0,0.0,6.113006771632049,59.62299027331587,83.70446334494119,179.9491920789113,344.62162871574765
402,19,36.0,0.0,36.0,33.0,0.0,6.113006771632049,59.62299027331587,83.70446334494119,179.9491920789113,344.62162871574765
403,19,38.0,0.0,38.0,33.0,0.0,6.113006771632049,59.62299027331587,83.70446334494119,179.9491920789113,344.62162871574765
404,19,40.0,0.0,40.0,33.0,0.0,6.113006771632049,59.62299027331587,83.70446334494119,179.9491920789113,344.62162871574765
405,19,42.0,0.0,42.0,33.0,0.0,6.113006771632049,59.62299027331587,83.70446334494119,179.9491920789113,344.62162871574765
406,19,44.0,0.0,44.0,33.0,0.0,6.113006771632049,59.62299027331587,83.70446334494119,179.9491920789113,344.62162871574765
407,19,46.0,0.0,46.0,33.0,0.0,6.113006771632049,59.62299027331587,83.70446334494119,179.9491920789113,344.62162871574765
408,19,48.0,0.0,48.0,33.0,0.0,6.113006771632049,59.62299027331587,83.70446334494119,179.9491920789113,344.62162871574765
409,19,50.0,0.0,50.0,33.0,0.0,6.113006771632049,59.62299027331587,83.70446334494119,179.9491920789113,344.62162871574765
410,19,52.0,0.0,52.0,33.0,0.0,6.113006771632049,59.62299027331587,83.70446334494119,179.9491920789113,344.62162871574765
411,19,54.0,0.0,54.0,33.0,0.0,6.113006771632049,59.62299027331587,83.70446334494119,179.9491920789113,344.62162871574765
412,19,56.0,0.0,56.0,33.0,0.0,6.113006771632049,59.62299027331587,83.70446334494119,179.9491920789113,344.62162871574765
413,19,58.0,0.0,58.0,33.0,0.0,6.113006771632049,59.62299027331587,83.70446334494119,179.9491920789113,344.62162871574765
414,19,60.0,0.0,60.0,33.0,0.0,6.113006771632049,59.62299027331587,83.70446334494119,179.9491920789113,344.62162871574765
415,19,62.0,0.0,62.0,33.0,0.0,6.113006771632049,59.62299027331587,83.70446334494119,179.9491920789113,344.62162871574765
416,19,64.0,0.0,64.0,33.0,0.0,6.113006771632049,59.62299027331587,83.70446334494119,179.9491920789113,344.62162871574765
417,19,66.0,0.0,66.0,33.0,0.0,6.113006771632049,59.62299027331587,83.70446334494119,179.9491920789113,344.62162871574765
418,19,68.0,0.0,68.0,33.0,0.0,6.113006771632049,59.62299027331587,83.70446334494119,179.9491920789113,344.62162871574765
419,19,70.0,0.0,70.0,33.0,0.0,6.113006771632049,59.62299027331587,83.70446334494119,179.9491920789113,344.62162871574765
420,20,30.0,0.0,30.0,33.0,0.0,6.5149784004475215,54.76519341665386,73.57333914108013,213.35254708379142,298.6074206575678
421,20,32.0,0.0,32.0,33.0,0.0,6.5149784004475215,54.76519341665386,73.57333914108013,213.35254708379142,298.6074206575678
422,20,34.0,0.0,34.0,33.0,0.0,6.5149784004475215,54.76519341665386,73.57333914108013,213.35254708379142,298.6074206575678
423,20,36.0,0.0,36.0,33.0,0.0,6.5149784004475215,54.76519341665386,73.57333914108013,213.35254708379142,298.6074206575678
424,20,38.0,0.0,38.0,33.0,0.0,6.5149784004475215,54.76519341665386,73.57333914108013,213.35254708379142,298.6074206575678
425,20,40.0,0.0,40.0,33.0,0.0,6.5149784004475215,54.76519341665386,73.57333914108013,213.35254708379142,298.6074206575678
426,20,42.0,0.0,42.0,33.0,0.0,6.5149784004475215,54.76519341665386,73.57333914108013,213.35254708379142,298.6074206575678
427,20,44.0,0.0,44.0,33.0,0.0,6.5149784004475215,54.76519341665386,73.57333914108013,213.35254708379142,298.6074206575678
428,20,46.0,0.0,46.0,33.0,0.0,6.5149784004475215,54.76519341665386,73.57333914108013,213.35254708379142,298.6074206575678
429,20,48.0,0.0,48.0,33.0,0.0,6.5149784004475215,54.76519341665386,73.57333914108013,213.35254708379142,298.6074206575678
430,20,50.0,0.0,50.0,33.0,0.0,6.5149784004475215,54.76519341665386,73.57333914108013,213.35254708379142,298.6074206575678
431,20,52.0,0.0,52.0,33.0,0.0,6.5149784004475215,54.76519341665386,73.57333914108013,213.35254708379142,298.6074206575678
432,20,54.0,0.0,54.0,33.0,0.0,6.5149784004475215,54.76519341665386,73.57333914108013,213.35254708379142,298.6074206575678
433,20,56.0,0.0,56.0,33.0,0.0,6.5149784004475215,54.76519341665386,73.57333914108013,213.35254708379142,298.6074206575678
434,20,58.0,0.0,58.0,33.0,0.0,6.5149784004475215,54.76519341665386,73.57333914108013,213.35254708379142,298.6074206575678
435,20,60.0,0.0,60.0,33.0,0.0,6.5149784004475215,54.76519341665386,73.57333914108013,213.35254708379142,298.6074206575678
436,20,62.0,0.0,62.0,33.0,0.0,6.5149784004475215,54.76519341665386,73.57333914108013,213.35254708379142,298.6074206575678
437,20,64.0,0.0,64.0,33.0,0.0,6.5149784004475215,54.76519341665386,73.57333914108013,213.35254708379142,298.6074206575678
438,20,66.0,0.0,66.0,33.0,0.0,6.5149784004475215,54.76519341665386,73.57333914108013,213.35254708379142,298.6074206575678
439,20,68.0,0.0,68.0,33.0,0.0,6.5149784004475215,54.76519341665386,73.57333914108013,213.35254708379142,298.6074206575678
440,20,70.0,0.0,70.0,33.0,0.0,6.5149784004475215,54.76519341665386,73.57333914108013,213.35254708379142,298.6074206575678
441,21,30.0,0.0,30.0,33.0,0.0,6.114165093677328,58.03548895297483,78.45002548722984,181.468790517403,334.8317919196957
442,21,32.0,0.0,32.0,33.0,0.0,6.114165093677328,58.03548895297483,78.45002548722984,181.468790517403,334.8317919196957
443,21,34.0,0.0,34.0,33.0,0.0,6.114165093677328,58.03548895297483,78.45002548722984,181.468790517403,334.8317919196957
444,21,36.0,0.0,36.0,33.0,0.0,6.114165093677328,58.03548895297483,78.45002548722984,181.468790517403,334.8317919196957
445,21,38.0,0.0,38.0,33.0,0.0,6.114165093677328,58.03548895297483,78.45002548722984,181.468790517403,334.8317919196957
446,21,40.0,0.0,40.0,33.0,0.0,6.114165093677328,58.03548895297483,78.45002548722984,181.468790517403,334.8317919196957
447,21,42.0,0.0,42.0,33.0,0.0,6.114165093677328,58.03548895297483,78.45002548722984,181.468790517403,334.8317919196957
448,21,44.0,0.0,44.0,33.0,0.0,6.114165093677328,58.03548895297483,78.45002548722984,181.468790517403,334.8317919196957
449,21,46.0,0.0,46.0,33.0,0.0,6.114165093677328,58.03548895297483,78.45002548722984,181.468790517403,334.8317919196957
450,21,48.0,0.0,48.0,33.0,0.0,6.114165093677328,58.03548895297483,78.45002548722984,181.468790517403,334.8317919196957
451,21,50.0,0.0,50.0,33.0,0.0,6.114165093677328,58.03548895297483,78.45002548722984,181.468790517403,334.8317919196957
452,21,52.0,0.0,52.0,33.0,0.0,6.114165093677328,58.03548895297483,78.45002548722984,181.468790517403,334.8317919196957
453,21,54.0,0.0,54.0,33.0,0.0,6.114165093677328,58.03548895297483,78.45002548722984,181.468790517403,334.8317919196957
454,21,56.0,0.0,56.0,33.0,0.0,6.114165093677328,58.03548895297483,78.45002548722984,181.468790517403,334.8317919196957
455,21,58.0,0.0,58.0,33.0,0.0,6.114165093677328,58.03548895297483,78.45002548722984,181.468790517403,334.8317919196957
456,21,60.0,0.0,60.0,33.0,0.0,6.114165093677328,58.03548895297483,78.45002548722984,181.468790517403,334.8317919196957
457,21,62.0,0.0,62.0,33.0,0.0,6.114165093677328,58.03548895297483,78.45002548722984,181.468790517403,334.8317919196957
458,21,64.0,0.0,64.0,33.0,0.0,6.114165093677328,58.03548895297483,78.45002548722984,181.468790517403,334.8317919196957
459,21,66.0,0.0,66.0,33.0,0.0,6.114165093677328,58.03548895297483,78.45002548722984,181.468790517403,334.8317919196957
460,21,68.0,0.0,68.0,33.0,0.0,6.114165093677328,58.03548895297483,78.45002548722984,181.468790517403,334.8317919196957
461,21,70.0,0.0,70.0,33.0,0.0,6.114165093677328,58.03548895297483,78.45002548722984,181.468790517403,334.8317919196957
462,22,30.0,0.0,30.0,33.0,0.0,6.52467168673503,55.428010576752804,82.64558478020236,180.0109704493674,326.6754214932342
463,22,32.0,0.0,32.0,33.0,0.0,6.52467168673503,55.428010576752804,82.64558478020236,180.0109704493674,326.6754214932342
464,22,34.0,0.0,34.0,33.0,0.0,6.52467168673503,55.428010576752804,82.64558478020236,180.0109704493674,326.6754214932342
465,22,36.0,0.0,36.0,33.0,0.0,6.52467168673503,55.428010576752804,82.64558478020236,180.0109704493674,326.6754214932342
466,22,38.0,0.0,38.0,33.0,0.0,6.52467168673503,55.428010576752804,82.64558478020236,180.0109704493674,326.6754214932342
467,22,40.0,0.0,40.0,33.0,0.0,6.52467168673503,55.428010576752804,82.64558478020236,180.0109704493674,326.6754214932342
468,22,42.0,0.0,42.0,33.0,0.0,6.52467168673503,55.428010576752804,82.64558478020236,180.0109704493674,326.6754214932342
469,22,44.0,0.0,44.0,33.0,0.0,6.52467168673503,55.428010576752804,82.64558478020236,180.0109704493674,326.6754214932342
470,22,46.0,0.0,46.0,33.0,0.0,6.52467168673503,55.428010576752804,82.64558478020236,180.0109704493674,326.6754214932342
471,22,48.0,0.0,48.0,33.0,0.0,6.52467168673503,55.428010576752804,82.64558478020236,180.0109704493674,326.6754214932342
472,22,50.0,0.0,50.0,33.0,0.0,6.52467168673503,55.428010576752804,82.64558478020236,180.0109704493674,326.6754214932342
473,22,52.0,0.0,52.0,33.0,0.0,6.52467168673503,55.428010576752804,82.64558478020236,180.0109704493674,326.6754214932342
474,22,54.0,0.0,54.0,33.0,0.0,6.52467168673503,55.428010576752804,82.64558478020236,180.0109704493674,326.6754214932342
475,22,56.0,0.0,56.0,33.0,0.0,6.52467168673503,55.428010576752804,82.64558478020236,180.0109704493674,326.6754214932342
476,22,58.0,0.0,58.0,33.0,0.0,6.52467168673503,55.428010576752804,82.64558478020236,180.0109704493674,326.6754214932342
477,22,60.0,0.0,60.0,33.0,0.0,6.52467168673503,55.428010576752804,82.64558478020236,180.0109704493674,326.6754214932342
478,22,62.0,0.0,62.0,33.0,0.0,6.52467168673503,55.428010576752804,82.64558478020236,180.0109704493674,326.6754214932342
479,22,64.0,0.0,64.0,33.0,0.0,6.52467168673503,55.428010576752804,82.64558478020236,180.0109704493674,326.6754214932342
480,22,66.0,0.0,66.0,33.0,0.0,6.52467168673503,55.428010576752804,82.64558478020236,180.0109704493674,326.6754214932342
481,22,68.0,0.0,68.0,33.0,0.0,6.52467168673503,55.428010576752804,82.64558478020236,180.0109704493674,326.6754214932342
482,22,70.0,0.0,70.0,33.0,0.0,6.52467168673503,55.428010576752804,82.64558478020236,180.0109704493674,326.6754214932342
483,23,30.0,0.0,30.0,33.0,0.0,6.554606930699041,56.207579626990785,81.04514950872873,203.1269320881665,307.24590629668035
484,23,32.0,0.0,32.0,33.0,0.0,6.554606930699041,56.207579626990785,81.04514950872873,203.1269320881665,307.24590629668035
485,23,34.0,0.0,34.0,33.0,0.0,6.554606930699041,56.207579626990785,81.04514950872873,203.1269320881665,307.24590629668035
486,23,36.0,0.0,36.0,33.0,0.0,6.554606930699041,56.207579626990785,81.04514950872873,203.1269320881665,307.24590629668035
487,23,38.0,0.0,38.0,33.0,0.0,6.554606930699041,56.207579626990785,81.04514950872873,203.1269320881665,307.24590629668035
488,23,40.0,0.0,40.0,33.0,0.0,6.554606930699041,56.207579626990785,81.04514950872873,203.1269320881665,307.24590629668035
489,23,42.0,0.0,42.0,33.0,0.0,6.554606930699041,56.207579626990785,81.04514950872873,203.1269320881665,307.24590629668035
490,23,44.0,0.0,44.0,33.0,0.0,6.554606930699041,56.207579626990785,81.04514950872873,203.1269320881665,307.24590629668035
491,23,46.0,0.0,46.0,33.0,0.0,6.554606930699041,56.207579626990785,81.04514950872873,203.1269320881665,307.24590629668035
492,23,48.0,0.0,48.0,33.0,0.0,6.554606930699041,56.207579626990785,81.04514950872873,203.1269320881665,307.24590629668035
493,23,50.0,0.0,50.0,33.0,0.0,6.554606930699041,56.207579626990785,81.04514950872873,203.1269320881665,307.24590629668035
494,23,52.0,0.0,52.0,33.0,0.0,6.554606930699041,56.207579626990785,81.04514950872873,203.1269320881665,307.24590629668035
495,23,54.0,0.0,54.0,33.0,0.0,6.554606930699041,56.207579626990785,81.04514950872873,203.1269320881665,307.24590629668035
496,23,56.0,0.0,56.0,33.0,0.0,6.554606930699041,56.207579626990785,81.04514950872873,203.1269320881665,307.24590629668035
497,23,58.0,0.0,58.0,33.0,0.0,6.554606930699041,56.207579626990785,81.04514950872873,203.1269320881665,307.24590629668035
498,23,60.0,0.0,60.0,33.0,0.0,6.554606930699041,56.207579626990785,81.04514950872873,203.1269320881665,307.24590629668035
499,23,62.0,0.0,62.0,33.0,0.0,6.554606930699041,56.207579626990785,81.04514950872873,203.1269320881665,307.24590629668035
500,23,64.0,0.0,64.0,33.0,0.0,6.554606930699041,56.207579626990785,81.04514950872873,203.1269320881665,307.24590629668035
501,23,66.0,0.0,66.0,33.0,0.0,6.554606930699041,56.207579626990785,81.04514950872873,203.1269320881665,307.24590629668035
502,23,68.0,0.0,68.0,33.0,0.0,6.554606930699041,56.207579626990785,81.04514950872873,203.1269320881665,307.24590629668035
503,23,70.0,0.0,70.0,33.0,0.0,6.554606930699041,56.207579626990785,81.04514950872873,203.1269320881665,307.24590629668035
504,24,30.0,0.0,30.0,33.0,0.0,7.040935805868629,59.58254144990629,72.874416756924,180.8203375900144,301.04195744026254
505,24,32.0,0.0,32.0,33.0,0.0,7.040935805868629,59.58254144990629,72.874416756924,180.8203375900144,301.04195744026254
506,24,34.0,0.0,34.0,33.0,0.0,7.040935805868629,59.58254144990629,72.874416756924,180.8203375900144,301.04195744026254
507,24,36.0,0.0,36.0,33.0,0.0,7.040935805868629,59.58254144990629,72.874416756924,180.8203375900144,301.04195744026254
508,24,38.0,0.0,38.0,33.0,0.0,7.040935805868629,59.58254144990629,72.874416756924,180.8203375900144,301.04195744026254
509,24,40.0,0.0,40.0,33.0,0.0,7.040935805868629,59.58254144990629,72.874416756924,180.8203375900144,301.04195744026254
510,24,42.0,0.0,42.0,33.0,0.0,7.040935805868629,59.58254144990629,72.874416756924,180.8203375900144,301.04195744026254
511,24,44.0,0.0,44.0,33.0,0.0,7.040935805868629,59.58254144990629,72.874416756924,180.8203375900144,301.04195744026254
512,24,46.0,0.0,46.0,33.0,0.0,7.040935805868629,59.58254144990629,72.874416756924,180.8203375900144,301.04195744026254
513,24,48.0,0.0,48.0,33.0,0.0,7.040935805868629,59.58254144990629,72.874416756924,180.8203375900144,301.04195744026254
514,24,50.0,0.0,50.0,33.0,0.0,7.040935805868629,59.58254144990629,72.874416756924,180.8203375900144,301.04195744026254
515,24,52.0,0.0,52.0,33.0,0.0,7.040935805868629,59.58254144990629,72.874416756924,180.8203375900144,301.04195744026254
516,24,54.0,0.0,54.0,33.0,0.0,7.040935805868629,59.58254144990629,72.874416756924,180.8203375900144,301.04195744026254
517,24,56.0,0.0,56.0,33.0,0.0,7.040935805868629,59.58254144990629,72.874416756924,180.8203375900144,301.04195744026254
518,24,58.0,0.0,58.0,33.0,0.0,7.040935805868629,59.58254144990629,72.874416756924,180.8203375900144,301.04195744026254
519,24,60.0,0.0,60.0,33.0,0.0,7.040935805868629,59.58254144990629,72.874416756924,180.8203375900144,301.04195744026254
520,24,62.0,0.0,62.0,33.0,0.0,7.040935805868629,59.58254144990629,72.874416756924,180.8203375900144,301.04195744026254
521,24,64.0,0.0,64.0,33.0,0.0,7.040935805868629,59.58254144990629,72.874416756924,180.8203375900144,301.04195744026254
522,24,66.0,0.0,66.0,33.0,0.0,7.040935805868629,59.58254144990629,72.874416756924,180.8203375900144,301.04195744026254
523,24,68.0,0.0,68.0,33.0,0.0,7.040935805868629,59.58254144990629,72.874416756924,180.8203375900144,301.04195744026254
524,24,70.0,0.0,70.0,33.0,0.0,7.040935805868629,59.58254144990629,72.874416756924,180.8203375900144,301.04195744026254
525,25,30.0,0.0,30.0,33.0,0.0,7.072937387142119,55.10507242415626,75.02025923540545,200.24049744490074,324.88304361048057
526,25,32.0,0.0,32.0,33.0,0.0,7.072937387142119,55.10507242415626,75.02025923540545,200.24049744490074,324.88304361048057
527,25,34.0,0.0,34.0,33.0,0.0,7.072937387142119,55.10507242415626,75.02025923540545,200.24049744490074,324.88304361048057
528,25,36.0,0.0,36.0,33.0,0.0,7.072937387142119,55.10507242415626,75.02025923540545,200.24049744490074,324.88304361048057
529,25,38.0,0.0,38.0,33.0,0.0,7.072937387142119,55.10507242415626,75.02025923540545,200.24049744490074,324.88304361048057
530,25,40.0,0.0,40.0,33.0,0.0,7.072937387142119,55.10507242415626,75.02025923540545,200.24049744490074,324.88304361048057
531,25,42.0,0.0,42.0,33.0,0.0,7.072937387142119,55.10507242415626,75.02025923540545,200.24049744490074,324.88304361048057
532,25,44.0,0.0,44.0,33.0,0.0,7.072937387142119,55.10507242415626,75.02025923540545,200.24049744490074,324.88304361048057
533,25,46.0,0.0,46.0,33.0,0.0,7.072937387142119,55.10507242415626,75.02025923540545,200.24049744490074,324.88304361048057
534,25,48.0,0.0,48.0,33.0,0.0,7.072937387142119,55.10507242415626,75.02025923540545,200.24049744490074,324.88304361048057
535,25,50.0,0.0,50.0,33.0,0.0,7.072937387142119,55.10507242415626,75.02025923540545,200.24049744490074,324.88304361048057
536,25,52.0,0.0,52.0,33.0,0.0,7.072937387142119,55.10507242415626,75.02025923540545,200.24049744490074,324.88304361048057
537,25,54.0,0.0,54.0,33.0,0.0,7.072937387142119,55.10507242415626,75.02025923540545,200.24049744490074,324.88304361048057
538,25,56.0,0.0,56.0,33.0,0.0,7.072937387142119,55.10507242415626,75.02025923540545,200.24049744490074,324.88304361048057
539,25,58.0,0.0,58.0,33.0,0.0,7.072937387142119,55.10507242415626,75.02025923540545,200.24049744490074,324.88304361048057
540,25,60.0,0.0,60.0,33.0,0.0,7.072937387142119,55.10507242415626,75.02025923540545,200.24049744490074,324.88304361048057
541,25,62.0,0.0,62.0,33.0,0.0,7.072937387142119,55.10507242415626,75.02025923540545,200.24049744490074,324.88304361048057
542,25,64.0,0.0,64.0,33.0,0.0,7.072937387142119,55.10507242415626,75.02025923540545,200.24049744490074,324.88304361048057
543,25,66.0,0.0,66.0,33.0,0.0,7.072937387142119,55.10507242415626,75.02025923540545,200.24049744490074,324.88304361048057
544,25,68.0,0.0,68.0,33.0,0.0,7.072937387142119,55.10507242415626,75.02025923540545,200.24049744490074,324.88304361048057
545,25,70.0,0.0,70.0,33.0,0.0,7.072937387142119,55.10507242415626,75.02025923540545,200.24049744490074,324.88304361048057
546,26,30.0,0.0,30.0,33.0,0.0,6.928066806222691,60.336681300998166,72.59140168567909,178.2294040214985,310.60652895518365
547,26,32.0,0.0,32.0,33.0,0.0,6.928066806222691,60.336681300998166,72.59140168567909,178.2294040214985,310.60652895518365
548,26,34.0,0.0,34.0,33.0,0.0,6.928066806222691,60.336681300998166,72.59140168567909,178.2294040214985,310.60652895518365
549,26,36.0,0.0,36.0,33.0,0.0,6.928066806222691,60.336681300998166,72.59140168567909,178.2294040214985,310.60652895518365
550,26,38.0,0.0,38.0,33.0,0.0,6.928066806222691,60.336681300998166,72.59140168567909,178.2294040214985,310.60652895518365
551,26,40.0,0.0,40.0,33.0,0.0,6.928066806222691,60.336681300998166,72.59140168567909,178.2294040214985,310.60652895518365
552,26,42.0,0.0,42.0,33.0,0.0,6.928066806222691,60.336681300998166,72.59140168567909,178.2294040214985,310.60652895518365
553,26,44.0,0.0,44.0,33.0,0.0,6.928066806222691,60.336681300998166,72.59140168567909,178.2294040214985,310.60652895518365
554,26,46.0,0.0,46.0,33.0,0.0,6.928066806222691,60.336681300998166,72.59140168567909,178.2294040214985,310.60652895518365
555,26,48.0,0.0,48.0,33.0,0.0,6.928066806222691,60.336681300998166,72.59140168567909,178.2294040214985,310.60652895518365
556,26,50.0,0.0,50.0,33.0,0.0,6.928066806222691,60.336681300998166,72.59140168567909,178.2294040214985,310.60652895518365
557,26,52.0,0.0,52.0,33.0,0.0,6.928066806222691,60.336681300998166,72.59140168567909,178.2294040214985,310.60652895518365
558,26,54.0,0.0,54.0,33.0,0.0,6.928066806222691,60.336681300998166,72.59140168567909,178.2294040214985,310.60652895518365
559,26,56.0,0.0,56.0,33.0,0.0,6.928066806222691,60.336681300998166,72.59140168567909,178.2294040214985,310.60652895518365
560,26,58.0,0.0,58.0,33.0,0.0,6.928066806222691,60.336681300998166,72.59140168567909,178.2294040214985,310.60652895518365
561,26,60.0,0.0,60.0,33.0,0.0,6.928066806222691,60.336681300998166,72.59140168567909,178.2294040214985,310.60652895518365
562,26,62.0,0.0,62.0,33.0,0.0,6.928066806222691,60.336681300998166,72.59140168567909,178.2294040214985,310.60652895518365
563,26,64.0,0.0,64.0,33.0,0.0,6.928066806222691,60.336681300998166,72.59140168567909,178.2294040214985,310.60652895518365
564,26,66.0,0.0,66.0,33.0,0.0,6.928066806222691,60.336681300998166,72.59140168567909,178.2294040214985,310.60652895518365
565,26,68.0,0.0,68.0,33.0,0.0,6.928066806222691,60.336681300998166,72.59140168567909,178.2294040214985,310.60652895518365
566,26,70.0,0.0,70.0,33.0,0.0,6.928066806222691,60.336681300998166,72.59140168567909,178.2294040214985,310.60652895518365
567,27,30.0,0.0,30.0,33.0,0.0,6.427449451765442,58.01315458420385,80.79422191555489,193.84116325162452,302.9103883943551
568,27,32.0,0.0,32.0,33.0,0.0,6.427449451765442,58.01315458420385,80.79422191555489,193.84116325162452,302.9103883943551
569,27,34.0,0.0,34.0,33.0,0.0,6.427449451765442,58.01315458420385,80.79422191555489,193.84116325162452,302.9103883943551
570,27,36.0,0.0,36.0,33.0,0.0,6.427449451765442,58.01315458420385,80.79422191555489,193.84116325162452,302.9103883943551
571,27,38.0,0.0,38.0,33.0,0.0,6.427449451765442,58.01315458420385,80.79422191555489,193.84116325162452,302.9103883943551
572,27,40.0,0.0,40.0,33.0,0.0,6.427449451765442,58.01315458420385,80.79422191555489,193.84116325162452,302.9103883943551
573,27,42.0,0.0,42.0,33.0,0.0,6.427449451765442,58.01315458420385,80.79422191555489,193.84116325162452,302.9103883943551
574,27,44.0,0.0,44.0,33.0,0.0,6.427449451765442,58.01315458420385,80.79422191555489,193.84116325162452,302.9103883943551
575,27,46.0,0.0,46.0,33.0,0.0,6.427449451765442,58.01315458420385,80.79422191555489,193.84116325162452,302.9103883943551
576,27,48.0,0.0,48.0,33.0,0.0,6.427449451765442,58.01315458420385,80.79422191555489,193.84116325162452,302.9103883943551
577,27,50.0,0.0,50.0,33.0,0.0,6.427449451765442,58.01315458420385,80.79422191555489,193.84116325162452,302.9103883943551
578,27,52.0,0.0,52.0,33.0,0.0,6.427449451765442,58.01315458420385,80.79422191555489,193.84116325162452,302.9103883943551
579,27,54.0,0.0,54.0,33.0,0.0,6.427449451765442,58.01315458420385,80.79422191555489,193.84116325162452,302.9103883943551
580,27,56.0,0.0,56.0,33.0,0.0,6.427449451765442,58.01315458420385,80.79422191555489,193.84116325162452,302.9103883943551
581,27,58.0,0.0,58.0,33.0,0.0,6.427449451765442,58.01315458420385,80.79422191555489,193.84116325162452,302.9103883943551
582,27,60.0,0.0,60.0,33.0,0.0,6.427449451765442,58.01315458420385,80.79422191555489,193.84116325162452,302.9103883943551
583,27,62.0,0.0,62.0,33.0,0.0,6.427449451765442,58.01315458420385,80.79422191555489,193.84116325162452,302.9103883943551
584,27,64.0,0.0,64.0,33.0,0.0,6.427449451765442,58.01315458420385,80.79422191555489,193.84116325162452,302.9103883943551
585,27,66.0,0.0,66.0,33.0,0.0,6.427449451765442,58.01315458420385,80.79422191555489,193.84116325162452,302.9103883943551
586,27,68.0,0.0,68.0,33.0,0.0,6.427449451765442,58.01315458420385,80.79422191555489,193.84116325162452,302.9103883943551
587,27,70.0,0.0,70.0,33.0,0.0,6.427449451765442,58.01315458420385,80.79422191555489,193.84116325162452,302.9103883943551
588,28,30.0,0.0,30.0,33.0,0.0,7.0683935548789805,49.71528147857493,80.82261423803804,190.71892376263082,316.6568603698156
589,28,32.0,0.0,32.0,33.0,0.0,7.0683935548789805,49.71528147857493,80.82261423803804,190.71892376263082,316.6568603698156
590,28,34.0,0.0,34.0,33.0,0.0,7.0683935548789805,49.71528147857493,80.82261423803804,190.71892376263082,316.6568603698156
591,28,36.0,0.0,36.0,33.0,0.0,7.0683935548789805,49.71528147857493,80.82261423803804,190.71892376263082,316.6568603698156
592,28,38.0,0.0,38.0,33.0,0.0,7.0683935548789805,49.71528147857493,80.82261423803804,190.71892376263082,316.6568603698156
593,28,40.0,0.0,40.0,33.0,0.0,7.0683935548789805,49.71528147857493,80.82261423803804,190.71892376263082,316.6568603698156
594,28,42.0,0.0,42.0,33.0,0.0,7.0683935548789805,49.71528147857493,80.82261423803804,190.71892376263082,316.6568603698156
595,28,44.0,0.0,44.0,33.0,0.0,7.0683935548789805,49.71528147857493,80.82261423803804,190.71892376263082,316.6568603698156
596,28,46.0,0.0,46.0,33.0,0.0,7.0683935548789805,49.71528147857493,80.82261423803804,190.71892376263082,316.6568603698156
597,28,48.0,0.0,48.0,33.0,0.0,7.0683935548789805,49.71528147857493,80.82261423803804,190.71892376263082,316.6568603698156
598,28,50.0,0.0,50.0,33.0,0.0,7.0683935548789805,49.71528147857493,80.82261423803804,190.71892376263082,316.6568603698156
599,28,52.0,0.0,52.0,33.0,0.0,7.0683935548789805,49.71528147857493,80.82261423803804,190.71892376263082,316.6568603698156
600,28,54.0,0.0,54.0,33.0,0.0,7.0683935548789805,49.71528147857493,80.82261423803804,190.71892376263082,316.6568603698156
601,28,56.0,0.0,56.0,33.0,0.0,7.0683935548789805,49.71528147857493,80.82261423803804,190.71892376263082,316.6568603698156
602,28,58.0,0.0,58.0,33.0,0.0,7.0683935548789805,49.71528147857493,80.82261423803804,190.71892376263082,316.6568603698156
603,28,60.0,0.0,60.0,33.0,0.0,7.0683935548789805,49.71528147857493,80.82261423803804,190.71892376263082,316.6568603698156
604,28,62.0,0.0,62.0,33.0,0.0,7.0683935548789805,49.71528147857493,80.82261423803804,190.71892376263082,316.6568603698156
605,28,64.0,0.0,64.0,33.0,0.0,7.0683935548789805,49.71528147857493,80.82261423803804,190.71892376263082,316.6568603698156
606,28,66.0,0.0,66.0,33.0,0.0,7.0683935548789805,49.71528147857493,80.82261423803804,190.71892376263082,316.6568603698156
607,28,68.0,0.0,68.0,33.0,0.0,7.0683935548789805,49.71528147857493,80.82261423803804,190.71892376263082,316.6568603698156
608,28,70.0,0.0,70.0,33.0,0.0,7.0683935548789805,49.71528147857493,80.82261423803804,190.71892376263082,316.6568603698156
609,29,30.0,0.0,30.0,33.0,0.0,5.944028571921672,50.84841639348384,69.3545617805689,209.09998254643196,320.7641755157767
610,29,32.0,0.0,32.0,33.0,0.0,5.944028571921672,50.84841639348384,69.3545617805689,209.09998254643196,320.7641755157767
611,29,34.0,0.0,34.0,33.0,0.0,5.944028571921672,50.84841639348384,69.3545617805689,209.09998254643196,320.7641755157767
612,29,36.0,0.0,36.0,33.0,0.0,5.944028571921672,50.84841639348384,69.3545617805689,209.09998254643196,320.7641755157767
613,29,38.0,0.0,38.0,33.0,0.0,5.944028571921672,50.84841639348384,69.3545617805689,209.09998254643196,320.7641755157767
614,29,40.0,0.0,40.0,33.0,0.0,5.944028571921672,50.84841639348384,69.3545617805689,209.09998254643196,320.7641755157767
615,29,42.0,0.0,42.0,33.0,0.0,5.944028571921672,50.84841639348384,69.3545617805689,209.09998254643196,320.7641755157767
616,29,44.0,0.0,44.0,33.0,0.0,5.944028571921672,50.84841639348384,69.3545617805689,209.09998254643196,320.7641755157767
617,29,46.0,0.0,46.0,33.0,0.0,5.944028571921672,50.84841639348384,69.3545617805689,209.09998254643196,320.7641755157767
618,29,48.0,0.0,48.0,33.0,0.0,5.944028571921672,50.84841639348384,69.3545617805689,209.09998254643196,320.7641755157767
619,29,50.0,0.0,50.0,33.0,0.0,5.944028571921672,50.84841639348384,69.3545617805689,209.09998254643196,320.7641755157767
620,29,52.0,0.0,52.0,33.0,0.0,5.944028571921672,50.84841639348384,69.3545617805689,209.09998254643196,320.7641755157767
621,29,54.0,0.0,54.0,33.0,0.0,5.944028571921672,50.84841639348384,69.3545617805689,209.09998254643196,320.7641755157767
622,29,56.0,0.0,56.0,33.0,0.0,5.944028571921672,50.84841639348384,69.3545617805689,209.09998254643196,320.7641755157767
623,29,58.0,0.0,58.0,33.0,0.0,5.944028571921672,50.84841639348384,69.3545617805689,209.09998254643196,320.7641755157767
624,29,60.0,0.0,60.0,33.0,0.0,5.944028571921672,50.84841639348384,69.3545617805689,209.09998254643196,320.7641755157767
625,29,62.0,0.0,62.0,33.0,0.0,5.944028571921672,50.84841639348384,69.3545617805689,209.09998254643196,320.7641755157767
626,29,64.0,0.0,64.0,33.0,0.0,5.944028571921672,50.84841639348384,69.3545617805689,209.09998254643196,320.7641755157767
627,29,66.0,0.0,66.0,33.0,0.0,5.944028571921672,50.84841639348384,69.3545617805689,209.09998254643196,320.7641755157767
628,29,68.0,0.0,68.0,33.0,0.0,5.944028571921672,50.84841639348384,69.3545617805689,209.09998254643196,320.7641755157767
629,29,70.0,0.0,70.0,33.0,0.0,5.944028571921672,50.84841639348384,69.3545617805689,209.09998254643196,320.7641755157767
630,30,30.0,0.0,30.0,33.0,0.0,7.129021530701544,51.729870019108574,82.34437406418152,203.53727648070742,309.37274573965396
631,30,32.0,0.0,32.0,33.0,0.0,7.129021530701544,51.729870019108574,82.34437406418152,203.53727648070742,309.37274573965396
632,30,34.0,0.0,34.0,33.0,0.0,7.129021530701544,51.729870019108574,82.34437406418152,203.53727648070742,309.37274573965396
633,30,36.0,0.0,36.0,33.0,0.0,7.129021530701544,51.729870019108574,82.34437406418152,203.53727648070742,309.37274573965396
634,30,38.0,0.0,38.0,33.0,0.0,7.129021530701544,51.729870019108574,82.34437406418152,203.53727648070742,309.37274573965396
635,30,40.0,0.0,40.0,33.0,0.0,7.129021530701544,51.729870019108574,82.34437406418152,203.53727648070742,309.37274573965396
636,30,42.0,0.0,42.0,33.0,0.0,7.129021530701544,51.729870019108574,82.34437406418152,203.53727648070742,309.37274573965396
637,30,44.0,0.0,44.0,33.0,0.0,7.129021530701544,51.729870019108574,82.34437406418152,203.53727648070742,309.37274573965396
638,30,46.0,0.0,46.0,33.0,0.0,7.129021530701544,51.729870019108574,82.34437406418152,203.53727648070742,309.37274573965396
639,30,48.0,0.0,48.0,33.0,0.0,7.129021530701544,51.729870019108574,82.34437406418152,203.53727648070742,309.37274573965396
640,30,50.0,0.0,50.0,33.0,0.0,7.129021530701544,51.729870019108574,82.34437406418152,203.53727648070742,309.37274573965396
641,30,52.0,0.0,52.0,33.0,0.0,7.129021530701544,51.729870019108574,82.34437406418152,203.53727648070742,309.37274573965396
642,30,54.0,0.0,54.0,33.0,0.0,7.129021530701544,51.729870019108574,82.34437406418152,203.53727648070742,309.37274573965396
643,30,56.0,0.0,56.0,33.0,0.0,7.129021530701544,51.729870019108574,82.34437406418152,203.53727648070742,309.37274573965396
644,30,58.0,0.0,58.0,33.0,0.0,7.129021530701544,51.729870019108574,82.34437406418152,203.53727648070742,309.37274573965396
645,30,60.0,0.0,60.0,33.0,0.0,7.129021530701544,51.729870019108574,82.34437406418152,203.53727648070742,309.37274573965396
646,30,62.0,0.0,62.0,33.0,0.0,7.129021530701544,51.729870019108574,82.34437406418152,203.53727648070742,309.37274573965396
647,30,64.0,0.0,64.0,33.0,0.0,7.129021530701544,51.729870019108574,82.34437406418152,203.53727648070742,309.37274573965396
648,30,66.0,0.0,66.0,33.0,0.0,7.129021530701544,51.729870019108574,82.34437406418152,203.53727648070742,309.37274573965396
649,30,68.0,0.0,68.0,33.0,0.0,7.129021530701544,51.729870019108574,82.34437406418152,203.53727648070742,309.37274573965396
650,30,70.0,0.0,70.0,33.0,0.0,7.129021530701544,51.729870019108574,82.34437406418152,203.53727648070742,309.37274573965396
651,31,30.0,0.0,30.0,33.0,0.0,7.043942334381865,57.00125791827614,84.12361906606736,206.05066094965665,357.80620651939256
652,31,32.0,0.0,32.0,33.0,0.0,7.043942334381865,57.00125791827614,84.12361906606736,206.05066094965665,357.80620651939256
653,31,34.0,0.0,34.0,33.0,0.0,7.043942334381865,57.00125791827614,84.12361906606736,206.05066094965665,357.80620651939256
654,31,36.0,0.0,36.0,33.0,0.0,7.043942334381865,57.00125791827614,84.12361906606736,206.05066094965665,357.80620651939256
655,31,38.0,0.0,38.0,33.0,0.0,7.043942334381865,57.00125791827614,84.12361906606736,206.05066094965665,357.80620651939256
656,31,40.0,0.0,40.0,33.0,0.0,7.043942334381865,57.00125791827614,84.12361906606736,206.05066094965665,357.80620651939256
657,31,42.0,0.0,42.0,33.0,0.0,7.043942334381865,57.00125791827614,84.12361906606736,206.05066094965665,357.80620651939256
658,31,44.0,0.0,44.0,33.0,0.0,7.043942334381865,57.00125791827614,84.12361906606736,206.05066094965665,357.80620651939256
659,31,46.0,0.0,46.0,33.0,0.0,7.043942334381865,57.00125791827614,84.12361906606736,206.05066094965665,357.80620651939256
660,31,48.0,0.0,48.0,33.0,0.0,7.043942334381865,57.00125791827614,84.12361906606736,206.05066094965665,357.80620651939256
661,31,50.0,0.0,50.0,33.0,0.0,7.043942334381865,57.00125791827614,84.12361906606736,206.05066094965665,357.80620651939256
662,31,52.0,0.0,52.0,33.0,0.0,7.043942334381865,57.00125791827614,84.12361906606736,206.05066094965665,357.80620651939256
663,31,54.0,0.0,54.0,33.0,0.0,7.043942334381865,57.00125791827614,84.12361906606736,206.05066094965665,357.80620651939256
664,31,56.0,0.0,56.0,33.0,0.0,7.043942334381865,57.00125791827614,84.12361906606736,206.05066094965665,357.80620651939256
665,31,58.0,0.0,58.0,33.0,0.0,7.043942334381865,57.00125791827614,84.12361906606736,206.05066094965665,357.80620651939256
666,31,60.0,0.0,60.0,33.0,0.0,7.043942334381865,57.00125791827614,84.12361906606736,206.05066094965665,357.80620651939256
667,31,62.0,0.0,62.0,33.0,0.0,7.043942334381865,57.00125791827614,84.12361906606736,206.05066094965665,357.80620651939256
668,31,64.0,0.0,64.0,33.0,0.0,7.043942334381865,57.00125791827614,84.12361906606736,206.05066094965665,357.80620651939256
669,31,66.0,0.0,66.0,33.0,0.0,7.043942334381865,57.00125791827614,84.12361906606736,206.05066094965665,357.80620651939256
670,31,68.0,0.0,68.0,33.0,0.0,7.043942334381865,57.00125791827614,84.12361906606736,206.05066094965665,357.80620651939256
671,31,70.0,0.0,70.0,33.0,0.0,7.043942334381865,57.00125791827614,84.12361906606736,206.05066094965665,357.80620651939256
672,32,30.0,0.0,30.0,33.0,0.0,6.81985520369599,55.25792719704097,75.25742294076107,186.50439521956616,309.8809637484549
673,32,32.0,0.0,32.0,33.0,0.0,6.81985520369599,55.25792719704097,75.25742294076107,186.50439521956616,309.8809637484549
674,32,34.0,0.0,34.0,33.0,0.0,6.81985520369599,55.25792719704097,75.25742294076107,186.50439521956616,309.8809637484549
675,32,36.0,0.0,36.0,33.0,0.0,6.81985520369599,55.25792719704097,75.25742294076107,186.50439521956616,309.8809637484549
676,32,38.0,0.0,38.0,33.0,0.0,6.81985520369599,55.25792719704097,75.25742294076107,186.50439521956616,309.8809637484549
677,32,40.0,0.0,40.0,33.0,0.0,6.81985520369599,55.25792719704097,75.25742294076107,186.50439521956616,309.8809637484549
678,32,42.0,0.0,42.0,33.0,0.0,6.81985520369599,55.25792719704097,75.25742294076107,186.50439521956616,309.8809637484549
679,32,44.0,0.0,44.0,33.0,0.0,6.81985520369599,55.25792719704097,75.25742294076107,186.50439521956616,309.8809637484549
680,32,46.0,0.0,46.0,33.0,0.0,6.81985520369599,55.25792719704097,75.25742294076107,186.50439521956616,309.8809637484549
681,32,48.0,0.0,48.0,33.0,0.0,6.81985520369599,55.25792719704097,75.25742294076107,186.50439521956616,309.8809637484549
682,32,50.0,0.0,50.0,33.0,0.0,6.81985520369599,55.25792719704097,75.25742294076107,186.50439521956616,309.8809637484549
683,32,52.0,0.0,52.0,33.0,0.0,6.81985520369599,55.25792719704097,75.25742294076107,186.50439521956616,309.8809637484549
684,32,54.0,0.0,54.0,33.0,0.0,6.81985520369599,55.25792719704097,75.25742294076107,186.50439521956616,309.8809637484549
685,32,56.0,0.0,56.0,33.0,0.0,6.81985520369599,55.25792719704097,75.25742294076107,186.50439521956616,309.8809637484549
686,32,58.0,0.0,58.0,33.0,0.0,6.81985520369599,55.25792719704097,75.25742294076107,186.50439521956616,309.8809637484549
687,32,60.0,0.0,60.0,33.0,0.0,6.81985520369599,55.25792719704097,75.25742294076107,186.50439521956616,309.8809637484549
688,32,62.0,0.0,62.0,33.0,0.0,6.81985520369599,55.25792719704097,75.25742294076107,186.50439521956616,309.8809637484549
689,32,64.0,0.0,64.0,33.0,0.0,6.81985520369599,55.25792719704097,75.25742294076107,186.50439521956616,309.8809637484549
690,32,66.0,0.0,66.0,33.0,0.0,6.81985520369599,55.25792719704097,75.25742294076107,186.50439521956616,309.8809637484549
691,32,68.0,0.0,68.0,33.0,0.0,6.81985520369599,55.25792719704097,75.25742294076107,186.50439521956616,309.8809637484549
692,32,70.0,0.0,70.0,33.0,0.0,6.81985520369599,55.25792719704097,75.25742294076107,186.50439521956616,309.8809637484549
693,33,30.0,0.0,30.0,33.0,0.0,6.678743567072649,58.901943220394,79.76246776470994,183.27156124843253,354.6223265254259
694,33,32.0,0.0,32.0,33.0,0.0,6.678743567072649,58.901943220394,79.76246776470994,183.27156124843253,354.6223265254259
695,33,34.0,0.0,34.0,33.0,0.0,6.678743567072649,58.901943220394,79.76246776470994,183.27156124843253,354.6223265254259
696,33,36.0,0.0,36.0,33.0,0.0,6.678743567072649,58.901943220394,79.76246776470994,183.27156124843253,354.6223265254259
697,33,38.0,0.0,38.0,33.0,0.0,6.678743567072649,58.901943220394,79.76246776470994,183.27156124843253,354.6223265254259
698,33,40.0,0.0,40.0,33.0,0.0,6.678743567072649,58.901943220394,79.76246776470994,183.27156124843253,354.6223265254259
699,33,42.0,0.0,42.0,33.0,0.0,6.678743567072649,58.901943220394,79.76246776470994,183.27156124843253,354.6223265254259
700,33,44.0,0.0,44.0,33.0,0.0,6.678743567072649,58.901943220394,79.76246776470994,183.27156124843253,354.6223265254259
701,33,46.0,0.0,46.0,33.0,0.0,6.678743567072649,58.901943220394,79.76246776470994,183.27156124843253,354.6223265254259
702,33,48.0,0.0,48.0,33.0,0.0,6.678743567072649,58.901943220394,79.76246776470994,183.27156124843253,354.6223265254259
703,33,50.0,0.0,50.0,33.0,0.0,6.678743567072649,58.901943220394,79.76246776470994,183.27156124843253,354.6223265254259
704,33,52.0,0.0,52.0,33.0,0.0,6.678743567072649,58.901943220394,79.76246776470994,183.27156124843253,354.6223265254259
705,33,54.0,0.0,54.0,33.0,0.0,6.678743567072649,58.901943220394,79.76246776470994,183.27156124843253,354.6223265254259
706,33,56.0,0.0,56.0,33.0,0.0,6.678743567072649,58.901943220394,79.76246776470994,183.27156124843253,354.6223265254259
707,33,58.0,0.0,58.0,33.0,0.0,6.678743567072649,58.901943220394,79.76246776470994,183.27156124843253,354.6223265254259
708,33,60.0,0.0,60.0,33.0,0.0,6.678743567072649,58.901943220394,79.76246776470994,183.27156124843253,354.6223265254259
709,33,62.0,0.0,62.0,33.0,0.0,6.678743567072649,58.901943220394,79.76246776470994,183.27156124843253,354.6223265254259
710,33,64.0,0.0,64.0,33.0,0.0,6.678743567072649,58.901943220394,79.76246776470994,183.27156124843253,354.6223265254259
711,33,66.0,0.0,66.0,33.0,0.0,6.678743567072649,58.901943220394,79.76246776470994,183.27156124843253,354.6223265254259
712,33,68.0,0.0,68.0,33.0,0.0,6.678743567072649,58.901943220394,79.76246776470994,183.27156124843253,354.6223265254259
713,33,70.0,0.0,70.0,33.0,0.0,6.678743567072649,58.901943220394,79.76246776470994,183.27156124843253,354.6223265254259
714,34,30.0,0.0,30.0,33.0,0.0,6.692044862753532,58.68709771215877,74.74574222610552,186.65120506216243,340.66995297383124
715,34,32.0,0.0,32.0,33.0,0.0,6.692044862753532,58.68709771215877,74.74574222610552,186.65120506216243,340.66995297383124
716,34,34.0,0.0,34.0,33.0,0.0,6.692044862753532,58.68709771215877,74.74574222610552,186.65120506216243,340.66995297383124
717,34,36.0,0.0,36.0,33.0,0.0,6.692044862753532,58.68709771215877,74.74574222610552,186.65120506216243,340.66995297383124
718,34,38.0,0.0,38.0,33.0,0.0,6.692044862753532,58.68709771215877,74.74574222610552,186.65120506216243,340.66995297383124
719,34,40.0,0.0,40.0,33.0,0.0,6.692044862753532,58.68709771215877,74.74574222610552,186.65120506216243,340.66995297383124
720,34,42.0,0.0,42.0,33.0,0.0,6.692044862753532,58.68709771215877,74.74574222610552,186.65120506216243,340.66995297383124
721,34,44.0,0.0,44.0,33.0,0.0,6.692044862753532,58.68709771215877,74.74574222610552,186.65120506216243,340.66995297383124
722,34,46.0,0.0,46.0,33.0,0.0,6.692044862753532,58.68709771215877,74.74574222610552,186.65120506216243,340.66995297383124
723,34,48.0,0.0,48.0,33.0,0.0,6.692044862753532,58.68709771215877,74.74574222610552,186.65120506216243,340.66995297383124
724,34,50.0,0.0,50.0,33.0,0.0,6.692044862753532,58.68709771215877,74.74574222610552,186.65120506216243,340.66995297383124
725,34,52.0,0.0,52.0,33.0,0.0,6.692044862753532,58.68709771215877,74.74574222610552,186.65120506216243,340.66995297383124
726,34,54.0,0.0,54.0,33.0,0.0,6.692044862753532,58.68709771215877,74.74574222610552,186.65120506216243,340.66995297383124
727,34,56.0,0.0,56.0,33.0,0.0,6.692044862753532,58.68709771215877,74.74574222610552,186.65120506216243,340.66995297383124
728,34,58.0,0.0,58.0,33.0,0.0,6.692044862753532,58.68709771215877,74.74574222610552,186.65120506216243,340.66995297383124
729,34,60.0,0.0,60.0,33.0,0.0,6.692044862753532,58.68709771215877,74.74574222610552,186.65120506216243,340.66995297383124
730,34,62.0,0.0,62.0,33.0,0.0,6.692044862753532,58.68709771215877,74.74574222610552,186.65120506216243,340.66995297383124
731,34,64.0,0.0,64.0,33.0,0.0,6.692044862753532,58.68709771215877,74.74574222610552,186.65120506216243,340.66995297383124
732,34,66.0,0.0,66.0,33.0,0.0,6.692044862753532,58.68709771215877,74.74574222610552,186.65120506216243,340.66995297383124
733,34,68.0,0.0,68.0,33.0,0.0,6.692044862753532,58.68709771215877,74.74574222610552,186.65120506216243,340.66995297383124
734,34,70.0,0.0,70.0,33.0,0.0,6.692044862753532,58.68709771215877,74.74574222610552,186.65120506216243,340.66995297383124
735,35,30.0,0.0,30.0,33.0,0.0,6.291009679448061,54.12950347666719,71.44052159871593,179.76298278325422,325.1363381093833
736,35,32.0,0.0,32.0,33.0,0.0,6.291009679448061,54.12950347666719,71.44052159871593,179.76298278325422,325.1363381093833
737,35,34.0,0.0,34.0,33.0,0.0,6.291009679448061,54.12950347666719,71.44052159871593,179.76298278325422,325.1363381093833
738,35,36.0,0.0,36.0,33.0,0.0,6.291009679448061,54.12950347666719,71.44052159871593,179.76298278325422,325.1363381093833
739,35,38.0,0.0,38.0,33.0,0.0,6.291009679448061,54.12950347666719,71.44052159871593,179.76298278325422,325.1363381093833
740,35,40.0,0.0,40.0,33.0,0.0,6.291009679448061,54.12950347666719,71.44052159871593,179.76298278325422,325.1363381093833
741,35,42.0,0.0,42.0,33.0,0.0,6.291009679448061,54.12950347666719,71.44052159871593,179.76298278325422,325.1363381093833
742,35,44.0,0.0,44.0,33.0,0.0,6.291009679448061,54.12950347666719,71.44052159871593,179.76298278325422,325.1363381093833
743,35,46.0,0.0,46.0,33.0,0.0,6.291009679448061,54.12950347666719,71.44052159871593,179.76298278325422,325.1363381093833
744,35,48.0,0.0,48.0,33.0,0.0,6.291009679448061,54.12950347666719,71.44052159871593,179.76298278325422,325.1363381093833
745,35,50.0,0.0,50.0,33.0,0.0,6.291009679448061,54.12950347666719,71.44052159871593,179.76298278325422,325.1363381093833
746,35,52.0,0.0,52.0,33.0,0.0,6.291009679448061,54.12950347666719,71.44052159871593,179.76298278325422,325.1363381093833
747,35,54.0,0.0,54.0,33.0,0.0,6.291009679448061,54.12950347666719,71.44052159871593,179.76298278325422,325.1363381093833
748,35,56.0,0.0,56.0,33.0,0.0,6.291009679448061,54.12950347666719,71.44052159871593,179.76298278325422,325.1363381093833
749,35,58.0,0.0,58.0,33.0,0.0,6.291009679448061,54.12950347666719,71.44052159871593,179.76298278325422,325.1363381093833
750,35,60.0,0.0,60.0,33.0,0.0,6.291009679448061,54.12950347666719,71.44052159871593,179.76298278325422,325.1363381093833
751,35,62.0,0.0,62.0,33.0,0.0,6.291009679448061,54.12950347666719,71.44052159871593,179.76298278325422,325.1363381093833
752,35,64.0,0.0,64.0,33.0,0.0,6.291009679448061,54.12950347666719,71.44052159871593,179.76298278325422,325.1363381093833
753,35,66.0,0.0,66.0,33.0,0.0,6.291009679448061,54.12950347666719,71.44052159871593,179.76298278325422,325.1363381093833
754,35,68.0,0.0,68.0,33.0,0.0,6.291009679448061,54.12950347666719,71.44052159871593,179.76298278325422,325.1363381093833
755,35,70.0,0.0,70.0,33.0,0.0,6.291009679448061,54.12950347666719,71.44052159871593,179.76298278325422,325.1363381093833
756,36,30.0,0.0,30.0,33.0,0.0,6.580929633801787,51.61104103571988,72.18156525322438,193.1221993813491,340.15680831781737
757,36,32.0,0.0,32.0,33.0,0.0,6.580929633801787,51.61104103571988,72.18156525322438,193.1221993813491,340.15680831781737
758,36,34.0,0.0,34.0,33.0,0.0,6.580929633801787,51.61104103571988,72.18156525322438,193.1221993813491,340.15680831781737
759,36,36.0,0.0,36.0,33.0,0.0,6.580929633801787,51.61104103571988,72.18156525322438,193.1221993813491,340.15680831781737
760,36,38.0,0.0,38.0,33.0,0.0,6.580929633801787,51.61104103571988,72.18156525322438,193.1221993813491,340.15680831781737
761,36,40.0,0.0,40.0,33.0,0.0,6.580929633801787,51.61104103571988,72.18156525322438,193.1221993813491,340.15680831781737
762,36,42.0,0.0,42.0,33.0,0.0,6.580929633801787,51.61104103571988,72.18156525322438,193.1221993813491,340.15680831781737
763,36,44.0,0.0,44.0,33.0,0.0,6.580929633801787,51.61104103571988,72.18156525322438,193.1221993813491,340.15680831781737
764,36,46.0,0.0,46.0,33.0,0.0,6.580929633801787,51.61104103571988,72.18156525322438,193.1221993813491,340.15680831781737
765,36,48.0,0.0,48.0,33.0,0.0,6.580929633801787,51.61104103571988,72.18156525322438,193.1221993813491,340.15680831781737
766,36,50.0,0.0,50.0,33.0,0.0,6.580929633801787,51.61104103571988,72.18156525322438,193.1221993813491,340.15680831781737
767,36,52.0,0.0,52.0,33.0,0.0,6.580929633801787,51.61104103571988,72.18156525322438,193.1221993813491,340.15680831781737
768,36,54.0,0.0,54.0,33.0,0.0,6.580929633801787,51.61104103571988,72.18156525322438,193.1221993813491,340.15680831781737
769,36,56.0,0.0,56.0,33.0,0.0,6.580929633801787,51.61104103571988,72.18156525322438,193.1221993813491,340.15680831781737
770,36,58.0,0.0,58.0,33.0,0.0,6.580929633801787,51.61104103571988,72.18156525322438,193.1221993813491,340.15680831781737
771,36,60.0,0.0,60.0,33.0,0.0,6.580929633801787,51.61104103571988,72.18156525322438,193.1221993813491,340.15680831781737
772,36,62.0,0.0,62.0,33.0,0.0,6.580929633801787,51.61104103571988,72.18156525322438,193.1221993813491,340.15680831781737
773,36,64.0,0.0,64.0,33.0,0.0,6.580929633801787,51.61104103571988,72.18156525322438,193.1221993813491,340.15680831781737
774,36,66.0,0.0,66.0,33.0,0.0,6.580929633801787,51.61104103571988,72.18156525322438,193.1221993813491,340.15680831781737
775,36,68.0,0.0,68.0,33.0,0.0,6.580929633801787,51.61104103571988,72.18156525322438,193.1221993813491,340.15680831781737
776,36,70.0,0.0,70.0,33.0,0.0,6.580929633801787,51.61104103571988,72.18156525322438,193.1221993813491,340.15680831781737
777,37,30.0,0.0,30.0,33.0,0.0,6.461915710926663,56.28039450193152,77.36627260137213,177.65609435936523,346.4264574776986
778,37,32.0,0.0,32.0,33.0,0.0,6.461915710926663,56.28039450193152,77.36627260137213,177.65609435936523,346.4264574776986
779,37,34.0,0.0,34.0,33.0,0.0,6.461915710926663,56.28039450193152,77.36627260137213,177.65609435936523,346.4264574776986
780,37,36.0,0.0,36.0,33.0,0.0,6.461915710926663,56.28039450193152,77.36627260137213,177.65609435936523,346.4264574776986
781,37,38.0,0.0,38.0,33.0,0.0,6.461915710926663,56.28039450193152,77.36627260137213,177.65609435936523,346.4264574776986
782,37,40.0,0.0,40.0,33.0,0.0,6.461915710926663,56.28039450193152,77.36627260137213,177.65609435936523,346.4264574776986
783,37,42.0,0.0,42.0,33.0,0.0,6.461915710926663,56.28039450193152,77.36627260137213,177.65609435936523,346.4264574776986
784,37,44.0,0.0,44.0,33.0,0.0,6.461915710926663,56.28039450193152,77.36627260137213,177.65609435936523,346.4264574776986
785,37,46.0,0.0,46.0,33.0,0.0,6.461915710926663,56.28039450193152,77.36627260137213,177.65609435936523,346.4264574776986
786,37,48.0,0.0,48.0,33.0,0.0,6.461915710926663,56.28039450193152,77.36627260137213,177.65609435936523,346.4264574776986
787,37,50.0,0.0,50.0,33.0,0.0,6.461915710926663,56.28039450193152,77.36627260137213,177.65609435936523,346.4264574776986
788,37,52.0,0.0,52.0,33.0,0.0,6.461915710926663,56.28039450193152,77.36627260137213,177.65609435936523,346.4264574776986
789,37,54.0,0.0,54.0,33.0,0.0,6.461915710926663,56.28039450193152,77.36627260137213,177.65609435936523,346.4264574776986
790,37,56.0,0.0,56.0,33.0,0.0,6.461915710926663,56.28039450193152,77.36627260137213,177.65609435936523,346.4264574776986
791,37,58.0,0.0,58.0,33.0,0.0,6.461915710926663,56.28039450193152,77.36627260137213,177.65609435936523,346.4264574776986
792,37,60.0,0.0,60.0,33.0,0.0,6.461915710926663,56.28039450193152,77.36627260137213,177.65609435936523,346.4264574776986
793,37,62.0,0.0,62.0,33.0,0.0,6.461915710926663,56.28039450193152,77.36627260137213,177.65609435936523,346.4264574776986
794,37,64.0,0.0,64.0,33.0,0.0,6.461915710926663,56.28039450193152,77.36627260137213,177.65609435936523,346.4264574776986
795,37,66.0,0.0,66.0,33.0,0.0,6.461915710926663,56.28039450193152,77.36627260137213,177.65609435936523,346.4264574776986
796,37,68.0,0.0,68.0,33.0,0.0,6.461915710926663,56.28039450193152,77.36627260137213,177.65609435936523,346.4264574776986
797,37,70.0,0.0,70.0,33.0,0.0,6.461915710926663,56.28039450193152,77.36627260137213,177.65609435936523,346.4264574776986
798,38,30.0,0.0,30.0,33.0,0.0,6.616713868577336,55.991885222908444,78.19888438101292,212.96341633164917,346.00017876280384
799,38,32.0,0.0,32.0,33.0,0.0,6.616713868577336,55.991885222908444,78.19888438101292,212.96341633164917,346.00017876280384
800,38,34.0,0.0,34.0,33.0,0.0,6.616713868577336,55.991885222908444,78.19888438101292,212.96341633164917,346.00017876280384
801,38,36.0,0.0,36.0,33.0,0.0,6.616713868577336,55.991885222908444,78.19888438101292,212.96341633164917,346.00017876280384
802,38,38.0,0.0,38.0,33.0,0.0,6.616713868577336,55.991885222908444,78.19888438101292,212.96341633164917,346.00017876280384
803,38,40.0,0.0,40.0,33.0,0.0,6.616713868577336,55.991885222908444,78.19888438101292,212.96341633164917,346.00017876280384
804,38,42.0,0.0,42.0,33.0,0.0,6.616713868577336,55.991885222908444,78.19888438101292,212.96341633164917,346.00017876280384
805,38,44.0,0.0,44.0,33.0,0.0,6.616713868577336,55.991885222908444,78.19888438101292,212.96341633164917,346.00017876280384
806,38,46.0,0.0,46.0,33.0,0.0,6.616713868577336,55.991885222908444,78.19888438101292,212.96341633164917,346.00017876280384
807,38,48.0,0.0,48.0,33.0,0.0,6.616713868577336,55.991885222908444,78.19888438101292,212.96341633164917,346.00017876280384
808,38,50.0,0.0,50.0,33.0,0.0,6.616713868577336,55.991885222908444,78.19888438101292,212.96341633164917,346.00017876280384
809,38,52.0,0.0,52.0,33.0,0.0,6.616713868577336,55.991885222908444,78.19888438101292,212.96341633164917,346.00017876280384
810,38,54.0,0.0,54.0,33.0,0.0,6.616713868577336,55.991885222908444,78.19888438101292,212.96341633164917,346.00017876280384
811,38,56.0,0.0,56.0,33.0,0.0,6.616713868577336,55.991885222908444,78.19888438101292,212.96341633164917,346.00017876280384
812,38,58.0,0.0,58.0,33.0,0.0,6.616713868577336,55.991885222908444,78.19888438101292,212.96341633164917,346.00017876280384
813,38,60.0,0.0,60.0,33.0,0.0,6.616713868577336,55.991885222908444,78.19888438101292,212.96341633164917,346.00017876280384
814,38,62.0,0.0,62.0,33.0,0.0,6.616713868577336,55.991885222908444,78.19888438101292,212.96341633164917,346.00017876280384
815,38,64.0,0.0,64.0,33.0,0.0,6.616713868577336,55.991885222908444,78.19888438101292,212.96341633164917,346.00017876280384
816,38,66.0,0.0,66.0,33.0,0.0,6.616713868577336,55.991885222908444,78.19888438101292,212.96341633164917,346.00017876280384
817,38,68.0,0.0,68.0,33.0,0.0,6.616713868577336,55.991885222908444,78.19888438101292,212.96341633164917,346.00017876280384
818,38,70.0,0.0,70.0,33.0,0.0,6.616713868577336,55.991885222908444,78.19888438101292,212.96341633164917,346.00017876280384
819,39,30.0,0.0,30.0,33.0,0.0,6.608245550560799,56.640479876320704,74.78329572993229,214.31618421363808,355.9879285017086
820,39,32.0,0.0,32.0,33.0,0.0,6.608245550560799,56.640479876320704,74.78329572993229,214.31618421363808,355.9879285017086
821,39,34.0,0.0,34.0,33.0,0.0,6.608245550560799,56.640479876320704,74.78329572993229,214.31618421363808,355.9879285017086
822,39,36.0,0.0,36.0,33.0,0.0,6.608245550560799,56.640479876320704,74.78329572993229,214.31618421363808,355.9879285017086
823,39,38.0,0.0,38.0,33.0,0.0,6.608245550560799,56.640479876320704,74.78329572993229,214.31618421363808,355.9879285017086
824,39,40.0,0.0,40.0,33.0,0.0,6.608245550560799,56.640479876320704,74.78329572993229,214.31618421363808,355.9879285017086
825,39,42.0,0.0,42.0,33.0,0.0,6.608245550560799,56.640479876320704,74.78329572993229,214.31618421363808,355.9879285017086
826,39,44.0,0.0,44.0,33.0,0.0,6.608245550560799,56.640479876320704,74.78329572993229,214.31618421363808,355.9879285017086
827,39,46.0,0.0,46.0,33.0,0.0,6.608245550560799,56.640479876320704,74.78329572993229,214.31618421363808,355.9879285017086
828,39,48.0,0.0,48.0,33.0,0.0,6.608245550560799,56.640479876320704,74.78329572993229,214.31618421363808,355.9879285017086
829,39,50.0,0.0,50.0,33.0,0.0,6.608245550560799,56.640479876320704,74.78329572993229,214.31618421363808,355.9879285017086
830,39,52.0,0.0,52.0,33.0,0.0,6.608245550560799,56.640479876320704,74.78329572993229,214.31618421363808,355.9879285017086
831,39,54.0,0.0,54.0,33.0,0.0,6.608245550560799,56.640479876320704,74.78329572993229,214.31618421363808,355.9879285017086
832,39,56.0,0.0,56.0,33.0,0.0,6.608245550560799,56.640479876320704,74.78329572993229,214.31618421363808,355.9879285017086
833,39,58.0,0.0,58.0,33.0,0.0,6.608245550560799,56.640479876320704,74.78329572993229,214.31618421363808,355.9879285017086
834,39,60.0,0.0,60.0,33.0,0.0,6.608245550560799,56.640479876320704,74.78329572993229,214.31618421363808,355.9879285017086
835,39,62.0,0.0,62.0,33.0,0.0,6.608245550560799,56.640479876320704,74.78329572993229,214.31618421363808,355.9879285017086
836,39,64.0,0.0,64.0,33.0,0.0,6.608245550560799,56.640479876320704,74.78329572993229,214.31618421363808,355.9879285017086
837,39,66.0,0.0,66.0,33.0,0.0,6.608245550560799,56.640479876320704,74.78329572993229,214.31618421363808,355.9879285017086
838,39,68.0,0.0,68.0,33.0,0.0,6.608245550560799,56.640479876320704,74.78329572993229,214.31618421363808,355.9879285017086
839,39,70.0,0.0,70.0,33.0,0.0,6.608245550560799,56.640479876320704,74.78329572993229,214.31618421363808,355.9879285017086
840,40,30.0,0.0,30.0,33.0,0.0,5.97641154960988,53.97683029191492,77.5069393236591,200.09240076562983,322.31170758868114
841,40,32.0,0.0,32.0,33.0,0.0,5.97641154960988,53.97683029191492,77.5069393236591,200.09240076562983,322.31170758868114
842,40,34.0,0.0,34.0,33.0,0.0,5.97641154960988,53.97683029191492,77.5069393236591,200.09240076562983,322.31170758868114
843,40,36.0,0.0,36.0,33.0,0.0,5.97641154960988,53.97683029191492,77.5069393236591,200.09240076562983,322.31170758868114
844,40,38.0,0.0,38.0,33.0,0.0,5.97641154960988,53.97683029191492,77.5069393236591,200.09240076562983,322.31170758868114
845,40,40.0,0.0,40.0,33.0,0.0,5.97641154960988,53.97683029191492,77.5069393236591,200.09240076562983,322.31170758868114
846,40,42.0,0.0,42.0,33.0,0.0,5.97641154960988,53.97683029191492,77.5069393236591,200.09240076562983,322.31170758868114
847,40,44.0,0.0,44.0,33.0,0.0,5.97641154960988,53.97683029191492,77.5069393236591,200.09240076562983,322.31170758868114
848,40,46.0,0.0,46.0,33.0,0.0,5.97641154960988,53.97683029191492,77.5069393236591,200.09240076562983,322.31170758868114
849,40,48.0,0.0,48.0,33.0,0.0,5.97641154960988,53.97683029191492,77.5069393236591,200.09240076562983,322.31170758868114
850,40,50.0,0.0,50.0,33.0,0.0,5.97641154960988,53.97683029191492,77.5069393236591,200.09240076562983,322.31170758868114
851,40,52.0,0.0,52.0,33.0,0.0,5.97641154960988,53.97683029191492,77.5069393236591,200.09240076562983,322.31170758868114
852,40,54.0,0.0,54.0,33.0,0.0,5.97641154960988,53.97683029191492,77.5069393236591,200.09240076562983,322.31170758868114
853,40,56.0,0.0,56.0,33.0,0.0,5.97641154960988,53.97683029191492,77.5069393236591,200.09240076562983,322.31170758868114
854,40,58.0,0.0,58.0,33.0,0.0,5.97641154960988,53.97683029191492,77.5069393236591,200.09240076562983,322.31170758868114
855,40,60.0,0.0,60.0,33.0,0.0,5.97641154960988,53.97683029191492,77.5069393236591,200.09240076562983,322.31170758868114
856,40,62.0,0.0,62.0,33.0,0.0,5.97641154960988,53.97683029191492,77.5069393236591,200.09240076562983,322.31170758868114
857,40,64.0,0.0,64.0,33.0,0.0,5.97641154960988,53.97683029191492,77.5069393236591,200.09240076562983,322.31170758868114
858,40,66.0,0.0,66.0,33.0,0.0,5.97641154960988,53.97683029191492,77.5069393236591,200.09240076562983,322.31170758868114
859,40,68.0,0.0,68.0,33.0,0.0,5.97641154960988,53.97683029191492,77.5069393236591,200.09240076562983,322.31170758868114
860,40,70.0,0.0,70.0,33.0,0.0,5.97641154960988,53.97683029191492,77.5069393236591,200.09240076562983,322.31170758868114
861,41,30.0,0.0,30.0,33.0,0.0,6.931855146707619,52.25817881295122,77.4809561813165,192.870651523663,303.8097189968923
862,41,32.0,0.0,32.0,33.0,0.0,6.931855146707619,52.25817881295122,77.4809561813165,192.870651523663,303.8097189968923
863,41,34.0,0.0,34.0,33.0,0.0,6.931855146707619,52.25817881295122,77.4809561813165,192.870651523663,303.8097189968923
864,41,36.0,0.0,36.0,33.0,0.0,6.931855146707619,52.25817881295122,77.4809561813165,192.870651523663,303.8097189968923
865,41,38.0,0.0,38.0,33.0,0.0,6.931855146707619,52.25817881295122,77.4809561813165,192.870651523663,303.8097189968923
866,41,40.0,0.0,40.0,33.0,0.0,6.931855146707619,52.25817881295122,77.4809561813165,192.870651523663,303.8097189968923
867,41,42.0,0.0,42.0,33.0,0.0,6.931855146707619,52.25817881295122,77.4809561813165,192.870651523663,303.8097189968923
868,41,44.0,0.0,44.0,33.0,0.0,6.931855146707619,52.25817881295122,77.4809561813165,192.870651523663,303.8097189968923
869,41,46.0,0.0,46.0,33.0,0.0,6.931855146707619,52.25817881295122,77.4809561813165,192.870651523663,303.8097189968923
870,41,48.0,0.0,48.0,33.0,0.0,6.931855146707619,52.25817881295122,77.4809561813165,192.870651523663,303.8097189968923
871,41,50.0,0.0,50.0,33.0,0.0,6.931855146707619,52.25817881295122,77.4809561813165,192.870651523663,303.8097189968923
872,41,52.0,0.0,52.0,33.0,0.0,6.931855146707619,52.25817881295122,77.4809561813165,192.870651523663,303.8097189968923
873,41,54.0,0.0,54.0,33.0,0.0,6.931855146707619,52.25817881295122,77.4809561813165,192.870651523663,303.8097189968923
874,41,56.0,0.0,56.0,33.0,0.0,6.931855146707619,52.25817881295122,77.4809561813165,192.870651523663,303.8097189968923
875,41,58.0,0.0,58.0,33.0,0.0,6.931855146707619,52.25817881295122,77.4809561813165,192.870651523663,303.8097189968923
876,41,60.0,0.0,60.0,33.0,0.0,6.931855146707619,52.25817881295122,77.4809561813165,192.870651523663,303.8097189968923
877,41,62.0,0.0,62.0,33.0,0.0,6.931855146707619,52.25817881295122,77.4809561813165,192.870651523663,303.8097189968923
878,41,64.0,0.0,64.0,33.0,0.0,6.931855146707619,52.25817881295122,77.4809561813165,192.870651523663,303.8097189968923
879,41,66.0,0.0,66.0,33.0,0.0,6.931855146707619,52.25817881295122,77.4809561813165,192.870651523663,303.8097189968923
880,41,68.0,0.0,68.0,33.0,0.0,6.931855146707619,52.25817881295122,77.4809561813165,192.870651523663,303.8097189968923
881,41,70.0,0.0,70.0,33.0,0.0,6.931855146707619,52.25817881295122,77.4809561813165,192.870651523663,303.8097189968923
882,42,30.0,0.0,30.0,33.0,0.0,7.123928122482621,53.27864413027832,73.22787246069277,195.79025039169133,321.445662966523
883,42,32.0,0.0,32.0,33.0,0.0,7.123928122482621,53.27864413027832,73.22787246069277,195.79025039169133,321.445662966523
884,42,34.0,0.0,34.0,33.0,0.0,7.123928122482621,53.27864413027832,73.22787246069277,195.79025039169133,321.445662966523
885,42,36.0,0.0,36.0,33.0,0.0,7.123928122482621,53.27864413027832,73.22787246069277,195.79025039169133,321.445662966523
886,42,38.0,0.0,38.0,33.0,0.0,7.123928122482621,53.27864413027832,73.22787246069277,195.79025039169133,321.445662966523
887,42,40.0,0.0,40.0,33.0,0.0,7.123928122482621,53.27864413027832,73.22787246069277,195.79025039169133,321.445662966523
888,42,42.0,0.0,42.0,33.0,0.0,7.123928122482621,53.27864413027832,73.22787246069277,195.79025039169133,321.445662966523
889,42,44.0,0.0,44.0,33.0,0.0,7.123928122482621,53.27864413027832,73.22787246069277,195.79025039169133,321.445662966523
890,42,46.0,0.0,46.0,33.0,0.0,7.123928122482621,53.27864413027832,73.22787246069277,195.79025039169133,321.445662966523
891,42,48.0,0.0,48.0,33.0,0.0,7.123928122482621,53.27864413027832,73.22787246069277,195.79025039169133,321.445662966523
892,42,50.0,0.0,50.0,33.0,0.0,7.123928122482621,53.27864413027832,73.22787246069277,195.79025039169133,321.445662966523
893,42,52.0,0.0,52.0,33.0,0.0,7.123928122482621,53.27864413027832,73.22787246069277,195.79025039169133,321.445662966523
894,42,54.0,0.0,54.0,33.0,0.0,7.123928122482621,53.27864413027832,73.22787246069277,195.79025039169133,321.445662966523
895,42,56.0,0.0,56.0,33.0,0.0,7.123928122482621,53.27864413027832,73.22787246069277,195.79025039169133,321.445662966523
896,42,58.0,0.0,58.0,33.0,0.0,7.123928122482621,53.27864413027832,73.22787246069277,195.79025039169133,321.445662966523
897,42,60.0,0.0,60.0,33.0,0.0,7.123928122482621,53.27864413027832,73.22787246069277,195.79025039169133,321.445662966523
898,42,62.0,0.0,62.0,33.0,0.0,7.123928122482621,53.27864413027832,73.22787246069277,195.79025039169133,321.445662966523
899,42,64.0,0.0,64.0,33.0,0.0,7.123928122482621,53.27864413027832,73.22787246069277,195.79025039169133,321.445662966523
900,42,66.0,0.0,66.0,33.0,0.0,7.123928122482621,53.27864413027832,73.22787246069277,195.79025039169133,321.445662966523
901,42,68.0,0.0,68.0,33.0,0.0,7.123928122482621,53.27864413027832,73.22787246069277,195.79025039169133,321.445662966523
902,42,70.0,0.0,70.0,33.0,0.0,7.123928122482621,53.27864413027832,73.22787246069277,195.79025039169133,321.445662966523
903,43,30.0,0.0,30.0,33.0,0.0,6.577980903708827,53.88323667161878,79.7189001420471,188.78876165963615,346.4240230251638
904,43,32.0,0.0,32.0,33.0,0.0,6.577980903708827,53.88323667161878,79.7189001420471,188.78876165963615,346.4240230251638
905,43,34.0,0.0,34.0,33.0,0.0,6.577980903708827,53.88323667161878,79.7189001420471,188.78876165963615,346.4240230251638
906,43,36.0,0.0,36.0,33.0,0.0,6.577980903708827,53.88323667161878,79.7189001420471,188.78876165963615,346.4240230251638
907,43,38.0,0.0,38.0,33.0,0.0,6.577980903708827,53.88323667161878,79.7189001420471,188.78876165963615,346.4240230251638
908,43,40.0,0.0,40.0,33.0,0.0,6.577980903708827,53.88323667161878,79.7189001420471,188.78876165963615,346.4240230251638
909,43,42.0,0.0,42.0,33.0,0.0,6.577980903708827,53.88323667161878,79.7189001420471,188.78876165963615,346.4240230251638
910,43,44.0,0.0,44.0,33.0,0.0,6.577980903708827,53.88323667161878,79.7189001420471,188.78876165963615,346.4240230251638
911,43,46.0,0.0,46.0,33.0,0.0,6.577980903708827,53.88323667161878,79.7189001420471,188.78876165963615,346.4240230251638
912,43,48.0,0.0,48.0,33.0,0.0,6.577980903708827,53.88323667161878,79.7189001420471,188.78876165963615,346.4240230251638
913,43,50.0,0.0,50.0,33.0,0.0,6.577980903708827,53.88323667161878,79.7189001420471,188.78876165963615,346.4240230251638
914,43,52.0,0.0,52.0,33.0,0.0,6.577980903708827,53.88323667161878,79.7189001420471,188.78876165963615,346.4240230251638
915,43,54.0,0.0,54.0,33.0,0.0,6.577980903708827,53.88323667161878,79.7189001420471,188.78876165963615,346.4240230251638
916,43,56.0,0.0,56.0,33.0,0.0,6.577980903708827,53.88323667161878,79.7189001420471,188.78876165963615,346.4240230251638
917,43,58.0,0.0,58.0,33.0,0.0,6.577980903708827,53.88323667161878,79.7189001420471,188.78876165963615,346.4240230251638
918,43,60.0,0.0,60.0,33.0,0.0,6.577980903708827,53.88323667161878,79.7189001420471,188.78876165963615,346.4240230251638
919,43,62.0,0.0,62.0,33.0,0.0,6.577980903708827,53.88323667161878,79.7189001420471,188.78876165963615,346.4240230251638
920,43,64.0,0.0,64.0,33.0,0.0,6.577980903708827,53.88323667161878,79.7189001420471,188.78876165963615,346.4240230251638
921,43,66.0,0.0,66.0,33.0,0.0,6.577980903708827,53.88323667161878,79.7189001420471,188.78876165963615,346.4240230251638
922,43,68.0,0.0,68.0,33.0,0.0,6.577980903708827,53.88323667161878,79.7189001420471,188.78876165963615,346.4240230251638
923,43,70.0,0.0,70.0,33.0,0.0,6.577980903708827,53.88323667161878,79.7189001420471,188.78876165963615,346.4240230251638
924,44,30.0,0.0,30.0,33.0,0.0,6.498963244876683,55.03349838973065,80.41592971106076,191.26310236403813,358.9867107680189
925,44,32.0,0.0,32.0,33.0,0.0,6.498963244876683,55.03349838973065,80.41592971106076,191.26310236403813,358.9867107680189
926,44,34.0,0.0,34.0,33.0,0.0,6.498963244876683,55.03349838973065,80.41592971106076,191.26310236403813,358.9867107680189
927,44,36.0,0.0,36.0,33.0,0.0,6.498963244876683,55.03349838973065,80.41592971106076,191.26310236403813,358.9867107680189
928,44,38.0,0.0,38.0,33.0,0.0,6.498963244876683,55.03349838973065,80.41592971106076,191.26310236403813,358.9867107680189
929,44,40.0,0.0,40.0,33.0,0.0,6.498963244876683,55.03349838973065,80.41592971106076,191.26310236403813,358.9867107680189
930,44,42.0,0.0,42.0,33.0,0.0,6.498963244876683,55.03349838973065,80.41592971106076,191.26310236403813,358.9867107680189
931,44,44.0,0.0,44.0,33.0,0.0,6.498963244876683,55.03349838973065,80.41592971106076,191.26310236403813,358.9867107680189
932,44,46.0,0.0,46.0,33.0,0.0,6.498963244876683,55.03349838973065,80.41592971106076,191.26310236403813,358.9867107680189
933,44,48.0,0.0,48.0,33.0,0.0,6.498963244876683,55.03349838973065,80.41592971106076,191.26310236403813,358.9867107680189
934,44,50.0,0.0,50.0,33.0,0.0,6.498963244876683,55.03349838973065,80.41592971106076,191.26310236403813,358.9867107680189
935,44,52.0,0.0,52.0,33.0,0.0,6.498963244876683,55.03349838973065,80.41592971106076,191.26310236403813,358.9867107680189
936,44,54.0,0.0,54.0,33.0,0.0,6.498963244876683,55.03349838973065,80.41592971106076,191.26310236403813,358.9867107680189
937,44,56.0,0.0,56.0,33.0,0.0,6.498963244876683,55.03349838973065,80.41592971106076,191.26310236403813,358.9867107680189
938,44,58.0,0.0,58.0,33.0,0.0,6.498963244876683,55.03349838973065,80.41592971106076,191.26310236403813,358.9867107680189
939,44,60.0,0.0,60.0,33.0,0.0,6.498963244876683,55.03349838973065,80.41592971106076,191.26310236403813,358.9867107680189
940,44,62.0,0.0,62.0,33.0,0.0,6.498963244876683,55.03349838973065,80.41592971106076,191.26310236403813,358.9867107680189
941,44,64.0,0.0,64.0,33.0,0.0,6.498963244876683,55.03349838973065,80.41592971106076,191.26310236403813,358.9867107680189
942,44,66.0,0.0,66.0,33.0,0.0,6.498963244876683,55.03349838973065,80.41592971106076,191.26310236403813,358.9867107680189
943,44,68.0,0.0,68.0,33.0,0.0,6.498963244876683,55.03349838973065,80.41592971106076,191.26310236403813,358.9867107680189
944,44,70.0,0.0,70.0,33.0,0.0,6.498963244876683,55.03349838973065,80.41592971106076,191.26310236403813,358.9867107680189
945,45,30.0,0.0,30.0,33.0,0.0,6.8365587505126735,55.40146676676168,84.64354457019728,179.64655040293854,332.7021541632472
946,45,32.0,0.0,32.0,33.0,0.0,6.8365587505126735,55.40146676676168,84.64354457019728,179.64655040293854,332.7021541632472
947,45,34.0,0.0,34.0,33.0,0.0,6.8365587505126735,55.40146676676168,84.64354457019728,179.64655040293854,332.7021541632472
948,45,36.0,0.0,36.0,33.0,0.0,6.8365587505126735,55.40146676676168,84.64354457019728,179.64655040293854,332.7021541632472
949,45,38.0,0.0,38.0,33.0,0.0,6.8365587505126735,55.40146676676168,84.64354457019728,179.64655040293854,332.7021541632472
950,45,40.0,0.0,40.0,33.0,0.0,6.8365587505126735,55.40146676676168,84.64354457019728,179.64655040293854,332.7021541632472
951,45,42.0,0.0,42.0,33.0,0.0,6.8365587505126735,55.40146676676168,84.64354457019728,179.64655040293854,332.7021541632472
952,45,44.0,0.0,44.0,33.0,0.0,6.8365587505126735,55.40146676676168,84.64354457019728,179.64655040293854,332.7021541632472
953,45,46.0,0.0,46.0,33.0,0.0,6.8365587505126735,55.40146676676168,84.64354457019728,179.64655040293854,332.7021541632472
954,45,48.0,0.0,48.0,33.0,0.0,6.8365587505126735,55.40146676676168,84.64354457019728,179.64655040293854,332.7021541632472
955,45,50.0,0.0,50.0,33.0,0.0,6.8365587505126735,55.40146676676168,84.64354457019728,179.64655040293854,332.7021541632472
956,45,52.0,0.0,52.0,33.0,0.0,6.8365587505126735,55.40146676676168,84.64354457019728,179.64655040293854,332.7021541632472
957,45,54.0,0.0,54.0,33.0,0.0,6.8365587505126735,55.40146676676168,84.64354457019728,179.64655040293854,332.7021541632472
958,45,56.0,0.0,56.0,33.0,0.0,6.8365587505126735,55.40146676676168,84.64354457019728,179.64655040293854,332.7021541632472
959,45,58.0,0.0,58.0,33.0,0.0,6.8365587505126735,55.40146676676168,84.64354457019728,179.64655040293854,332.7021541632472
960,45,60.0,0.0,60.0,33.0,0.0,6.8365587505126735,55.40146676676168,84.64354457019728,179.64655040293854,332.7021541632472
961,45,62.0,0.0,62.0,33.0,0.0,6.8365587505126735,55.40146676676168,84.64354457019728,179.64655040293854,332.7021541632472
962,45,64.0,0.0,64.0,33.0,0.0,6.8365587505126735,55.40146676676168,84.64354457019728,179.64655040293854,332.7021541632472
963,45,66.0,0.0,66.0,33.0,0.0,6.8365587505126735,55.40146676676168,84.64354457019728,179.64655040293854,332.7021541632472
964,45,68.0,0.0,68.0,33.0,0.0,6.8365587505126735,55.40146676676168,84.64354457019728,179.64655040293854,332.7021541632472
965,45,70.0,0.0,70.0,33.0,0.0,6.8365587505126735,55.40146676676168,84.64354457019728,179.64655040293854,332.7021541632472
966,46,30.0,0.0,30.0,33.0,0.0,6.850023658889951,53.97083243676132,80.69312548590337,211.7577803405303,359.6442134983556
967,46,32.0,0.0,32.0,33.0,0.0,6.850023658889951,53.97083243676132,80.69312548590337,211.7577803405303,359.6442134983556
968,46,34.0,0.0,34.0,33.0,0.0,6.850023658889951,53.97083243676132,80.69312548590337,211.7577803405303,359.6442134983556
969,46,36.0,0.0,36.0,33.0,0.0,6.850023658889951,53.97083243676132,80.69312548590337,211.7577803405303,359.6442134983556
970,46,38.0,0.0,38.0,33.0,0.0,6.850023658889951,53.97083243676132,80.69312548590337,211.7577803405303,359.6442134983556
971,46,40.0,0.0,40.0,33.0,0.0,6.850023658889951,53.97083243676132,80.69312548590337,211.7577803405303,359.6442134983556
972,46,42.0,0.0,42.0,33.0,0.0,6.850023658889951,53.97083243676132,80.69312548590337,211.7577803405303,359.6442134983556
973,46,44.0,0.0,44.0,33.0,0.0,6.850023658889951,53.97083243676132,80.69312548590337,211.7577803405303,359.6442134983556
974,46,46.0,0.0,46.0,33.0,0.0,6.850023658889951,53.97083243676132,80.69312548590337,211.7577803405303,359.6442134983556
975,46,48.0,0.0,48.0,33.0,0.0,6.850023658889951,53.97083243676132,80.69312548590337,211.7577803405303,359.6442134983556
976,46,50.0,0.0,50.0,33.0,0.0,6.850023658889951,53.97083243676132,80.69312548590337,211.7577803405303,359.6442134983556
977,46,52.0,0.0,52.0,33.0,0.0,6.850023658889951,53.97083243676132,80.69312548590337,211.7577803405303,359.6442134983556
978,46,54.0,0.0,54.0,33.0,0.0,6.850023658889951,53.97083243676132,80.69312548590337,211.7577803405303,359.6442134983556
979,46,56.0,0.0,56.0,33.0,0.0,6.850023658889951,53.97083243676132,80.69312548590337,211.7577803405303,359.6442134983556
980,46,58.0,0.0,58.0,33.0,0.0,6.850023658889951,53.97083243676132,80.69312548590337,211.7577803405303,359.6442134983556
981,46,60.0,0.0,60.0,33.0,0.0,6.850023658889951,53.97083243676132,80.69312548590337,211.7577803405303,359.6442134983556
982,46,62.0,0.0,62.0,33.0,0.0,6.850023658889951,53.97083243676132,80.69312548590337,211.7577803405303,359.6442134983556
983,46,64.0,0.0,64.0,33.0,0.0,6.850023658889951,53.97083243676132,80.69312548590337,211.7577803405303,359.6442134983556
984,46,66.0,0.0,66.0,33.0,0.0,6.850023658889951,53.97083243676132,80.69312548590337,211.7577803405303,359.6442134983556
985,46,68.0,0.0,68.0,33.0,0.0,6.850023658889951,53.97083243676132,80.69312548590337,211.7577803405303,359.6442134983556
986,46,70.0,0.0,70.0,33.0,0.0,6.850023658889951,53.97083243676132,80.69312548590337,211.7577803405303,359.6442134983556
987,47,30.0,0.0,30.0,33.0,0.0,6.729630606688824,58.43665458610491,82.62372830952269,176.8630281827264,320.4396448339849
988,47,32.0,0.0,32.0,33.0,0.0,6.729630606688824,58.43665458610491,82.62372830952269,176.8630281827264,320.4396448339849
989,47,34.0,0.0,34.0,33.0,0.0,6.729630606688824,58.43665458610491,82.62372830952269,176.8630281827264,320.4396448339849
990,47,36.0,0.0,36.0,33.0,0.0,6.729630606688824,58.43665458610491,82.62372830952269,176.8630281827264,320.4396448339849
991,47,38.0,0.0,38.0,33.0,0.0,6.729630606688824,58.43665458610491,82.62372830952269,176.8630281827264,320.4396448339849
992,47,40.0,0.0,40.0,33.0,0.0,6.729630606688824,58.43665458610491,82.62372830952269,176.8630281827264,320.4396448339849
993,47,42.0,0.0,42.0,33.0,0.0,6.729630606688824,58.43665458610491,82.62372830952269,176.8630281827264,320.4396448339849
994,47,44.0,0.0,44.0,33.0,0.0,6.729630606688824,58.43665458610491,82.62372830952269,176.8630281827264,320.4396448339849
995,47,46.0,0.0,46.0,33.0,0.0,6.729630606688824,58.43665458610491,82.62372830952269,176.8630281827264,320.4396448339849
996,47,48.0,0.0,48.0,33.0,0.0,6.729630606688824,58.43665458610491,82.62372830952269,176.8630281827264,320.4396448339849
997,47,50.0,0.0,50.0,33.0,0.0,6.729630606688824,58.43665458610491,82.62372830952269,176.8630281827264,320.4396448339849
998,47,52.0,0.0,52.0,33.0,0.0,6.729630606688824,58.43665458610491,82.62372830952269,176.8630281827264,320.4396448339849
999,47,54.0,0.0,54.0,33.0,0.0,6.729630606688824,58.43665458610491,82.62372830952269,176.8630281827264,320.4396448339849
1000,47,56.0,0.0,56.0,33.0,0.0,6.729630606688824,58.43665458610491,82.62372830952269,176.8630281827264,320.4396448339849
1001,47,58.0,0.0,58.0,33.0,0.0,6.729630606688824,58.43665458610491,82.62372830952269,176.8630281827264,320.4396448339849
1002,47,60.0,0.0,60.0,33.0,0.0,6.729630606688824,58.43665458610491,82.62372830952269,176.8630281827264,320.4396448339849
1003,47,62.0,0.0,62.0,33.0,0.0,6.729630606688824,58.43665458610491,82.62372830952269,176.8630281827264,320.4396448339849
1004,47,64.0,0.0,64.0,33.0,0.0,6.729630606688824,58.43665458610491,82.62372830952269,176.8630281827264,320.4396448339849
1005,47,66.0,0.0,66.0,33.0,0.0,6.729630606688824,58.43665458610491,82.62372830952269,176.8630281827264,320.4396448339849
1006,47,68.0,0.0,68.0,33.0,0.0,6.729630606688824,58.43665458610491,82.62372830952269,176.8630281827264,320.4396448339849
1007,47,70.0,0.0,70.0,33.0,0.0,6.729630606688824,58.43665458610491,82.62372830952269,176.8630281827264,320.4396448339849
1008,48,30.0,0.0,30.0,33.0,0.0,6.022112994023533,55.6809459190861,71.3512260733238,211.89250910342227,308.31347603068605
1009,48,32.0,0.0,32.0,33.0,0.0,6.022112994023533,55.6809459190861,71.3512260733238,211.89250910342227,308.31347603068605
1010,48,34.0,0.0,34.0,33.0,0.0,6.022112994023533,55.6809459190861,71.3512260733238,211.89250910342227,308.31347603068605
1011,48,36.0,0.0,36.0,33.0,0.0,6.022112994023533,55.6809459190861,71.3512260733238,211.89250910342227,308.31347603068605
1012,48,38.0,0.0,38.0,33.0,0.0,6.022112994023533,55.6809459190861,71.3512260733238,211.89250910342227,308.31347603068605
1013,48,40.0,0.0,40.0,33.0,0.0,6.022112994023533,55.6809459190861,71.3512260733238,211.89250910342227,308.31347603068605
1014,48,42.0,0.0,42.0,33.0,0.0,6.022112994023533,55.6809459190861,71.3512260733238,211.89250910342227,308.31347603068605
1015,48,44.0,0.0,44.0,33.0,0.0,6.022112994023533,55.6809459190861,71.3512260733238,211.89250910342227,308.31347603068605
1016,48,46.0,0.0,46.0,33.0,0.0,6.022112994023533,55.6809459190861,71.3512260733238,211.89250910342227,308.31347603068605
1017,48,48.0,0.0,48.0,33.0,0.0,6.022112994023533,55.6809459190861,71.3512260733238,211.89250910342227,308.31347603068605
1018,48,50.0,0.0,50.0,33.0,0.0,6.022112994023533,55.6809459190861,71.3512260733238,211.89250910342227,308.31347603068605
1019,48,52.0,0.0,52.0,33.0,0.0,6.022112994023533,55.6809459190861,71.3512260733238,211.89250910342227,308.31347603068605
1020,48,54.0,0.0,54.0,33.0,0.0,6.022112994023533,55.6809459190861,71.3512260733238,211.89250910342227,308.31347603068605
1021,48,56.0,0.0,56.0,33.0,0.0,6.022112994023533,55.6809459190861,71.3512260733238,211.89250910342227,308.31347603068605
1022,48,58.0,0.0,58.0,33.0,0.0,6.022112994023533,55.6809459190861,71.3512260733238,211.89250910342227,308.31347603068605
1023,48,60.0,0.0,60.0,33.0,0.0,6.022112994023533,55.6809459190861,71.3512260733238,211.89250910342227,308.31347603068605
1024,48,62.0,0.0,62.0,33.0,0.0,6.022112994023533,55.6809459190861,71.3512260733238,211.89250910342227,308.31347603068605
1025,48,64.0,0.0,64.0,33.0,0.0,6.022112994023533,55.6809459190861,71.3512260733238,211.89250910342227,308.31347603068605
1026,48,66.0,0.0,66.0,33.0,0.0,6.022112994023533,55.6809459190861,71.3512260733238,211.89250910342227,308.31347603068605
1027,48,68.0,0.0,68.0,33.0,0.0,6.022112994023533,55.6809459190861,71.3512260733238,211.89250910342227,308.31347603068605
1028,48,70.0,0.0,70.0,33.0,0.0,6.022112994023533,55.6809459190861,71.3512260733238,211.89250910342227,308.31347603068605
1029,49,30.0,0.0,30.0,33.0,0.0,6.907029552402237,57.6230203621214,72.75752039044532,194.135621743245,298.1546426171688
1030,49,32.0,0.0,32.0,33.0,0.0,6.907029552402237,57.6230203621214,72.75752039044532,194.135621743245,298.1546426171688
1031,49,34.0,0.0,34.0,33.0,0.0,6.907029552402237,57.6230203621214,72.75752039044532,194.135621743245,298.1546426171688
1032,49,36.0,0.0,36.0,33.0,0.0,6.907029552402237,57.6230203621214,72.75752039044532,194.135621743245,298.1546426171688
1033,49,38.0,0.0,38.0,33.0,0.0,6.907029552402237,57.6230203621214,72.75752039044532,194.135621743245,298.1546426171688
1034,49,40.0,0.0,40.0,33.0,0.0,6.907029552402237,57.6230203621214,72.75752039044532,194.135621743245,298.1546426171688
1035,49,42.0,0.0,42.0,33.0,0.0,6.907029552402237,57.6230203621214,72.75752039044532,194.135621743245,298.1546426171688
1036,49,44.0,0.0,44.0,33.0,0.0,6.907029552402237,57.6230203621214,72.75752039044532,194.135621743245,298.1546426171688
1037,49,46.0,0.0,46.0,33.0,0.0,6.907029552402237,57.6230203621214,72.75752039044532,194.135621743245,298.1546426171688
1038,49,48.0,0.0,48.0,33.0,0.0,6.907029552402237,57.6230203621214,72.75752039044532,194.135621743245,298.1546426171688
1039,49,50.0,0.0,50.0,33.0,0.0,6.907029552402237,57.6230203621214,72.75752039044532,194.135621743245,298.1546426171688
1040,49,52.0,0.0,52.0,33.0,0.0,6.907029552402237,57.6230203621214,72.75752039044532,194.135621743245,298.1546426171688
1041,49,54.0,0.0,54.0,33.0,0.0,6.907029552402237,57.6230203621214,72.75752039044532,194.135621743245,298.1546426171688
1042,49,56.0,0.0,56.0,33.0,0.0,6.907029552402237,57.6230203621214,72.75752039044532,194.135621743245,298.1546426171688
1043,49,58.0,0.0,58.0,33.0,0.0,6.907029552402237,57.6230203621214,72.75752039044532,194.135621743245,298.1546426171688
1044,49,60.0,0.0,60.0,33.0,0.0,6.907029552402237,57.6230203621214,72.75752039044532,194.135621743245,298.1546426171688
1045,49,62.0,0.0,62.0,33.0,0.0,6.907029552402237,57.6230203621214,72.75752039044532,194.135621743245,298.1546426171688
1046,49,64.0,0.0,64.0,33.0,0.0,6.907029552402237,57.6230203621214,72.75752039044532,194.135621743245,298.1546426171688
1047,49,66.0,0.0,66.0,33.0,0.0,6.907029552402237,57.6230203621214,72.75752039044532,194.135621743245,298.1546426171688
1048,49,68.0,0.0,68.0,33.0,0.0,6.907029552402237,57.6230203621214,72.75752039044532,194.135621743245,298.1546426171688
1049,49,70.0,0.0,70.0,33.0,0.0,6.907029552402237,57.6230203621214,72.75752039044532,194.135621743245,298.1546426171688
